CZ_LNK_KEY,P_YYYYMMDD,ID,THREAD_ID,RUN_ID,SEARCH_QUERY,SEARCH_RESULT,CREATED_AT,STATUS,FIRST_RESPONSE_LATENCY_MS,WAS_CACHE_HIT,SEARCH_QUERY_TYPE,REWRITE_SEARCH_QUERY,SEARCH_RESULT_REFERENCE_TEMPLATE_NAME,IS_FALLBACK_SEARCH_RESULT,BQ_LOAD_DTTM,BQ_LOAD_USER_ID
110001,2026-09-07,100011,THREAD-VAS-B-0001,RUN-VAS-B-0001-1,구글원 옵션 바꾸기,가입정보 메뉴에서 부가서비스를 확인할 수 있습니다.,2026-09-07T18:10:00,failed,685.0,False,initial,부가서비스 조회/해지,VAS_GUIDE_NO_CTA,N,2026-09-07T20:10:00,synthetic-seeder
110001,2026-09-07,100012,THREAD-VAS-B-0001,RUN-VAS-B-0001-2,구글원 부가서비스 변경,가입정보 메뉴에서 부가서비스를 확인할 수 있습니다.,2026-09-07T18:20:00,failed,685.0,True,repeat,부가서비스 조회/해지,VAS_GUIDE_NO_CTA,N,2026-09-07T20:20:00,synthetic-seeder
110002,2026-09-07,100021,THREAD-VAS-B-0002,RUN-VAS-B-0002-1,구글원 부가서비스 변경,가입정보 메뉴에서 부가서비스를 확인할 수 있습니다.,2026-09-07T18:10:00,failed,720.0,False,initial,부가서비스 조회/해지,VAS_GUIDE_NO_CTA,N,2026-09-07T20:10:00,synthetic-seeder
110002,2026-09-07,100022,THREAD-VAS-B-0002,RUN-VAS-B-0002-2,구글원 용량 변경 방법,가입정보 메뉴에서 부가서비스를 확인할 수 있습니다.,2026-09-07T18:20:00,failed,720.0,True,repeat,부가서비스 조회/해지,VAS_GUIDE_NO_CTA,N,2026-09-07T20:20:00,synthetic-seeder
110003,2026-09-07,100031,THREAD-VAS-B-0003,RUN-VAS-B-0003-1,구글원 용량 변경 방법,가입정보 메뉴에서 부가서비스를 확인할 수 있습니다.,2026-09-07T18:10:00,failed,755.0,False,initial,부가서비스 조회/해지,VAS_GUIDE_NO_CTA,N,2026-09-07T20:10:00,synthetic-seeder
110003,2026-09-07,100032,THREAD-VAS-B-0003,RUN-VAS-B-0003-2,구글원 200GB로 변경,가입정보 메뉴에서 부가서비스를 확인할 수 있습니다.,2026-09-07T18:20:00,failed,755.0,True,repeat,부가서비스 조회/해지,VAS_GUIDE_NO_CTA,N,2026-09-07T20:20:00,synthetic-seeder
110004,2026-09-07,100041,THREAD-VAS-B-0004,RUN-VAS-B-0004-1,구글원 200GB로 변경,가입정보 메뉴에서 부가서비스를 확인할 수 있습니다.,2026-09-07T18:10:00,failed,790.0,False,initial,부가서비스 조회/해지,VAS_GUIDE_NO_CTA,N,2026-09-07T20:10:00,synthetic-seeder
110004,2026-09-07,100042,THREAD-VAS-B-0004,RUN-VAS-B-0004-2,구글원 저장공간 변경,가입정보 메뉴에서 부가서비스를 확인할 수 있습니다.,2026-09-07T18:20:00,failed,790.0,True,repeat,부가서비스 조회/해지,VAS_GUIDE_NO_CTA,N,2026-09-07T20:20:00,synthetic-seeder
110005,2026-09-08,100051,THREAD-VAS-B-0005,RUN-VAS-B-0005-1,구글원 저장공간 변경,가입정보 메뉴에서 부가서비스를 확인할 수 있습니다.,2026-09-08T18:10:00,failed,825.0,False,initial,부가서비스 조회/해지,VAS_GUIDE_NO_CTA,N,2026-09-08T20:10:00,synthetic-seeder
110005,2026-09-08,100052,THREAD-VAS-B-0005,RUN-VAS-B-0005-2,구글원 100GB에서 200GB 변경,가입정보 메뉴에서 부가서비스를 확인할 수 있습니다.,2026-09-08T18:20:00,failed,825.0,True,repeat,부가서비스 조회/해지,VAS_GUIDE_NO_CTA,N,2026-09-08T20:20:00,synthetic-seeder
110006,2026-09-09,100061,THREAD-VAS-B-0006,RUN-VAS-B-0006-1,구글원 100GB에서 200GB 변경,가입정보 메뉴에서 부가서비스를 확인할 수 있습니다.,2026-09-09T18:10:00,failed,860.0,False,initial,부가서비스 조회/해지,VAS_GUIDE_NO_CTA,N,2026-09-09T20:10:00,synthetic-seeder
110006,2026-09-09,100062,THREAD-VAS-B-0006,RUN-VAS-B-0006-2,구글원 옵션 바꾸기,가입정보 메뉴에서 부가서비스를 확인할 수 있습니다.,2026-09-09T18:20:00,failed,860.0,True,repeat,부가서비스 조회/해지,VAS_GUIDE_NO_CTA,N,2026-09-09T20:20:00,synthetic-seeder
110007,2026-09-10,100071,THREAD-VAS-B-0007,RUN-VAS-B-0007-1,구글원 옵션 바꾸기,가입정보 메뉴에서 부가서비스를 확인할 수 있습니다.,2026-09-10T18:10:00,failed,650.0,False,initial,부가서비스 조회/해지,VAS_GUIDE_NO_CTA,N,2026-09-10T20:10:00,synthetic-seeder
110007,2026-09-10,100072,THREAD-VAS-B-0007,RUN-VAS-B-0007-2,구글원 부가서비스 변경,가입정보 메뉴에서 부가서비스를 확인할 수 있습니다.,2026-09-10T18:20:00,failed,650.0,True,repeat,부가서비스 조회/해지,VAS_GUIDE_NO_CTA,N,2026-09-10T20:20:00,synthetic-seeder
110008,2026-09-07,100081,THREAD-VAS-B-0008,RUN-VAS-B-0008-1,구글원 부가서비스 변경,가입정보 메뉴에서 부가서비스를 확인할 수 있습니다.,2026-09-07T18:10:00,failed,685.0,False,initial,부가서비스 조회/해지,VAS_GUIDE_NO_CTA,N,2026-09-07T20:10:00,synthetic-seeder
110008,2026-09-07,100082,THREAD-VAS-B-0008,RUN-VAS-B-0008-2,구글원 용량 변경 방법,가입정보 메뉴에서 부가서비스를 확인할 수 있습니다.,2026-09-07T18:20:00,failed,685.0,True,repeat,부가서비스 조회/해지,VAS_GUIDE_NO_CTA,N,2026-09-07T20:20:00,synthetic-seeder
110009,2026-09-07,100091,THREAD-VAS-B-0009,RUN-VAS-B-0009-1,구글원 용량 변경 방법,가입정보 메뉴에서 부가서비스를 확인할 수 있습니다.,2026-09-07T18:10:00,failed,720.0,False,initial,부가서비스 조회/해지,VAS_GUIDE_NO_CTA,N,2026-09-07T20:10:00,synthetic-seeder
110009,2026-09-07,100092,THREAD-VAS-B-0009,RUN-VAS-B-0009-2,구글원 200GB로 변경,가입정보 메뉴에서 부가서비스를 확인할 수 있습니다.,2026-09-07T18:20:00,failed,720.0,True,repeat,부가서비스 조회/해지,VAS_GUIDE_NO_CTA,N,2026-09-07T20:20:00,synthetic-seeder
110010,2026-09-07,100101,THREAD-VAS-B-0010,RUN-VAS-B-0010-1,구글원 200GB로 변경,가입정보 메뉴에서 부가서비스를 확인할 수 있습니다.,2026-09-07T18:10:00,failed,755.0,False,initial,부가서비스 조회/해지,VAS_GUIDE_NO_CTA,N,2026-09-07T20:10:00,synthetic-seeder
110010,2026-09-07,100102,THREAD-VAS-B-0010,RUN-VAS-B-0010-2,구글원 저장공간 변경,가입정보 메뉴에서 부가서비스를 확인할 수 있습니다.,2026-09-07T18:20:00,failed,755.0,True,repeat,부가서비스 조회/해지,VAS_GUIDE_NO_CTA,N,2026-09-07T20:20:00,synthetic-seeder
110011,2026-09-07,100111,THREAD-VAS-B-0011,RUN-VAS-B-0011-1,구글원 저장공간 변경,가입정보 메뉴에서 부가서비스를 확인할 수 있습니다.,2026-09-07T18:10:00,failed,790.0,False,initial,부가서비스 조회/해지,VAS_GUIDE_NO_CTA,N,2026-09-07T20:10:00,synthetic-seeder
110011,2026-09-07,100112,THREAD-VAS-B-0011,RUN-VAS-B-0011-2,구글원 100GB에서 200GB 변경,가입정보 메뉴에서 부가서비스를 확인할 수 있습니다.,2026-09-07T18:20:00,failed,790.0,True,repeat,부가서비스 조회/해지,VAS_GUIDE_NO_CTA,N,2026-09-07T20:20:00,synthetic-seeder
110012,2026-09-08,100121,THREAD-VAS-B-0012,RUN-VAS-B-0012-1,구글원 100GB에서 200GB 변경,가입정보 메뉴에서 부가서비스를 확인할 수 있습니다.,2026-09-08T18:10:00,failed,825.0,False,initial,부가서비스 조회/해지,VAS_GUIDE_NO_CTA,N,2026-09-08T20:10:00,synthetic-seeder
110012,2026-09-08,100122,THREAD-VAS-B-0012,RUN-VAS-B-0012-2,구글원 옵션 바꾸기,가입정보 메뉴에서 부가서비스를 확인할 수 있습니다.,2026-09-08T18:20:00,failed,825.0,True,repeat,부가서비스 조회/해지,VAS_GUIDE_NO_CTA,N,2026-09-08T20:20:00,synthetic-seeder
110013,2026-09-09,100131,THREAD-VAS-B-0013,RUN-VAS-B-0013-1,구글원 옵션 바꾸기,가입정보 메뉴에서 부가서비스를 확인할 수 있습니다.,2026-09-09T18:10:00,failed,860.0,False,initial,부가서비스 조회/해지,VAS_GUIDE_NO_CTA,N,2026-09-09T20:10:00,synthetic-seeder
110013,2026-09-09,100132,THREAD-VAS-B-0013,RUN-VAS-B-0013-2,구글원 부가서비스 변경,가입정보 메뉴에서 부가서비스를 확인할 수 있습니다.,2026-09-09T18:20:00,failed,860.0,True,repeat,부가서비스 조회/해지,VAS_GUIDE_NO_CTA,N,2026-09-09T20:20:00,synthetic-seeder
110014,2026-09-10,100141,THREAD-VAS-B-0014,RUN-VAS-B-0014-1,구글원 부가서비스 변경,가입정보 메뉴에서 부가서비스를 확인할 수 있습니다.,2026-09-10T18:10:00,failed,650.0,False,initial,부가서비스 조회/해지,VAS_GUIDE_NO_CTA,N,2026-09-10T20:10:00,synthetic-seeder
110014,2026-09-10,100142,THREAD-VAS-B-0014,RUN-VAS-B-0014-2,구글원 용량 변경 방법,가입정보 메뉴에서 부가서비스를 확인할 수 있습니다.,2026-09-10T18:20:00,failed,650.0,True,repeat,부가서비스 조회/해지,VAS_GUIDE_NO_CTA,N,2026-09-10T20:20:00,synthetic-seeder
110015,2026-09-07,100151,THREAD-VAS-B-0015,RUN-VAS-B-0015-1,구글원 용량 변경 방법,가입정보 메뉴에서 부가서비스를 확인할 수 있습니다.,2026-09-07T18:10:00,failed,685.0,False,initial,부가서비스 조회/해지,VAS_GUIDE_NO_CTA,N,2026-09-07T20:10:00,synthetic-seeder
110015,2026-09-07,100152,THREAD-VAS-B-0015,RUN-VAS-B-0015-2,구글원 200GB로 변경,가입정보 메뉴에서 부가서비스를 확인할 수 있습니다.,2026-09-07T18:20:00,failed,685.0,True,repeat,부가서비스 조회/해지,VAS_GUIDE_NO_CTA,N,2026-09-07T20:20:00,synthetic-seeder
110016,2026-09-07,100161,THREAD-VAS-B-0016,RUN-VAS-B-0016-1,구글원 200GB로 변경,가입정보 메뉴에서 부가서비스를 확인할 수 있습니다.,2026-09-07T18:10:00,failed,720.0,False,initial,부가서비스 조회/해지,VAS_GUIDE_NO_CTA,N,2026-09-07T20:10:00,synthetic-seeder
110016,2026-09-07,100162,THREAD-VAS-B-0016,RUN-VAS-B-0016-2,구글원 저장공간 변경,가입정보 메뉴에서 부가서비스를 확인할 수 있습니다.,2026-09-07T18:20:00,failed,720.0,True,repeat,부가서비스 조회/해지,VAS_GUIDE_NO_CTA,N,2026-09-07T20:20:00,synthetic-seeder
110017,2026-09-07,100171,THREAD-VAS-B-0017,RUN-VAS-B-0017-1,구글원 저장공간 변경,가입정보 메뉴에서 부가서비스를 확인할 수 있습니다.,2026-09-07T18:10:00,failed,755.0,False,initial,부가서비스 조회/해지,VAS_GUIDE_NO_CTA,N,2026-09-07T20:10:00,synthetic-seeder
110017,2026-09-07,100172,THREAD-VAS-B-0017,RUN-VAS-B-0017-2,구글원 100GB에서 200GB 변경,가입정보 메뉴에서 부가서비스를 확인할 수 있습니다.,2026-09-07T18:20:00,failed,755.0,True,repeat,부가서비스 조회/해지,VAS_GUIDE_NO_CTA,N,2026-09-07T20:20:00,synthetic-seeder
110018,2026-09-07,100181,THREAD-VAS-B-0018,RUN-VAS-B-0018-1,구글원 100GB에서 200GB 변경,가입정보 메뉴에서 부가서비스를 확인할 수 있습니다.,2026-09-07T18:10:00,failed,790.0,False,initial,부가서비스 조회/해지,VAS_GUIDE_NO_CTA,N,2026-09-07T20:10:00,synthetic-seeder
110018,2026-09-07,100182,THREAD-VAS-B-0018,RUN-VAS-B-0018-2,구글원 옵션 바꾸기,가입정보 메뉴에서 부가서비스를 확인할 수 있습니다.,2026-09-07T18:20:00,failed,790.0,True,repeat,부가서비스 조회/해지,VAS_GUIDE_NO_CTA,N,2026-09-07T20:20:00,synthetic-seeder
110019,2026-09-08,100191,THREAD-VAS-B-0019,RUN-VAS-B-0019-1,구글원 옵션 바꾸기,가입정보 메뉴에서 부가서비스를 확인할 수 있습니다.,2026-09-08T18:10:00,failed,825.0,False,initial,부가서비스 조회/해지,VAS_GUIDE_NO_CTA,N,2026-09-08T20:10:00,synthetic-seeder
110019,2026-09-08,100192,THREAD-VAS-B-0019,RUN-VAS-B-0019-2,구글원 부가서비스 변경,가입정보 메뉴에서 부가서비스를 확인할 수 있습니다.,2026-09-08T18:20:00,failed,825.0,True,repeat,부가서비스 조회/해지,VAS_GUIDE_NO_CTA,N,2026-09-08T20:20:00,synthetic-seeder
110020,2026-09-09,100201,THREAD-VAS-B-0020,RUN-VAS-B-0020-1,구글원 부가서비스 변경,가입정보 메뉴에서 부가서비스를 확인할 수 있습니다.,2026-09-09T18:10:00,failed,860.0,False,initial,부가서비스 조회/해지,VAS_GUIDE_NO_CTA,N,2026-09-09T20:10:00,synthetic-seeder
110020,2026-09-09,100202,THREAD-VAS-B-0020,RUN-VAS-B-0020-2,구글원 용량 변경 방법,가입정보 메뉴에서 부가서비스를 확인할 수 있습니다.,2026-09-09T18:20:00,failed,860.0,True,repeat,부가서비스 조회/해지,VAS_GUIDE_NO_CTA,N,2026-09-09T20:20:00,synthetic-seeder
110021,2026-09-10,100211,THREAD-VAS-B-0021,RUN-VAS-B-0021-1,구글원 용량 변경 방법,가입정보 메뉴에서 부가서비스를 확인할 수 있습니다.,2026-09-10T18:10:00,failed,650.0,False,initial,부가서비스 조회/해지,VAS_GUIDE_NO_CTA,N,2026-09-10T20:10:00,synthetic-seeder
110021,2026-09-10,100212,THREAD-VAS-B-0021,RUN-VAS-B-0021-2,구글원 200GB로 변경,가입정보 메뉴에서 부가서비스를 확인할 수 있습니다.,2026-09-10T18:20:00,failed,650.0,True,repeat,부가서비스 조회/해지,VAS_GUIDE_NO_CTA,N,2026-09-10T20:20:00,synthetic-seeder
110022,2026-09-07,100221,THREAD-VAS-B-0022,RUN-VAS-B-0022-1,구글원 200GB로 변경,가입정보 메뉴에서 부가서비스를 확인할 수 있습니다.,2026-09-07T18:10:00,failed,685.0,False,initial,부가서비스 조회/해지,VAS_GUIDE_NO_CTA,N,2026-09-07T20:10:00,synthetic-seeder
110022,2026-09-07,100222,THREAD-VAS-B-0022,RUN-VAS-B-0022-2,구글원 저장공간 변경,가입정보 메뉴에서 부가서비스를 확인할 수 있습니다.,2026-09-07T18:20:00,failed,685.0,True,repeat,부가서비스 조회/해지,VAS_GUIDE_NO_CTA,N,2026-09-07T20:20:00,synthetic-seeder
110023,2026-09-07,100231,THREAD-VAS-B-0023,RUN-VAS-B-0023-1,구글원 저장공간 변경,가입정보 메뉴에서 부가서비스를 확인할 수 있습니다.,2026-09-07T18:10:00,failed,720.0,False,initial,부가서비스 조회/해지,VAS_GUIDE_NO_CTA,N,2026-09-07T20:10:00,synthetic-seeder
110023,2026-09-07,100232,THREAD-VAS-B-0023,RUN-VAS-B-0023-2,구글원 100GB에서 200GB 변경,가입정보 메뉴에서 부가서비스를 확인할 수 있습니다.,2026-09-07T18:20:00,failed,720.0,True,repeat,부가서비스 조회/해지,VAS_GUIDE_NO_CTA,N,2026-09-07T20:20:00,synthetic-seeder
110024,2026-09-07,100241,THREAD-VAS-B-0024,RUN-VAS-B-0024-1,구글원 100GB에서 200GB 변경,가입정보 메뉴에서 부가서비스를 확인할 수 있습니다.,2026-09-07T18:10:00,failed,755.0,False,initial,부가서비스 조회/해지,VAS_GUIDE_NO_CTA,N,2026-09-07T20:10:00,synthetic-seeder
110024,2026-09-07,100242,THREAD-VAS-B-0024,RUN-VAS-B-0024-2,구글원 옵션 바꾸기,가입정보 메뉴에서 부가서비스를 확인할 수 있습니다.,2026-09-07T18:20:00,failed,755.0,True,repeat,부가서비스 조회/해지,VAS_GUIDE_NO_CTA,N,2026-09-07T20:20:00,synthetic-seeder
110025,2026-09-07,100251,THREAD-VAS-B-0025,RUN-VAS-B-0025-1,구글원 옵션 바꾸기,가입정보 메뉴에서 부가서비스를 확인할 수 있습니다.,2026-09-07T18:10:00,failed,790.0,False,initial,부가서비스 조회/해지,VAS_GUIDE_NO_CTA,N,2026-09-07T20:10:00,synthetic-seeder
110025,2026-09-07,100252,THREAD-VAS-B-0025,RUN-VAS-B-0025-2,구글원 부가서비스 변경,가입정보 메뉴에서 부가서비스를 확인할 수 있습니다.,2026-09-07T18:20:00,failed,790.0,True,repeat,부가서비스 조회/해지,VAS_GUIDE_NO_CTA,N,2026-09-07T20:20:00,synthetic-seeder
110026,2026-09-08,100261,THREAD-VAS-B-0026,RUN-VAS-B-0026-1,구글원 부가서비스 변경,가입정보 메뉴에서 부가서비스를 확인할 수 있습니다.,2026-09-08T18:10:00,failed,825.0,False,initial,부가서비스 조회/해지,VAS_GUIDE_NO_CTA,N,2026-09-08T20:10:00,synthetic-seeder
110026,2026-09-08,100262,THREAD-VAS-B-0026,RUN-VAS-B-0026-2,구글원 용량 변경 방법,가입정보 메뉴에서 부가서비스를 확인할 수 있습니다.,2026-09-08T18:20:00,failed,825.0,True,repeat,부가서비스 조회/해지,VAS_GUIDE_NO_CTA,N,2026-09-08T20:20:00,synthetic-seeder
110027,2026-09-09,100271,THREAD-VAS-B-0027,RUN-VAS-B-0027-1,구글원 용량 변경 방법,가입정보 메뉴에서 부가서비스를 확인할 수 있습니다.,2026-09-09T18:10:00,failed,860.0,False,initial,부가서비스 조회/해지,VAS_GUIDE_NO_CTA,N,2026-09-09T20:10:00,synthetic-seeder
110027,2026-09-09,100272,THREAD-VAS-B-0027,RUN-VAS-B-0027-2,구글원 200GB로 변경,가입정보 메뉴에서 부가서비스를 확인할 수 있습니다.,2026-09-09T18:20:00,failed,860.0,True,repeat,부가서비스 조회/해지,VAS_GUIDE_NO_CTA,N,2026-09-09T20:20:00,synthetic-seeder
110028,2026-09-10,100281,THREAD-VAS-B-0028,RUN-VAS-B-0028-1,구글원 200GB로 변경,가입정보 메뉴에서 부가서비스를 확인할 수 있습니다.,2026-09-10T18:10:00,failed,650.0,False,initial,부가서비스 조회/해지,VAS_GUIDE_NO_CTA,N,2026-09-10T20:10:00,synthetic-seeder
110028,2026-09-10,100282,THREAD-VAS-B-0028,RUN-VAS-B-0028-2,구글원 저장공간 변경,가입정보 메뉴에서 부가서비스를 확인할 수 있습니다.,2026-09-10T18:20:00,failed,650.0,True,repeat,부가서비스 조회/해지,VAS_GUIDE_NO_CTA,N,2026-09-10T20:20:00,synthetic-seeder
110029,2026-09-07,100291,THREAD-VAS-B-0029,RUN-VAS-B-0029-1,구글원 저장공간 변경,가입정보 메뉴에서 부가서비스를 확인할 수 있습니다.,2026-09-07T18:10:00,failed,685.0,False,initial,부가서비스 조회/해지,VAS_GUIDE_NO_CTA,N,2026-09-07T20:10:00,synthetic-seeder
110029,2026-09-07,100292,THREAD-VAS-B-0029,RUN-VAS-B-0029-2,구글원 100GB에서 200GB 변경,가입정보 메뉴에서 부가서비스를 확인할 수 있습니다.,2026-09-07T18:20:00,failed,685.0,True,repeat,부가서비스 조회/해지,VAS_GUIDE_NO_CTA,N,2026-09-07T20:20:00,synthetic-seeder
110030,2026-09-07,100301,THREAD-VAS-B-0030,RUN-VAS-B-0030-1,구글원 100GB에서 200GB 변경,가입정보 메뉴에서 부가서비스를 확인할 수 있습니다.,2026-09-07T18:10:00,failed,720.0,False,initial,부가서비스 조회/해지,VAS_GUIDE_NO_CTA,N,2026-09-07T20:10:00,synthetic-seeder
110030,2026-09-07,100302,THREAD-VAS-B-0030,RUN-VAS-B-0030-2,구글원 옵션 바꾸기,가입정보 메뉴에서 부가서비스를 확인할 수 있습니다.,2026-09-07T18:20:00,failed,720.0,True,repeat,부가서비스 조회/해지,VAS_GUIDE_NO_CTA,N,2026-09-07T20:20:00,synthetic-seeder
110031,2026-09-07,100311,THREAD-VAS-B-0031,RUN-VAS-B-0031-1,구글원 옵션 바꾸기,가입정보 메뉴에서 부가서비스를 확인할 수 있습니다.,2026-09-07T18:10:00,failed,755.0,False,initial,부가서비스 조회/해지,VAS_GUIDE_NO_CTA,N,2026-09-07T20:10:00,synthetic-seeder
110031,2026-09-07,100312,THREAD-VAS-B-0031,RUN-VAS-B-0031-2,구글원 부가서비스 변경,가입정보 메뉴에서 부가서비스를 확인할 수 있습니다.,2026-09-07T18:20:00,failed,755.0,True,repeat,부가서비스 조회/해지,VAS_GUIDE_NO_CTA,N,2026-09-07T20:20:00,synthetic-seeder
110032,2026-09-07,100321,THREAD-VAS-B-0032,RUN-VAS-B-0032-1,구글원 부가서비스 변경,가입정보 메뉴에서 부가서비스를 확인할 수 있습니다.,2026-09-07T18:10:00,failed,790.0,False,initial,부가서비스 조회/해지,VAS_GUIDE_NO_CTA,N,2026-09-07T20:10:00,synthetic-seeder
110032,2026-09-07,100322,THREAD-VAS-B-0032,RUN-VAS-B-0032-2,구글원 용량 변경 방법,가입정보 메뉴에서 부가서비스를 확인할 수 있습니다.,2026-09-07T18:20:00,failed,790.0,True,repeat,부가서비스 조회/해지,VAS_GUIDE_NO_CTA,N,2026-09-07T20:20:00,synthetic-seeder
110033,2026-09-08,100331,THREAD-VAS-B-0033,RUN-VAS-B-0033-1,구글원 용량 변경 방법,가입정보 메뉴에서 부가서비스를 확인할 수 있습니다.,2026-09-08T18:10:00,failed,825.0,False,initial,부가서비스 조회/해지,VAS_GUIDE_NO_CTA,N,2026-09-08T20:10:00,synthetic-seeder
110033,2026-09-08,100332,THREAD-VAS-B-0033,RUN-VAS-B-0033-2,구글원 200GB로 변경,가입정보 메뉴에서 부가서비스를 확인할 수 있습니다.,2026-09-08T18:20:00,failed,825.0,True,repeat,부가서비스 조회/해지,VAS_GUIDE_NO_CTA,N,2026-09-08T20:20:00,synthetic-seeder
110034,2026-09-09,100341,THREAD-VAS-B-0034,RUN-VAS-B-0034-1,구글원 200GB로 변경,가입정보 메뉴에서 부가서비스를 확인할 수 있습니다.,2026-09-09T18:10:00,failed,860.0,False,initial,부가서비스 조회/해지,VAS_GUIDE_NO_CTA,N,2026-09-09T20:10:00,synthetic-seeder
110034,2026-09-09,100342,THREAD-VAS-B-0034,RUN-VAS-B-0034-2,구글원 저장공간 변경,가입정보 메뉴에서 부가서비스를 확인할 수 있습니다.,2026-09-09T18:20:00,failed,860.0,True,repeat,부가서비스 조회/해지,VAS_GUIDE_NO_CTA,N,2026-09-09T20:20:00,synthetic-seeder
110035,2026-09-10,100351,THREAD-VAS-B-0035,RUN-VAS-B-0035-1,구글원 저장공간 변경,가입정보 메뉴에서 부가서비스를 확인할 수 있습니다.,2026-09-10T18:10:00,failed,650.0,False,initial,부가서비스 조회/해지,VAS_GUIDE_NO_CTA,N,2026-09-10T20:10:00,synthetic-seeder
110035,2026-09-10,100352,THREAD-VAS-B-0035,RUN-VAS-B-0035-2,구글원 100GB에서 200GB 변경,가입정보 메뉴에서 부가서비스를 확인할 수 있습니다.,2026-09-10T18:20:00,failed,650.0,True,repeat,부가서비스 조회/해지,VAS_GUIDE_NO_CTA,N,2026-09-10T20:20:00,synthetic-seeder
110036,2026-09-07,100361,THREAD-VAS-B-0036,RUN-VAS-B-0036-1,구글원 100GB에서 200GB 변경,가입정보 메뉴에서 부가서비스를 확인할 수 있습니다.,2026-09-07T18:10:00,failed,685.0,False,initial,부가서비스 조회/해지,VAS_GUIDE_NO_CTA,N,2026-09-07T20:10:00,synthetic-seeder
110036,2026-09-07,100362,THREAD-VAS-B-0036,RUN-VAS-B-0036-2,구글원 옵션 바꾸기,가입정보 메뉴에서 부가서비스를 확인할 수 있습니다.,2026-09-07T18:20:00,failed,685.0,True,repeat,부가서비스 조회/해지,VAS_GUIDE_NO_CTA,N,2026-09-07T20:20:00,synthetic-seeder
110037,2026-09-07,100371,THREAD-VAS-B-0037,RUN-VAS-B-0037-1,구글원 옵션 바꾸기,가입정보 메뉴에서 부가서비스를 확인할 수 있습니다.,2026-09-07T18:10:00,failed,720.0,False,initial,부가서비스 조회/해지,VAS_GUIDE_NO_CTA,N,2026-09-07T20:10:00,synthetic-seeder
110037,2026-09-07,100372,THREAD-VAS-B-0037,RUN-VAS-B-0037-2,구글원 부가서비스 변경,가입정보 메뉴에서 부가서비스를 확인할 수 있습니다.,2026-09-07T18:20:00,failed,720.0,True,repeat,부가서비스 조회/해지,VAS_GUIDE_NO_CTA,N,2026-09-07T20:20:00,synthetic-seeder
110038,2026-09-07,100381,THREAD-VAS-B-0038,RUN-VAS-B-0038-1,구글원 부가서비스 변경,가입정보 메뉴에서 부가서비스를 확인할 수 있습니다.,2026-09-07T18:10:00,failed,755.0,False,initial,부가서비스 조회/해지,VAS_GUIDE_NO_CTA,N,2026-09-07T20:10:00,synthetic-seeder
110038,2026-09-07,100382,THREAD-VAS-B-0038,RUN-VAS-B-0038-2,구글원 용량 변경 방법,가입정보 메뉴에서 부가서비스를 확인할 수 있습니다.,2026-09-07T18:20:00,failed,755.0,True,repeat,부가서비스 조회/해지,VAS_GUIDE_NO_CTA,N,2026-09-07T20:20:00,synthetic-seeder
110039,2026-09-07,100391,THREAD-VAS-B-0039,RUN-VAS-B-0039-1,구글원 용량 변경 방법,가입정보 메뉴에서 부가서비스를 확인할 수 있습니다.,2026-09-07T18:10:00,failed,790.0,False,initial,부가서비스 조회/해지,VAS_GUIDE_NO_CTA,N,2026-09-07T20:10:00,synthetic-seeder
110039,2026-09-07,100392,THREAD-VAS-B-0039,RUN-VAS-B-0039-2,구글원 200GB로 변경,가입정보 메뉴에서 부가서비스를 확인할 수 있습니다.,2026-09-07T18:20:00,failed,790.0,True,repeat,부가서비스 조회/해지,VAS_GUIDE_NO_CTA,N,2026-09-07T20:20:00,synthetic-seeder
110040,2026-09-08,100401,THREAD-VAS-B-0040,RUN-VAS-B-0040-1,구글원 200GB로 변경,가입정보 메뉴에서 부가서비스를 확인할 수 있습니다.,2026-09-08T18:10:00,failed,825.0,False,initial,부가서비스 조회/해지,VAS_GUIDE_NO_CTA,N,2026-09-08T20:10:00,synthetic-seeder
110040,2026-09-08,100402,THREAD-VAS-B-0040,RUN-VAS-B-0040-2,구글원 저장공간 변경,가입정보 메뉴에서 부가서비스를 확인할 수 있습니다.,2026-09-08T18:20:00,failed,825.0,True,repeat,부가서비스 조회/해지,VAS_GUIDE_NO_CTA,N,2026-09-08T20:20:00,synthetic-seeder
110041,2026-09-09,100411,THREAD-VAS-B-0041,RUN-VAS-B-0041-1,구글원 저장공간 변경,가입정보 메뉴에서 부가서비스를 확인할 수 있습니다.,2026-09-09T18:10:00,failed,860.0,False,initial,부가서비스 조회/해지,VAS_GUIDE_NO_CTA,N,2026-09-09T20:10:00,synthetic-seeder
110041,2026-09-09,100412,THREAD-VAS-B-0041,RUN-VAS-B-0041-2,구글원 100GB에서 200GB 변경,가입정보 메뉴에서 부가서비스를 확인할 수 있습니다.,2026-09-09T18:20:00,failed,860.0,True,repeat,부가서비스 조회/해지,VAS_GUIDE_NO_CTA,N,2026-09-09T20:20:00,synthetic-seeder
110042,2026-09-10,100421,THREAD-VAS-B-0042,RUN-VAS-B-0042-1,구글원 100GB에서 200GB 변경,가입정보 메뉴에서 부가서비스를 확인할 수 있습니다.,2026-09-10T18:10:00,failed,650.0,False,initial,부가서비스 조회/해지,VAS_GUIDE_NO_CTA,N,2026-09-10T20:10:00,synthetic-seeder
110042,2026-09-10,100422,THREAD-VAS-B-0042,RUN-VAS-B-0042-2,구글원 옵션 바꾸기,가입정보 메뉴에서 부가서비스를 확인할 수 있습니다.,2026-09-10T18:20:00,failed,650.0,True,repeat,부가서비스 조회/해지,VAS_GUIDE_NO_CTA,N,2026-09-10T20:20:00,synthetic-seeder
110043,2026-09-07,100431,THREAD-VAS-B-0043,RUN-VAS-B-0043-1,구글원 옵션 바꾸기,가입정보 메뉴에서 부가서비스를 확인할 수 있습니다.,2026-09-07T18:10:00,failed,685.0,False,initial,부가서비스 조회/해지,VAS_GUIDE_NO_CTA,N,2026-09-07T20:10:00,synthetic-seeder
110043,2026-09-07,100432,THREAD-VAS-B-0043,RUN-VAS-B-0043-2,구글원 부가서비스 변경,가입정보 메뉴에서 부가서비스를 확인할 수 있습니다.,2026-09-07T18:20:00,failed,685.0,True,repeat,부가서비스 조회/해지,VAS_GUIDE_NO_CTA,N,2026-09-07T20:20:00,synthetic-seeder
110044,2026-09-07,100441,THREAD-VAS-B-0044,RUN-VAS-B-0044-1,구글원 부가서비스 변경,가입정보 메뉴에서 부가서비스를 확인할 수 있습니다.,2026-09-07T18:10:00,failed,720.0,False,initial,부가서비스 조회/해지,VAS_GUIDE_NO_CTA,N,2026-09-07T20:10:00,synthetic-seeder
110044,2026-09-07,100442,THREAD-VAS-B-0044,RUN-VAS-B-0044-2,구글원 용량 변경 방법,가입정보 메뉴에서 부가서비스를 확인할 수 있습니다.,2026-09-07T18:20:00,failed,720.0,True,repeat,부가서비스 조회/해지,VAS_GUIDE_NO_CTA,N,2026-09-07T20:20:00,synthetic-seeder
110045,2026-09-07,100451,THREAD-VAS-B-0045,RUN-VAS-B-0045-1,구글원 용량 변경 방법,가입정보 메뉴에서 부가서비스를 확인할 수 있습니다.,2026-09-07T18:10:00,failed,755.0,False,initial,부가서비스 조회/해지,VAS_GUIDE_NO_CTA,N,2026-09-07T20:10:00,synthetic-seeder
110045,2026-09-07,100452,THREAD-VAS-B-0045,RUN-VAS-B-0045-2,구글원 200GB로 변경,가입정보 메뉴에서 부가서비스를 확인할 수 있습니다.,2026-09-07T18:20:00,failed,755.0,True,repeat,부가서비스 조회/해지,VAS_GUIDE_NO_CTA,N,2026-09-07T20:20:00,synthetic-seeder
110046,2026-09-07,100461,THREAD-VAS-B-0046,RUN-VAS-B-0046-1,구글원 200GB로 변경,가입정보 메뉴에서 부가서비스를 확인할 수 있습니다.,2026-09-07T18:10:00,failed,790.0,False,initial,부가서비스 조회/해지,VAS_GUIDE_NO_CTA,N,2026-09-07T20:10:00,synthetic-seeder
110046,2026-09-07,100462,THREAD-VAS-B-0046,RUN-VAS-B-0046-2,구글원 저장공간 변경,가입정보 메뉴에서 부가서비스를 확인할 수 있습니다.,2026-09-07T18:20:00,failed,790.0,True,repeat,부가서비스 조회/해지,VAS_GUIDE_NO_CTA,N,2026-09-07T20:20:00,synthetic-seeder
110047,2026-09-08,100471,THREAD-VAS-B-0047,RUN-VAS-B-0047-1,구글원 저장공간 변경,가입정보 메뉴에서 부가서비스를 확인할 수 있습니다.,2026-09-08T18:10:00,failed,825.0,False,initial,부가서비스 조회/해지,VAS_GUIDE_NO_CTA,N,2026-09-08T20:10:00,synthetic-seeder
110047,2026-09-08,100472,THREAD-VAS-B-0047,RUN-VAS-B-0047-2,구글원 100GB에서 200GB 변경,가입정보 메뉴에서 부가서비스를 확인할 수 있습니다.,2026-09-08T18:20:00,failed,825.0,True,repeat,부가서비스 조회/해지,VAS_GUIDE_NO_CTA,N,2026-09-08T20:20:00,synthetic-seeder
110048,2026-09-09,100481,THREAD-VAS-B-0048,RUN-VAS-B-0048-1,구글원 100GB에서 200GB 변경,가입정보 메뉴에서 부가서비스를 확인할 수 있습니다.,2026-09-09T18:10:00,failed,860.0,False,initial,부가서비스 조회/해지,VAS_GUIDE_NO_CTA,N,2026-09-09T20:10:00,synthetic-seeder
110048,2026-09-09,100482,THREAD-VAS-B-0048,RUN-VAS-B-0048-2,구글원 옵션 바꾸기,가입정보 메뉴에서 부가서비스를 확인할 수 있습니다.,2026-09-09T18:20:00,failed,860.0,True,repeat,부가서비스 조회/해지,VAS_GUIDE_NO_CTA,N,2026-09-09T20:20:00,synthetic-seeder
110049,2026-09-10,100491,THREAD-VAS-B-0049,RUN-VAS-B-0049-1,구글원 옵션 바꾸기,가입정보 메뉴에서 부가서비스를 확인할 수 있습니다.,2026-09-10T18:10:00,failed,650.0,False,initial,부가서비스 조회/해지,VAS_GUIDE_NO_CTA,N,2026-09-10T20:10:00,synthetic-seeder
110049,2026-09-10,100492,THREAD-VAS-B-0049,RUN-VAS-B-0049-2,구글원 부가서비스 변경,가입정보 메뉴에서 부가서비스를 확인할 수 있습니다.,2026-09-10T18:20:00,failed,650.0,True,repeat,부가서비스 조회/해지,VAS_GUIDE_NO_CTA,N,2026-09-10T20:20:00,synthetic-seeder
110050,2026-09-07,100501,THREAD-VAS-B-0050,RUN-VAS-B-0050-1,구글원 부가서비스 변경,가입정보 메뉴에서 부가서비스를 확인할 수 있습니다.,2026-09-07T18:10:00,failed,685.0,False,initial,부가서비스 조회/해지,VAS_GUIDE_NO_CTA,N,2026-09-07T20:10:00,synthetic-seeder
110050,2026-09-07,100502,THREAD-VAS-B-0050,RUN-VAS-B-0050-2,구글원 용량 변경 방법,가입정보 메뉴에서 부가서비스를 확인할 수 있습니다.,2026-09-07T18:20:00,failed,685.0,True,repeat,부가서비스 조회/해지,VAS_GUIDE_NO_CTA,N,2026-09-07T20:20:00,synthetic-seeder
110051,2026-09-07,100511,THREAD-VAS-B-0051,RUN-VAS-B-0051-1,구글원 용량 변경 방법,가입정보 메뉴에서 부가서비스를 확인할 수 있습니다.,2026-09-07T18:10:00,failed,720.0,False,initial,부가서비스 조회/해지,VAS_GUIDE_NO_CTA,N,2026-09-07T20:10:00,synthetic-seeder
110051,2026-09-07,100512,THREAD-VAS-B-0051,RUN-VAS-B-0051-2,구글원 200GB로 변경,가입정보 메뉴에서 부가서비스를 확인할 수 있습니다.,2026-09-07T18:20:00,failed,720.0,True,repeat,부가서비스 조회/해지,VAS_GUIDE_NO_CTA,N,2026-09-07T20:20:00,synthetic-seeder
110052,2026-09-07,100521,THREAD-VAS-B-0052,RUN-VAS-B-0052-1,구글원 200GB로 변경,가입정보 메뉴에서 부가서비스를 확인할 수 있습니다.,2026-09-07T18:10:00,failed,755.0,False,initial,부가서비스 조회/해지,VAS_GUIDE_NO_CTA,N,2026-09-07T20:10:00,synthetic-seeder
110052,2026-09-07,100522,THREAD-VAS-B-0052,RUN-VAS-B-0052-2,구글원 저장공간 변경,가입정보 메뉴에서 부가서비스를 확인할 수 있습니다.,2026-09-07T18:20:00,failed,755.0,True,repeat,부가서비스 조회/해지,VAS_GUIDE_NO_CTA,N,2026-09-07T20:20:00,synthetic-seeder
110053,2026-09-07,100531,THREAD-VAS-B-0053,RUN-VAS-B-0053-1,구글원 저장공간 변경,가입정보 메뉴에서 부가서비스를 확인할 수 있습니다.,2026-09-07T18:10:00,failed,790.0,False,initial,부가서비스 조회/해지,VAS_GUIDE_NO_CTA,N,2026-09-07T20:10:00,synthetic-seeder
110053,2026-09-07,100532,THREAD-VAS-B-0053,RUN-VAS-B-0053-2,구글원 100GB에서 200GB 변경,가입정보 메뉴에서 부가서비스를 확인할 수 있습니다.,2026-09-07T18:20:00,failed,790.0,True,repeat,부가서비스 조회/해지,VAS_GUIDE_NO_CTA,N,2026-09-07T20:20:00,synthetic-seeder
110054,2026-09-08,100541,THREAD-VAS-B-0054,RUN-VAS-B-0054-1,구글원 100GB에서 200GB 변경,가입정보 메뉴에서 부가서비스를 확인할 수 있습니다.,2026-09-08T18:10:00,failed,825.0,False,initial,부가서비스 조회/해지,VAS_GUIDE_NO_CTA,N,2026-09-08T20:10:00,synthetic-seeder
110054,2026-09-08,100542,THREAD-VAS-B-0054,RUN-VAS-B-0054-2,구글원 옵션 바꾸기,가입정보 메뉴에서 부가서비스를 확인할 수 있습니다.,2026-09-08T18:20:00,failed,825.0,True,repeat,부가서비스 조회/해지,VAS_GUIDE_NO_CTA,N,2026-09-08T20:20:00,synthetic-seeder
110055,2026-09-09,100551,THREAD-VAS-B-0055,RUN-VAS-B-0055-1,구글원 옵션 바꾸기,가입정보 메뉴에서 부가서비스를 확인할 수 있습니다.,2026-09-09T18:10:00,failed,860.0,False,initial,부가서비스 조회/해지,VAS_GUIDE_NO_CTA,N,2026-09-09T20:10:00,synthetic-seeder
110055,2026-09-09,100552,THREAD-VAS-B-0055,RUN-VAS-B-0055-2,구글원 부가서비스 변경,가입정보 메뉴에서 부가서비스를 확인할 수 있습니다.,2026-09-09T18:20:00,failed,860.0,True,repeat,부가서비스 조회/해지,VAS_GUIDE_NO_CTA,N,2026-09-09T20:20:00,synthetic-seeder
110056,2026-09-10,100561,THREAD-VAS-B-0056,RUN-VAS-B-0056-1,구글원 부가서비스 변경,가입정보 메뉴에서 부가서비스를 확인할 수 있습니다.,2026-09-10T18:10:00,failed,650.0,False,initial,부가서비스 조회/해지,VAS_GUIDE_NO_CTA,N,2026-09-10T20:10:00,synthetic-seeder
110056,2026-09-10,100562,THREAD-VAS-B-0056,RUN-VAS-B-0056-2,구글원 용량 변경 방법,가입정보 메뉴에서 부가서비스를 확인할 수 있습니다.,2026-09-10T18:20:00,failed,650.0,True,repeat,부가서비스 조회/해지,VAS_GUIDE_NO_CTA,N,2026-09-10T20:20:00,synthetic-seeder
110057,2026-09-07,100571,THREAD-VAS-B-0057,RUN-VAS-B-0057-1,구글원 용량 변경 방법,가입정보 메뉴에서 부가서비스를 확인할 수 있습니다.,2026-09-07T18:10:00,failed,685.0,False,initial,부가서비스 조회/해지,VAS_GUIDE_NO_CTA,N,2026-09-07T20:10:00,synthetic-seeder
110057,2026-09-07,100572,THREAD-VAS-B-0057,RUN-VAS-B-0057-2,구글원 200GB로 변경,가입정보 메뉴에서 부가서비스를 확인할 수 있습니다.,2026-09-07T18:20:00,failed,685.0,True,repeat,부가서비스 조회/해지,VAS_GUIDE_NO_CTA,N,2026-09-07T20:20:00,synthetic-seeder
110058,2026-09-07,100581,THREAD-VAS-B-0058,RUN-VAS-B-0058-1,구글원 200GB로 변경,가입정보 메뉴에서 부가서비스를 확인할 수 있습니다.,2026-09-07T18:10:00,failed,720.0,False,initial,부가서비스 조회/해지,VAS_GUIDE_NO_CTA,N,2026-09-07T20:10:00,synthetic-seeder
110058,2026-09-07,100582,THREAD-VAS-B-0058,RUN-VAS-B-0058-2,구글원 저장공간 변경,가입정보 메뉴에서 부가서비스를 확인할 수 있습니다.,2026-09-07T18:20:00,failed,720.0,True,repeat,부가서비스 조회/해지,VAS_GUIDE_NO_CTA,N,2026-09-07T20:20:00,synthetic-seeder
110059,2026-09-07,100591,THREAD-VAS-B-0059,RUN-VAS-B-0059-1,구글원 저장공간 변경,가입정보 메뉴에서 부가서비스를 확인할 수 있습니다.,2026-09-07T18:10:00,failed,755.0,False,initial,부가서비스 조회/해지,VAS_GUIDE_NO_CTA,N,2026-09-07T20:10:00,synthetic-seeder
110059,2026-09-07,100592,THREAD-VAS-B-0059,RUN-VAS-B-0059-2,구글원 100GB에서 200GB 변경,가입정보 메뉴에서 부가서비스를 확인할 수 있습니다.,2026-09-07T18:20:00,failed,755.0,True,repeat,부가서비스 조회/해지,VAS_GUIDE_NO_CTA,N,2026-09-07T20:20:00,synthetic-seeder
110060,2026-09-07,100601,THREAD-VAS-B-0060,RUN-VAS-B-0060-1,구글원 100GB에서 200GB 변경,가입정보 메뉴에서 부가서비스를 확인할 수 있습니다.,2026-09-07T18:10:00,failed,790.0,False,initial,부가서비스 조회/해지,VAS_GUIDE_NO_CTA,N,2026-09-07T20:10:00,synthetic-seeder
110060,2026-09-07,100602,THREAD-VAS-B-0060,RUN-VAS-B-0060-2,구글원 옵션 바꾸기,가입정보 메뉴에서 부가서비스를 확인할 수 있습니다.,2026-09-07T18:20:00,failed,790.0,True,repeat,부가서비스 조회/해지,VAS_GUIDE_NO_CTA,N,2026-09-07T20:20:00,synthetic-seeder
110061,2026-09-08,100611,THREAD-VAS-B-0061,RUN-VAS-B-0061-1,구글원 옵션 바꾸기,가입정보 메뉴에서 부가서비스를 확인할 수 있습니다.,2026-09-08T18:10:00,failed,825.0,False,initial,부가서비스 조회/해지,VAS_GUIDE_NO_CTA,N,2026-09-08T20:10:00,synthetic-seeder
110061,2026-09-08,100612,THREAD-VAS-B-0061,RUN-VAS-B-0061-2,구글원 부가서비스 변경,가입정보 메뉴에서 부가서비스를 확인할 수 있습니다.,2026-09-08T18:20:00,failed,825.0,True,repeat,부가서비스 조회/해지,VAS_GUIDE_NO_CTA,N,2026-09-08T20:20:00,synthetic-seeder
110062,2026-09-09,100621,THREAD-VAS-B-0062,RUN-VAS-B-0062-1,구글원 부가서비스 변경,가입정보 메뉴에서 부가서비스를 확인할 수 있습니다.,2026-09-09T18:10:00,failed,860.0,False,initial,부가서비스 조회/해지,VAS_GUIDE_NO_CTA,N,2026-09-09T20:10:00,synthetic-seeder
110062,2026-09-09,100622,THREAD-VAS-B-0062,RUN-VAS-B-0062-2,구글원 용량 변경 방법,가입정보 메뉴에서 부가서비스를 확인할 수 있습니다.,2026-09-09T18:20:00,failed,860.0,True,repeat,부가서비스 조회/해지,VAS_GUIDE_NO_CTA,N,2026-09-09T20:20:00,synthetic-seeder
110063,2026-09-10,100631,THREAD-VAS-B-0063,RUN-VAS-B-0063-1,구글원 용량 변경 방법,가입정보 메뉴에서 부가서비스를 확인할 수 있습니다.,2026-09-10T18:10:00,failed,650.0,False,initial,부가서비스 조회/해지,VAS_GUIDE_NO_CTA,N,2026-09-10T20:10:00,synthetic-seeder
110063,2026-09-10,100632,THREAD-VAS-B-0063,RUN-VAS-B-0063-2,구글원 200GB로 변경,가입정보 메뉴에서 부가서비스를 확인할 수 있습니다.,2026-09-10T18:20:00,failed,650.0,True,repeat,부가서비스 조회/해지,VAS_GUIDE_NO_CTA,N,2026-09-10T20:20:00,synthetic-seeder
110064,2026-09-07,100641,THREAD-VAS-B-0064,RUN-VAS-B-0064-1,구글원 200GB로 변경,가입정보 메뉴에서 부가서비스를 확인할 수 있습니다.,2026-09-07T18:10:00,failed,685.0,False,initial,부가서비스 조회/해지,VAS_GUIDE_NO_CTA,N,2026-09-07T20:10:00,synthetic-seeder
110064,2026-09-07,100642,THREAD-VAS-B-0064,RUN-VAS-B-0064-2,구글원 저장공간 변경,가입정보 메뉴에서 부가서비스를 확인할 수 있습니다.,2026-09-07T18:20:00,failed,685.0,True,repeat,부가서비스 조회/해지,VAS_GUIDE_NO_CTA,N,2026-09-07T20:20:00,synthetic-seeder
110065,2026-09-07,100651,THREAD-VAS-B-0065,RUN-VAS-B-0065-1,구글원 저장공간 변경,가입정보 메뉴에서 부가서비스를 확인할 수 있습니다.,2026-09-07T18:10:00,failed,720.0,False,initial,부가서비스 조회/해지,VAS_GUIDE_NO_CTA,N,2026-09-07T20:10:00,synthetic-seeder
110065,2026-09-07,100652,THREAD-VAS-B-0065,RUN-VAS-B-0065-2,구글원 100GB에서 200GB 변경,가입정보 메뉴에서 부가서비스를 확인할 수 있습니다.,2026-09-07T18:20:00,failed,720.0,True,repeat,부가서비스 조회/해지,VAS_GUIDE_NO_CTA,N,2026-09-07T20:20:00,synthetic-seeder
110066,2026-09-07,100661,THREAD-VAS-B-0066,RUN-VAS-B-0066-1,구글원 100GB에서 200GB 변경,가입정보 메뉴에서 부가서비스를 확인할 수 있습니다.,2026-09-07T18:10:00,failed,755.0,False,initial,부가서비스 조회/해지,VAS_GUIDE_NO_CTA,N,2026-09-07T20:10:00,synthetic-seeder
110066,2026-09-07,100662,THREAD-VAS-B-0066,RUN-VAS-B-0066-2,구글원 옵션 바꾸기,가입정보 메뉴에서 부가서비스를 확인할 수 있습니다.,2026-09-07T18:20:00,failed,755.0,True,repeat,부가서비스 조회/해지,VAS_GUIDE_NO_CTA,N,2026-09-07T20:20:00,synthetic-seeder
110067,2026-09-07,100671,THREAD-VAS-B-0067,RUN-VAS-B-0067-1,구글원 옵션 바꾸기,가입정보 메뉴에서 부가서비스를 확인할 수 있습니다.,2026-09-07T18:10:00,failed,790.0,False,initial,부가서비스 조회/해지,VAS_GUIDE_NO_CTA,N,2026-09-07T20:10:00,synthetic-seeder
110067,2026-09-07,100672,THREAD-VAS-B-0067,RUN-VAS-B-0067-2,구글원 부가서비스 변경,가입정보 메뉴에서 부가서비스를 확인할 수 있습니다.,2026-09-07T18:20:00,failed,790.0,True,repeat,부가서비스 조회/해지,VAS_GUIDE_NO_CTA,N,2026-09-07T20:20:00,synthetic-seeder
110068,2026-09-08,100681,THREAD-VAS-B-0068,RUN-VAS-B-0068-1,구글원 부가서비스 변경,가입정보 메뉴에서 부가서비스를 확인할 수 있습니다.,2026-09-08T18:10:00,failed,825.0,False,initial,부가서비스 조회/해지,VAS_GUIDE_NO_CTA,N,2026-09-08T20:10:00,synthetic-seeder
110068,2026-09-08,100682,THREAD-VAS-B-0068,RUN-VAS-B-0068-2,구글원 용량 변경 방법,가입정보 메뉴에서 부가서비스를 확인할 수 있습니다.,2026-09-08T18:20:00,failed,825.0,True,repeat,부가서비스 조회/해지,VAS_GUIDE_NO_CTA,N,2026-09-08T20:20:00,synthetic-seeder
110069,2026-09-09,100691,THREAD-VAS-B-0069,RUN-VAS-B-0069-1,구글원 용량 변경 방법,가입정보 메뉴에서 부가서비스를 확인할 수 있습니다.,2026-09-09T18:10:00,failed,860.0,False,initial,부가서비스 조회/해지,VAS_GUIDE_NO_CTA,N,2026-09-09T20:10:00,synthetic-seeder
110069,2026-09-09,100692,THREAD-VAS-B-0069,RUN-VAS-B-0069-2,구글원 200GB로 변경,가입정보 메뉴에서 부가서비스를 확인할 수 있습니다.,2026-09-09T18:20:00,failed,860.0,True,repeat,부가서비스 조회/해지,VAS_GUIDE_NO_CTA,N,2026-09-09T20:20:00,synthetic-seeder
110070,2026-09-10,100701,THREAD-VAS-B-0070,RUN-VAS-B-0070-1,구글원 200GB로 변경,가입정보 메뉴에서 부가서비스를 확인할 수 있습니다.,2026-09-10T18:10:00,failed,650.0,False,initial,부가서비스 조회/해지,VAS_GUIDE_NO_CTA,N,2026-09-10T20:10:00,synthetic-seeder
110070,2026-09-10,100702,THREAD-VAS-B-0070,RUN-VAS-B-0070-2,구글원 저장공간 변경,가입정보 메뉴에서 부가서비스를 확인할 수 있습니다.,2026-09-10T18:20:00,failed,650.0,True,repeat,부가서비스 조회/해지,VAS_GUIDE_NO_CTA,N,2026-09-10T20:20:00,synthetic-seeder
110071,2026-09-07,100711,THREAD-VAS-B-0071,RUN-VAS-B-0071-1,구글원 저장공간 변경,가입정보 메뉴에서 부가서비스를 확인할 수 있습니다.,2026-09-07T18:10:00,failed,685.0,False,initial,부가서비스 조회/해지,VAS_GUIDE_NO_CTA,N,2026-09-07T20:10:00,synthetic-seeder
110071,2026-09-07,100712,THREAD-VAS-B-0071,RUN-VAS-B-0071-2,구글원 100GB에서 200GB 변경,가입정보 메뉴에서 부가서비스를 확인할 수 있습니다.,2026-09-07T18:20:00,failed,685.0,True,repeat,부가서비스 조회/해지,VAS_GUIDE_NO_CTA,N,2026-09-07T20:20:00,synthetic-seeder
110072,2026-09-07,100721,THREAD-VAS-B-0072,RUN-VAS-B-0072-1,구글원 100GB에서 200GB 변경,가입정보 메뉴에서 부가서비스를 확인할 수 있습니다.,2026-09-07T18:10:00,failed,720.0,False,initial,부가서비스 조회/해지,VAS_GUIDE_NO_CTA,N,2026-09-07T20:10:00,synthetic-seeder
110072,2026-09-07,100722,THREAD-VAS-B-0072,RUN-VAS-B-0072-2,구글원 옵션 바꾸기,가입정보 메뉴에서 부가서비스를 확인할 수 있습니다.,2026-09-07T18:20:00,failed,720.0,True,repeat,부가서비스 조회/해지,VAS_GUIDE_NO_CTA,N,2026-09-07T20:20:00,synthetic-seeder
110073,2026-09-07,100731,THREAD-VAS-B-0073,RUN-VAS-B-0073-1,구글원 옵션 바꾸기,가입정보 메뉴에서 부가서비스를 확인할 수 있습니다.,2026-09-07T18:10:00,failed,755.0,False,initial,부가서비스 조회/해지,VAS_GUIDE_NO_CTA,N,2026-09-07T20:10:00,synthetic-seeder
110073,2026-09-07,100732,THREAD-VAS-B-0073,RUN-VAS-B-0073-2,구글원 부가서비스 변경,가입정보 메뉴에서 부가서비스를 확인할 수 있습니다.,2026-09-07T18:20:00,failed,755.0,True,repeat,부가서비스 조회/해지,VAS_GUIDE_NO_CTA,N,2026-09-07T20:20:00,synthetic-seeder
110074,2026-09-07,100741,THREAD-VAS-B-0074,RUN-VAS-B-0074-1,구글원 부가서비스 변경,가입정보 메뉴에서 부가서비스를 확인할 수 있습니다.,2026-09-07T18:10:00,failed,790.0,False,initial,부가서비스 조회/해지,VAS_GUIDE_NO_CTA,N,2026-09-07T20:10:00,synthetic-seeder
110074,2026-09-07,100742,THREAD-VAS-B-0074,RUN-VAS-B-0074-2,구글원 용량 변경 방법,가입정보 메뉴에서 부가서비스를 확인할 수 있습니다.,2026-09-07T18:20:00,failed,790.0,True,repeat,부가서비스 조회/해지,VAS_GUIDE_NO_CTA,N,2026-09-07T20:20:00,synthetic-seeder
110075,2026-09-08,100751,THREAD-VAS-B-0075,RUN-VAS-B-0075-1,구글원 용량 변경 방법,가입정보 메뉴에서 부가서비스를 확인할 수 있습니다.,2026-09-08T18:10:00,failed,825.0,False,initial,부가서비스 조회/해지,VAS_GUIDE_NO_CTA,N,2026-09-08T20:10:00,synthetic-seeder
110075,2026-09-08,100752,THREAD-VAS-B-0075,RUN-VAS-B-0075-2,구글원 200GB로 변경,가입정보 메뉴에서 부가서비스를 확인할 수 있습니다.,2026-09-08T18:20:00,failed,825.0,True,repeat,부가서비스 조회/해지,VAS_GUIDE_NO_CTA,N,2026-09-08T20:20:00,synthetic-seeder
110076,2026-09-09,100761,THREAD-VAS-B-0076,RUN-VAS-B-0076-1,구글원 200GB로 변경,가입정보 메뉴에서 부가서비스를 확인할 수 있습니다.,2026-09-09T18:10:00,failed,860.0,False,initial,부가서비스 조회/해지,VAS_GUIDE_NO_CTA,N,2026-09-09T20:10:00,synthetic-seeder
110076,2026-09-09,100762,THREAD-VAS-B-0076,RUN-VAS-B-0076-2,구글원 저장공간 변경,가입정보 메뉴에서 부가서비스를 확인할 수 있습니다.,2026-09-09T18:20:00,failed,860.0,True,repeat,부가서비스 조회/해지,VAS_GUIDE_NO_CTA,N,2026-09-09T20:20:00,synthetic-seeder
110077,2026-09-10,100771,THREAD-VAS-B-0077,RUN-VAS-B-0077-1,구글원 저장공간 변경,가입정보 메뉴에서 부가서비스를 확인할 수 있습니다.,2026-09-10T18:10:00,failed,650.0,False,initial,부가서비스 조회/해지,VAS_GUIDE_NO_CTA,N,2026-09-10T20:10:00,synthetic-seeder
110077,2026-09-10,100772,THREAD-VAS-B-0077,RUN-VAS-B-0077-2,구글원 100GB에서 200GB 변경,가입정보 메뉴에서 부가서비스를 확인할 수 있습니다.,2026-09-10T18:20:00,failed,650.0,True,repeat,부가서비스 조회/해지,VAS_GUIDE_NO_CTA,N,2026-09-10T20:20:00,synthetic-seeder
110078,2026-09-07,100781,THREAD-VAS-B-0078,RUN-VAS-B-0078-1,구글원 100GB에서 200GB 변경,가입정보 메뉴에서 부가서비스를 확인할 수 있습니다.,2026-09-07T18:10:00,failed,685.0,False,initial,부가서비스 조회/해지,VAS_GUIDE_NO_CTA,N,2026-09-07T20:10:00,synthetic-seeder
110078,2026-09-07,100782,THREAD-VAS-B-0078,RUN-VAS-B-0078-2,구글원 옵션 바꾸기,가입정보 메뉴에서 부가서비스를 확인할 수 있습니다.,2026-09-07T18:20:00,failed,685.0,True,repeat,부가서비스 조회/해지,VAS_GUIDE_NO_CTA,N,2026-09-07T20:20:00,synthetic-seeder
110079,2026-09-07,100791,THREAD-VAS-B-0079,RUN-VAS-B-0079-1,구글원 옵션 바꾸기,가입정보 메뉴에서 부가서비스를 확인할 수 있습니다.,2026-09-07T18:10:00,failed,720.0,False,initial,부가서비스 조회/해지,VAS_GUIDE_NO_CTA,N,2026-09-07T20:10:00,synthetic-seeder
110079,2026-09-07,100792,THREAD-VAS-B-0079,RUN-VAS-B-0079-2,구글원 부가서비스 변경,가입정보 메뉴에서 부가서비스를 확인할 수 있습니다.,2026-09-07T18:20:00,failed,720.0,True,repeat,부가서비스 조회/해지,VAS_GUIDE_NO_CTA,N,2026-09-07T20:20:00,synthetic-seeder
110080,2026-09-07,100801,THREAD-VAS-B-0080,RUN-VAS-B-0080-1,구글원 부가서비스 변경,가입정보 메뉴에서 부가서비스를 확인할 수 있습니다.,2026-09-07T18:10:00,failed,755.0,False,initial,부가서비스 조회/해지,VAS_GUIDE_NO_CTA,N,2026-09-07T20:10:00,synthetic-seeder
110080,2026-09-07,100802,THREAD-VAS-B-0080,RUN-VAS-B-0080-2,구글원 용량 변경 방법,가입정보 메뉴에서 부가서비스를 확인할 수 있습니다.,2026-09-07T18:20:00,failed,755.0,True,repeat,부가서비스 조회/해지,VAS_GUIDE_NO_CTA,N,2026-09-07T20:20:00,synthetic-seeder
110081,2026-09-07,100811,THREAD-VAS-B-0081,RUN-VAS-B-0081-1,구글원 용량 변경 방법,가입정보 메뉴에서 부가서비스를 확인할 수 있습니다.,2026-09-07T18:10:00,failed,790.0,False,initial,부가서비스 조회/해지,VAS_GUIDE_NO_CTA,N,2026-09-07T20:10:00,synthetic-seeder
110081,2026-09-07,100812,THREAD-VAS-B-0081,RUN-VAS-B-0081-2,구글원 200GB로 변경,가입정보 메뉴에서 부가서비스를 확인할 수 있습니다.,2026-09-07T18:20:00,failed,790.0,True,repeat,부가서비스 조회/해지,VAS_GUIDE_NO_CTA,N,2026-09-07T20:20:00,synthetic-seeder
110082,2026-09-08,100821,THREAD-VAS-B-0082,RUN-VAS-B-0082-1,구글원 200GB로 변경,가입정보 메뉴에서 부가서비스를 확인할 수 있습니다.,2026-09-08T18:10:00,failed,825.0,False,initial,부가서비스 조회/해지,VAS_GUIDE_NO_CTA,N,2026-09-08T20:10:00,synthetic-seeder
110082,2026-09-08,100822,THREAD-VAS-B-0082,RUN-VAS-B-0082-2,구글원 저장공간 변경,가입정보 메뉴에서 부가서비스를 확인할 수 있습니다.,2026-09-08T18:20:00,failed,825.0,True,repeat,부가서비스 조회/해지,VAS_GUIDE_NO_CTA,N,2026-09-08T20:20:00,synthetic-seeder
110083,2026-09-09,100831,THREAD-VAS-B-0083,RUN-VAS-B-0083-1,구글원 저장공간 변경,가입정보 메뉴에서 부가서비스를 확인할 수 있습니다.,2026-09-09T18:10:00,failed,860.0,False,initial,부가서비스 조회/해지,VAS_GUIDE_NO_CTA,N,2026-09-09T20:10:00,synthetic-seeder
110083,2026-09-09,100832,THREAD-VAS-B-0083,RUN-VAS-B-0083-2,구글원 100GB에서 200GB 변경,가입정보 메뉴에서 부가서비스를 확인할 수 있습니다.,2026-09-09T18:20:00,failed,860.0,True,repeat,부가서비스 조회/해지,VAS_GUIDE_NO_CTA,N,2026-09-09T20:20:00,synthetic-seeder
110084,2026-09-10,100841,THREAD-VAS-B-0084,RUN-VAS-B-0084-1,구글원 100GB에서 200GB 변경,가입정보 메뉴에서 부가서비스를 확인할 수 있습니다.,2026-09-10T18:10:00,failed,650.0,False,initial,부가서비스 조회/해지,VAS_GUIDE_NO_CTA,N,2026-09-10T20:10:00,synthetic-seeder
110084,2026-09-10,100842,THREAD-VAS-B-0084,RUN-VAS-B-0084-2,구글원 옵션 바꾸기,가입정보 메뉴에서 부가서비스를 확인할 수 있습니다.,2026-09-10T18:20:00,failed,650.0,True,repeat,부가서비스 조회/해지,VAS_GUIDE_NO_CTA,N,2026-09-10T20:20:00,synthetic-seeder
110085,2026-09-07,100851,THREAD-VAS-B-0085,RUN-VAS-B-0085-1,구글원 옵션 바꾸기,가입정보 메뉴에서 부가서비스를 확인할 수 있습니다.,2026-09-07T18:10:00,failed,685.0,False,initial,부가서비스 조회/해지,VAS_GUIDE_NO_CTA,N,2026-09-07T20:10:00,synthetic-seeder
110085,2026-09-07,100852,THREAD-VAS-B-0085,RUN-VAS-B-0085-2,구글원 부가서비스 변경,가입정보 메뉴에서 부가서비스를 확인할 수 있습니다.,2026-09-07T18:20:00,failed,685.0,True,repeat,부가서비스 조회/해지,VAS_GUIDE_NO_CTA,N,2026-09-07T20:20:00,synthetic-seeder
110086,2026-09-07,100861,THREAD-VAS-B-0086,RUN-VAS-B-0086-1,구글원 부가서비스 변경,가입정보 메뉴에서 부가서비스를 확인할 수 있습니다.,2026-09-07T18:10:00,failed,720.0,False,initial,부가서비스 조회/해지,VAS_GUIDE_NO_CTA,N,2026-09-07T20:10:00,synthetic-seeder
110086,2026-09-07,100862,THREAD-VAS-B-0086,RUN-VAS-B-0086-2,구글원 용량 변경 방법,가입정보 메뉴에서 부가서비스를 확인할 수 있습니다.,2026-09-07T18:20:00,failed,720.0,True,repeat,부가서비스 조회/해지,VAS_GUIDE_NO_CTA,N,2026-09-07T20:20:00,synthetic-seeder
110087,2026-09-07,100871,THREAD-VAS-B-0087,RUN-VAS-B-0087-1,구글원 용량 변경 방법,가입정보 메뉴에서 부가서비스를 확인할 수 있습니다.,2026-09-07T18:10:00,failed,755.0,False,initial,부가서비스 조회/해지,VAS_GUIDE_NO_CTA,N,2026-09-07T20:10:00,synthetic-seeder
110087,2026-09-07,100872,THREAD-VAS-B-0087,RUN-VAS-B-0087-2,구글원 200GB로 변경,가입정보 메뉴에서 부가서비스를 확인할 수 있습니다.,2026-09-07T18:20:00,failed,755.0,True,repeat,부가서비스 조회/해지,VAS_GUIDE_NO_CTA,N,2026-09-07T20:20:00,synthetic-seeder
110088,2026-09-07,100881,THREAD-VAS-B-0088,RUN-VAS-B-0088-1,구글원 200GB로 변경,가입정보 메뉴에서 부가서비스를 확인할 수 있습니다.,2026-09-07T18:10:00,failed,790.0,False,initial,부가서비스 조회/해지,VAS_GUIDE_NO_CTA,N,2026-09-07T20:10:00,synthetic-seeder
110088,2026-09-07,100882,THREAD-VAS-B-0088,RUN-VAS-B-0088-2,구글원 저장공간 변경,가입정보 메뉴에서 부가서비스를 확인할 수 있습니다.,2026-09-07T18:20:00,failed,790.0,True,repeat,부가서비스 조회/해지,VAS_GUIDE_NO_CTA,N,2026-09-07T20:20:00,synthetic-seeder
110089,2026-09-08,100891,THREAD-VAS-B-0089,RUN-VAS-B-0089-1,구글원 저장공간 변경,가입정보 메뉴에서 부가서비스를 확인할 수 있습니다.,2026-09-08T18:10:00,failed,825.0,False,initial,부가서비스 조회/해지,VAS_GUIDE_NO_CTA,N,2026-09-08T20:10:00,synthetic-seeder
110089,2026-09-08,100892,THREAD-VAS-B-0089,RUN-VAS-B-0089-2,구글원 100GB에서 200GB 변경,가입정보 메뉴에서 부가서비스를 확인할 수 있습니다.,2026-09-08T18:20:00,failed,825.0,True,repeat,부가서비스 조회/해지,VAS_GUIDE_NO_CTA,N,2026-09-08T20:20:00,synthetic-seeder
110090,2026-09-09,100901,THREAD-VAS-B-0090,RUN-VAS-B-0090-1,구글원 100GB에서 200GB 변경,가입정보 메뉴에서 부가서비스를 확인할 수 있습니다.,2026-09-09T18:10:00,failed,860.0,False,initial,부가서비스 조회/해지,VAS_GUIDE_NO_CTA,N,2026-09-09T20:10:00,synthetic-seeder
110090,2026-09-09,100902,THREAD-VAS-B-0090,RUN-VAS-B-0090-2,구글원 옵션 바꾸기,가입정보 메뉴에서 부가서비스를 확인할 수 있습니다.,2026-09-09T18:20:00,failed,860.0,True,repeat,부가서비스 조회/해지,VAS_GUIDE_NO_CTA,N,2026-09-09T20:20:00,synthetic-seeder
110091,2026-09-10,100911,THREAD-VAS-B-0091,RUN-VAS-B-0091-1,구글원 옵션 바꾸기,가입정보 메뉴에서 부가서비스를 확인할 수 있습니다.,2026-09-10T18:10:00,failed,650.0,False,initial,부가서비스 조회/해지,VAS_GUIDE_NO_CTA,N,2026-09-10T20:10:00,synthetic-seeder
110091,2026-09-10,100912,THREAD-VAS-B-0091,RUN-VAS-B-0091-2,구글원 부가서비스 변경,가입정보 메뉴에서 부가서비스를 확인할 수 있습니다.,2026-09-10T18:20:00,failed,650.0,True,repeat,부가서비스 조회/해지,VAS_GUIDE_NO_CTA,N,2026-09-10T20:20:00,synthetic-seeder
110092,2026-09-07,100921,THREAD-VAS-B-0092,RUN-VAS-B-0092-1,구글원 부가서비스 변경,가입정보 메뉴에서 부가서비스를 확인할 수 있습니다.,2026-09-07T18:10:00,failed,685.0,False,initial,부가서비스 조회/해지,VAS_GUIDE_NO_CTA,N,2026-09-07T20:10:00,synthetic-seeder
110092,2026-09-07,100922,THREAD-VAS-B-0092,RUN-VAS-B-0092-2,구글원 용량 변경 방법,가입정보 메뉴에서 부가서비스를 확인할 수 있습니다.,2026-09-07T18:20:00,failed,685.0,True,repeat,부가서비스 조회/해지,VAS_GUIDE_NO_CTA,N,2026-09-07T20:20:00,synthetic-seeder
110093,2026-09-07,100931,THREAD-VAS-B-0093,RUN-VAS-B-0093-1,구글원 용량 변경 방법,가입정보 메뉴에서 부가서비스를 확인할 수 있습니다.,2026-09-07T18:10:00,failed,720.0,False,initial,부가서비스 조회/해지,VAS_GUIDE_NO_CTA,N,2026-09-07T20:10:00,synthetic-seeder
110093,2026-09-07,100932,THREAD-VAS-B-0093,RUN-VAS-B-0093-2,구글원 200GB로 변경,가입정보 메뉴에서 부가서비스를 확인할 수 있습니다.,2026-09-07T18:20:00,failed,720.0,True,repeat,부가서비스 조회/해지,VAS_GUIDE_NO_CTA,N,2026-09-07T20:20:00,synthetic-seeder
110094,2026-09-07,100941,THREAD-VAS-B-0094,RUN-VAS-B-0094-1,구글원 200GB로 변경,가입정보 메뉴에서 부가서비스를 확인할 수 있습니다.,2026-09-07T18:10:00,failed,755.0,False,initial,부가서비스 조회/해지,VAS_GUIDE_NO_CTA,N,2026-09-07T20:10:00,synthetic-seeder
110094,2026-09-07,100942,THREAD-VAS-B-0094,RUN-VAS-B-0094-2,구글원 저장공간 변경,가입정보 메뉴에서 부가서비스를 확인할 수 있습니다.,2026-09-07T18:20:00,failed,755.0,True,repeat,부가서비스 조회/해지,VAS_GUIDE_NO_CTA,N,2026-09-07T20:20:00,synthetic-seeder
110095,2026-09-07,100951,THREAD-VAS-B-0095,RUN-VAS-B-0095-1,구글원 저장공간 변경,가입정보 메뉴에서 부가서비스를 확인할 수 있습니다.,2026-09-07T18:10:00,failed,790.0,False,initial,부가서비스 조회/해지,VAS_GUIDE_NO_CTA,N,2026-09-07T20:10:00,synthetic-seeder
110095,2026-09-07,100952,THREAD-VAS-B-0095,RUN-VAS-B-0095-2,구글원 100GB에서 200GB 변경,가입정보 메뉴에서 부가서비스를 확인할 수 있습니다.,2026-09-07T18:20:00,failed,790.0,True,repeat,부가서비스 조회/해지,VAS_GUIDE_NO_CTA,N,2026-09-07T20:20:00,synthetic-seeder
110096,2026-09-08,100961,THREAD-VAS-B-0096,RUN-VAS-B-0096-1,구글원 100GB에서 200GB 변경,가입정보 메뉴에서 부가서비스를 확인할 수 있습니다.,2026-09-08T18:10:00,failed,825.0,False,initial,부가서비스 조회/해지,VAS_GUIDE_NO_CTA,N,2026-09-08T20:10:00,synthetic-seeder
110096,2026-09-08,100962,THREAD-VAS-B-0096,RUN-VAS-B-0096-2,구글원 옵션 바꾸기,가입정보 메뉴에서 부가서비스를 확인할 수 있습니다.,2026-09-08T18:20:00,failed,825.0,True,repeat,부가서비스 조회/해지,VAS_GUIDE_NO_CTA,N,2026-09-08T20:20:00,synthetic-seeder
110097,2026-09-09,100971,THREAD-VAS-B-0097,RUN-VAS-B-0097-1,구글원 옵션 바꾸기,가입정보 메뉴에서 부가서비스를 확인할 수 있습니다.,2026-09-09T18:10:00,failed,860.0,False,initial,부가서비스 조회/해지,VAS_GUIDE_NO_CTA,N,2026-09-09T20:10:00,synthetic-seeder
110097,2026-09-09,100972,THREAD-VAS-B-0097,RUN-VAS-B-0097-2,구글원 부가서비스 변경,가입정보 메뉴에서 부가서비스를 확인할 수 있습니다.,2026-09-09T18:20:00,failed,860.0,True,repeat,부가서비스 조회/해지,VAS_GUIDE_NO_CTA,N,2026-09-09T20:20:00,synthetic-seeder
110098,2026-09-10,100981,THREAD-VAS-B-0098,RUN-VAS-B-0098-1,구글원 부가서비스 변경,가입정보 메뉴에서 부가서비스를 확인할 수 있습니다.,2026-09-10T18:10:00,failed,650.0,False,initial,부가서비스 조회/해지,VAS_GUIDE_NO_CTA,N,2026-09-10T20:10:00,synthetic-seeder
110098,2026-09-10,100982,THREAD-VAS-B-0098,RUN-VAS-B-0098-2,구글원 용량 변경 방법,가입정보 메뉴에서 부가서비스를 확인할 수 있습니다.,2026-09-10T18:20:00,failed,650.0,True,repeat,부가서비스 조회/해지,VAS_GUIDE_NO_CTA,N,2026-09-10T20:20:00,synthetic-seeder
110099,2026-09-07,100991,THREAD-VAS-B-0099,RUN-VAS-B-0099-1,구글원 용량 변경 방법,가입정보 메뉴에서 부가서비스를 확인할 수 있습니다.,2026-09-07T18:10:00,failed,685.0,False,initial,부가서비스 조회/해지,VAS_GUIDE_NO_CTA,N,2026-09-07T20:10:00,synthetic-seeder
110099,2026-09-07,100992,THREAD-VAS-B-0099,RUN-VAS-B-0099-2,구글원 200GB로 변경,가입정보 메뉴에서 부가서비스를 확인할 수 있습니다.,2026-09-07T18:20:00,failed,685.0,True,repeat,부가서비스 조회/해지,VAS_GUIDE_NO_CTA,N,2026-09-07T20:20:00,synthetic-seeder
110100,2026-09-07,101001,THREAD-VAS-B-0100,RUN-VAS-B-0100-1,구글원 200GB로 변경,가입정보 메뉴에서 부가서비스를 확인할 수 있습니다.,2026-09-07T18:10:00,failed,720.0,False,initial,부가서비스 조회/해지,VAS_GUIDE_NO_CTA,N,2026-09-07T20:10:00,synthetic-seeder
110100,2026-09-07,101002,THREAD-VAS-B-0100,RUN-VAS-B-0100-2,구글원 저장공간 변경,가입정보 메뉴에서 부가서비스를 확인할 수 있습니다.,2026-09-07T18:20:00,failed,720.0,True,repeat,부가서비스 조회/해지,VAS_GUIDE_NO_CTA,N,2026-09-07T20:20:00,synthetic-seeder
110101,2026-09-07,101011,THREAD-VAS-B-0101,RUN-VAS-B-0101-1,구글원 저장공간 변경,가입정보 메뉴에서 부가서비스를 확인할 수 있습니다.,2026-09-07T18:10:00,failed,755.0,False,initial,부가서비스 조회/해지,VAS_GUIDE_NO_CTA,N,2026-09-07T20:10:00,synthetic-seeder
110101,2026-09-07,101012,THREAD-VAS-B-0101,RUN-VAS-B-0101-2,구글원 100GB에서 200GB 변경,가입정보 메뉴에서 부가서비스를 확인할 수 있습니다.,2026-09-07T18:20:00,failed,755.0,True,repeat,부가서비스 조회/해지,VAS_GUIDE_NO_CTA,N,2026-09-07T20:20:00,synthetic-seeder
110102,2026-09-07,101021,THREAD-VAS-B-0102,RUN-VAS-B-0102-1,구글원 100GB에서 200GB 변경,가입정보 메뉴에서 부가서비스를 확인할 수 있습니다.,2026-09-07T18:10:00,failed,790.0,False,initial,부가서비스 조회/해지,VAS_GUIDE_NO_CTA,N,2026-09-07T20:10:00,synthetic-seeder
110102,2026-09-07,101022,THREAD-VAS-B-0102,RUN-VAS-B-0102-2,구글원 옵션 바꾸기,가입정보 메뉴에서 부가서비스를 확인할 수 있습니다.,2026-09-07T18:20:00,failed,790.0,True,repeat,부가서비스 조회/해지,VAS_GUIDE_NO_CTA,N,2026-09-07T20:20:00,synthetic-seeder
110103,2026-09-08,101031,THREAD-VAS-B-0103,RUN-VAS-B-0103-1,구글원 옵션 바꾸기,가입정보 메뉴에서 부가서비스를 확인할 수 있습니다.,2026-09-08T18:10:00,failed,825.0,False,initial,부가서비스 조회/해지,VAS_GUIDE_NO_CTA,N,2026-09-08T20:10:00,synthetic-seeder
110103,2026-09-08,101032,THREAD-VAS-B-0103,RUN-VAS-B-0103-2,구글원 부가서비스 변경,가입정보 메뉴에서 부가서비스를 확인할 수 있습니다.,2026-09-08T18:20:00,failed,825.0,True,repeat,부가서비스 조회/해지,VAS_GUIDE_NO_CTA,N,2026-09-08T20:20:00,synthetic-seeder
110104,2026-09-09,101041,THREAD-VAS-B-0104,RUN-VAS-B-0104-1,구글원 부가서비스 변경,가입정보 메뉴에서 부가서비스를 확인할 수 있습니다.,2026-09-09T18:10:00,failed,860.0,False,initial,부가서비스 조회/해지,VAS_GUIDE_NO_CTA,N,2026-09-09T20:10:00,synthetic-seeder
110104,2026-09-09,101042,THREAD-VAS-B-0104,RUN-VAS-B-0104-2,구글원 용량 변경 방법,가입정보 메뉴에서 부가서비스를 확인할 수 있습니다.,2026-09-09T18:20:00,failed,860.0,True,repeat,부가서비스 조회/해지,VAS_GUIDE_NO_CTA,N,2026-09-09T20:20:00,synthetic-seeder
110105,2026-09-10,101051,THREAD-VAS-B-0105,RUN-VAS-B-0105-1,구글원 용량 변경 방법,가입정보 메뉴에서 부가서비스를 확인할 수 있습니다.,2026-09-10T18:10:00,failed,650.0,False,initial,부가서비스 조회/해지,VAS_GUIDE_NO_CTA,N,2026-09-10T20:10:00,synthetic-seeder
110105,2026-09-10,101052,THREAD-VAS-B-0105,RUN-VAS-B-0105-2,구글원 200GB로 변경,가입정보 메뉴에서 부가서비스를 확인할 수 있습니다.,2026-09-10T18:20:00,failed,650.0,True,repeat,부가서비스 조회/해지,VAS_GUIDE_NO_CTA,N,2026-09-10T20:20:00,synthetic-seeder
110106,2026-09-07,101061,THREAD-VAS-B-0106,RUN-VAS-B-0106-1,구글원 200GB로 변경,가입정보 메뉴에서 부가서비스를 확인할 수 있습니다.,2026-09-07T18:10:00,failed,685.0,False,initial,부가서비스 조회/해지,VAS_GUIDE_NO_CTA,N,2026-09-07T20:10:00,synthetic-seeder
110106,2026-09-07,101062,THREAD-VAS-B-0106,RUN-VAS-B-0106-2,구글원 저장공간 변경,가입정보 메뉴에서 부가서비스를 확인할 수 있습니다.,2026-09-07T18:20:00,failed,685.0,True,repeat,부가서비스 조회/해지,VAS_GUIDE_NO_CTA,N,2026-09-07T20:20:00,synthetic-seeder
110107,2026-09-07,101071,THREAD-VAS-B-0107,RUN-VAS-B-0107-1,구글원 저장공간 변경,가입정보 메뉴에서 부가서비스를 확인할 수 있습니다.,2026-09-07T18:10:00,failed,720.0,False,initial,부가서비스 조회/해지,VAS_GUIDE_NO_CTA,N,2026-09-07T20:10:00,synthetic-seeder
110107,2026-09-07,101072,THREAD-VAS-B-0107,RUN-VAS-B-0107-2,구글원 100GB에서 200GB 변경,가입정보 메뉴에서 부가서비스를 확인할 수 있습니다.,2026-09-07T18:20:00,failed,720.0,True,repeat,부가서비스 조회/해지,VAS_GUIDE_NO_CTA,N,2026-09-07T20:20:00,synthetic-seeder
110108,2026-09-07,101081,THREAD-VAS-B-0108,RUN-VAS-B-0108-1,구글원 100GB에서 200GB 변경,가입정보 메뉴에서 부가서비스를 확인할 수 있습니다.,2026-09-07T18:10:00,failed,755.0,False,initial,부가서비스 조회/해지,VAS_GUIDE_NO_CTA,N,2026-09-07T20:10:00,synthetic-seeder
110108,2026-09-07,101082,THREAD-VAS-B-0108,RUN-VAS-B-0108-2,구글원 옵션 바꾸기,가입정보 메뉴에서 부가서비스를 확인할 수 있습니다.,2026-09-07T18:20:00,failed,755.0,True,repeat,부가서비스 조회/해지,VAS_GUIDE_NO_CTA,N,2026-09-07T20:20:00,synthetic-seeder
110109,2026-09-07,101091,THREAD-VAS-B-0109,RUN-VAS-B-0109-1,구글원 옵션 바꾸기,가입정보 메뉴에서 부가서비스를 확인할 수 있습니다.,2026-09-07T18:10:00,failed,790.0,False,initial,부가서비스 조회/해지,VAS_GUIDE_NO_CTA,N,2026-09-07T20:10:00,synthetic-seeder
110109,2026-09-07,101092,THREAD-VAS-B-0109,RUN-VAS-B-0109-2,구글원 부가서비스 변경,가입정보 메뉴에서 부가서비스를 확인할 수 있습니다.,2026-09-07T18:20:00,failed,790.0,True,repeat,부가서비스 조회/해지,VAS_GUIDE_NO_CTA,N,2026-09-07T20:20:00,synthetic-seeder
110110,2026-09-08,101101,THREAD-VAS-B-0110,RUN-VAS-B-0110-1,구글원 부가서비스 변경,가입정보 메뉴에서 부가서비스를 확인할 수 있습니다.,2026-09-08T18:10:00,failed,825.0,False,initial,부가서비스 조회/해지,VAS_GUIDE_NO_CTA,N,2026-09-08T20:10:00,synthetic-seeder
110110,2026-09-08,101102,THREAD-VAS-B-0110,RUN-VAS-B-0110-2,구글원 용량 변경 방법,가입정보 메뉴에서 부가서비스를 확인할 수 있습니다.,2026-09-08T18:20:00,failed,825.0,True,repeat,부가서비스 조회/해지,VAS_GUIDE_NO_CTA,N,2026-09-08T20:20:00,synthetic-seeder
110111,2026-09-09,101111,THREAD-VAS-B-0111,RUN-VAS-B-0111-1,구글원 용량 변경 방법,가입정보 메뉴에서 부가서비스를 확인할 수 있습니다.,2026-09-09T18:10:00,failed,860.0,False,initial,부가서비스 조회/해지,VAS_GUIDE_NO_CTA,N,2026-09-09T20:10:00,synthetic-seeder
110111,2026-09-09,101112,THREAD-VAS-B-0111,RUN-VAS-B-0111-2,구글원 200GB로 변경,가입정보 메뉴에서 부가서비스를 확인할 수 있습니다.,2026-09-09T18:20:00,failed,860.0,True,repeat,부가서비스 조회/해지,VAS_GUIDE_NO_CTA,N,2026-09-09T20:20:00,synthetic-seeder
110112,2026-09-10,101121,THREAD-VAS-B-0112,RUN-VAS-B-0112-1,구글원 200GB로 변경,가입정보 메뉴에서 부가서비스를 확인할 수 있습니다.,2026-09-10T18:10:00,failed,650.0,False,initial,부가서비스 조회/해지,VAS_GUIDE_NO_CTA,N,2026-09-10T20:10:00,synthetic-seeder
110112,2026-09-10,101122,THREAD-VAS-B-0112,RUN-VAS-B-0112-2,구글원 저장공간 변경,가입정보 메뉴에서 부가서비스를 확인할 수 있습니다.,2026-09-10T18:20:00,failed,650.0,True,repeat,부가서비스 조회/해지,VAS_GUIDE_NO_CTA,N,2026-09-10T20:20:00,synthetic-seeder
110113,2026-09-07,101131,THREAD-VAS-B-0113,RUN-VAS-B-0113-1,구글원 저장공간 변경,가입정보 메뉴에서 부가서비스를 확인할 수 있습니다.,2026-09-07T18:10:00,failed,685.0,False,initial,부가서비스 조회/해지,VAS_GUIDE_NO_CTA,N,2026-09-07T20:10:00,synthetic-seeder
110113,2026-09-07,101132,THREAD-VAS-B-0113,RUN-VAS-B-0113-2,구글원 100GB에서 200GB 변경,가입정보 메뉴에서 부가서비스를 확인할 수 있습니다.,2026-09-07T18:20:00,failed,685.0,True,repeat,부가서비스 조회/해지,VAS_GUIDE_NO_CTA,N,2026-09-07T20:20:00,synthetic-seeder
110114,2026-09-07,101141,THREAD-VAS-B-0114,RUN-VAS-B-0114-1,구글원 100GB에서 200GB 변경,가입정보 메뉴에서 부가서비스를 확인할 수 있습니다.,2026-09-07T18:10:00,failed,720.0,False,initial,부가서비스 조회/해지,VAS_GUIDE_NO_CTA,N,2026-09-07T20:10:00,synthetic-seeder
110114,2026-09-07,101142,THREAD-VAS-B-0114,RUN-VAS-B-0114-2,구글원 옵션 바꾸기,가입정보 메뉴에서 부가서비스를 확인할 수 있습니다.,2026-09-07T18:20:00,failed,720.0,True,repeat,부가서비스 조회/해지,VAS_GUIDE_NO_CTA,N,2026-09-07T20:20:00,synthetic-seeder
110115,2026-09-07,101151,THREAD-VAS-B-0115,RUN-VAS-B-0115-1,구글원 옵션 바꾸기,가입정보 메뉴에서 부가서비스를 확인할 수 있습니다.,2026-09-07T18:10:00,failed,755.0,False,initial,부가서비스 조회/해지,VAS_GUIDE_NO_CTA,N,2026-09-07T20:10:00,synthetic-seeder
110115,2026-09-07,101152,THREAD-VAS-B-0115,RUN-VAS-B-0115-2,구글원 부가서비스 변경,가입정보 메뉴에서 부가서비스를 확인할 수 있습니다.,2026-09-07T18:20:00,failed,755.0,True,repeat,부가서비스 조회/해지,VAS_GUIDE_NO_CTA,N,2026-09-07T20:20:00,synthetic-seeder
110116,2026-09-07,101161,THREAD-VAS-B-0116,RUN-VAS-B-0116-1,구글원 부가서비스 변경,가입정보 메뉴에서 부가서비스를 확인할 수 있습니다.,2026-09-07T18:10:00,failed,790.0,False,initial,부가서비스 조회/해지,VAS_GUIDE_NO_CTA,N,2026-09-07T20:10:00,synthetic-seeder
110116,2026-09-07,101162,THREAD-VAS-B-0116,RUN-VAS-B-0116-2,구글원 용량 변경 방법,가입정보 메뉴에서 부가서비스를 확인할 수 있습니다.,2026-09-07T18:20:00,failed,790.0,True,repeat,부가서비스 조회/해지,VAS_GUIDE_NO_CTA,N,2026-09-07T20:20:00,synthetic-seeder
110117,2026-09-08,101171,THREAD-VAS-B-0117,RUN-VAS-B-0117-1,구글원 용량 변경 방법,가입정보 메뉴에서 부가서비스를 확인할 수 있습니다.,2026-09-08T18:10:00,failed,825.0,False,initial,부가서비스 조회/해지,VAS_GUIDE_NO_CTA,N,2026-09-08T20:10:00,synthetic-seeder
110117,2026-09-08,101172,THREAD-VAS-B-0117,RUN-VAS-B-0117-2,구글원 200GB로 변경,가입정보 메뉴에서 부가서비스를 확인할 수 있습니다.,2026-09-08T18:20:00,failed,825.0,True,repeat,부가서비스 조회/해지,VAS_GUIDE_NO_CTA,N,2026-09-08T20:20:00,synthetic-seeder
110118,2026-09-09,101181,THREAD-VAS-B-0118,RUN-VAS-B-0118-1,구글원 200GB로 변경,가입정보 메뉴에서 부가서비스를 확인할 수 있습니다.,2026-09-09T18:10:00,failed,860.0,False,initial,부가서비스 조회/해지,VAS_GUIDE_NO_CTA,N,2026-09-09T20:10:00,synthetic-seeder
110118,2026-09-09,101182,THREAD-VAS-B-0118,RUN-VAS-B-0118-2,구글원 저장공간 변경,가입정보 메뉴에서 부가서비스를 확인할 수 있습니다.,2026-09-09T18:20:00,failed,860.0,True,repeat,부가서비스 조회/해지,VAS_GUIDE_NO_CTA,N,2026-09-09T20:20:00,synthetic-seeder
110119,2026-09-10,101191,THREAD-VAS-B-0119,RUN-VAS-B-0119-1,구글원 저장공간 변경,가입정보 메뉴에서 부가서비스를 확인할 수 있습니다.,2026-09-10T18:10:00,failed,650.0,False,initial,부가서비스 조회/해지,VAS_GUIDE_NO_CTA,N,2026-09-10T20:10:00,synthetic-seeder
110119,2026-09-10,101192,THREAD-VAS-B-0119,RUN-VAS-B-0119-2,구글원 100GB에서 200GB 변경,가입정보 메뉴에서 부가서비스를 확인할 수 있습니다.,2026-09-10T18:20:00,failed,650.0,True,repeat,부가서비스 조회/해지,VAS_GUIDE_NO_CTA,N,2026-09-10T20:20:00,synthetic-seeder
110120,2026-09-07,101201,THREAD-VAS-B-0120,RUN-VAS-B-0120-1,구글원 100GB에서 200GB 변경,가입정보 메뉴에서 부가서비스를 확인할 수 있습니다.,2026-09-07T18:10:00,failed,685.0,False,initial,부가서비스 조회/해지,VAS_GUIDE_NO_CTA,N,2026-09-07T20:10:00,synthetic-seeder
110120,2026-09-07,101202,THREAD-VAS-B-0120,RUN-VAS-B-0120-2,구글원 옵션 바꾸기,가입정보 메뉴에서 부가서비스를 확인할 수 있습니다.,2026-09-07T18:20:00,failed,685.0,True,repeat,부가서비스 조회/해지,VAS_GUIDE_NO_CTA,N,2026-09-07T20:20:00,synthetic-seeder
110121,2026-09-07,101211,THREAD-VAS-B-0121,RUN-VAS-B-0121-1,구글원 옵션 바꾸기,가입정보 메뉴에서 부가서비스를 확인할 수 있습니다.,2026-09-07T18:10:00,completed,720.0,False,initial,부가서비스 조회/해지,VAS_GUIDE_NO_CTA,N,2026-09-07T20:10:00,synthetic-seeder
110122,2026-09-07,101221,THREAD-VAS-B-0122,RUN-VAS-B-0122-1,구글원 부가서비스 변경,가입정보 메뉴에서 부가서비스를 확인할 수 있습니다.,2026-09-07T18:10:00,completed,755.0,False,initial,부가서비스 조회/해지,VAS_GUIDE_NO_CTA,N,2026-09-07T20:10:00,synthetic-seeder
110123,2026-09-07,101231,THREAD-VAS-B-0123,RUN-VAS-B-0123-1,구글원 용량 변경 방법,가입정보 메뉴에서 부가서비스를 확인할 수 있습니다.,2026-09-07T18:10:00,completed,790.0,False,initial,부가서비스 조회/해지,VAS_GUIDE_NO_CTA,N,2026-09-07T20:10:00,synthetic-seeder
110124,2026-09-08,101241,THREAD-VAS-B-0124,RUN-VAS-B-0124-1,구글원 200GB로 변경,가입정보 메뉴에서 부가서비스를 확인할 수 있습니다.,2026-09-08T18:10:00,completed,825.0,False,initial,부가서비스 조회/해지,VAS_GUIDE_NO_CTA,N,2026-09-08T20:10:00,synthetic-seeder
110125,2026-09-09,101251,THREAD-VAS-B-0125,RUN-VAS-B-0125-1,구글원 저장공간 변경,가입정보 메뉴에서 부가서비스를 확인할 수 있습니다.,2026-09-09T18:10:00,completed,860.0,False,initial,부가서비스 조회/해지,VAS_GUIDE_NO_CTA,N,2026-09-09T20:10:00,synthetic-seeder
110126,2026-09-10,101261,THREAD-VAS-B-0126,RUN-VAS-B-0126-1,구글원 100GB에서 200GB 변경,가입정보 메뉴에서 부가서비스를 확인할 수 있습니다.,2026-09-10T18:10:00,completed,650.0,False,initial,부가서비스 조회/해지,VAS_GUIDE_NO_CTA,N,2026-09-10T20:10:00,synthetic-seeder
110127,2026-09-07,101271,THREAD-VAS-B-0127,RUN-VAS-B-0127-1,구글원 옵션 바꾸기,가입정보 메뉴에서 부가서비스를 확인할 수 있습니다.,2026-09-07T18:10:00,completed,685.0,False,initial,부가서비스 조회/해지,VAS_GUIDE_NO_CTA,N,2026-09-07T20:10:00,synthetic-seeder
110128,2026-09-07,101281,THREAD-VAS-B-0128,RUN-VAS-B-0128-1,구글원 부가서비스 변경,가입정보 메뉴에서 부가서비스를 확인할 수 있습니다.,2026-09-07T18:10:00,completed,720.0,False,initial,부가서비스 조회/해지,VAS_GUIDE_NO_CTA,N,2026-09-07T20:10:00,synthetic-seeder
110129,2026-09-07,101291,THREAD-VAS-B-0129,RUN-VAS-B-0129-1,구글원 용량 변경 방법,가입정보 메뉴에서 부가서비스를 확인할 수 있습니다.,2026-09-07T18:10:00,completed,755.0,False,initial,부가서비스 조회/해지,VAS_GUIDE_NO_CTA,N,2026-09-07T20:10:00,synthetic-seeder
110130,2026-09-07,101301,THREAD-VAS-B-0130,RUN-VAS-B-0130-1,구글원 200GB로 변경,가입정보 메뉴에서 부가서비스를 확인할 수 있습니다.,2026-09-07T18:10:00,completed,790.0,False,initial,부가서비스 조회/해지,VAS_GUIDE_NO_CTA,N,2026-09-07T20:10:00,synthetic-seeder
110131,2026-09-08,101311,THREAD-VAS-B-0131,RUN-VAS-B-0131-1,구글원 저장공간 변경,가입정보 메뉴에서 부가서비스를 확인할 수 있습니다.,2026-09-08T18:10:00,completed,825.0,False,initial,부가서비스 조회/해지,VAS_GUIDE_NO_CTA,N,2026-09-08T20:10:00,synthetic-seeder
110132,2026-09-09,101321,THREAD-VAS-B-0132,RUN-VAS-B-0132-1,구글원 100GB에서 200GB 변경,가입정보 메뉴에서 부가서비스를 확인할 수 있습니다.,2026-09-09T18:10:00,completed,860.0,False,initial,부가서비스 조회/해지,VAS_GUIDE_NO_CTA,N,2026-09-09T20:10:00,synthetic-seeder
110133,2026-09-10,101331,THREAD-VAS-B-0133,RUN-VAS-B-0133-1,구글원 옵션 바꾸기,가입정보 메뉴에서 부가서비스를 확인할 수 있습니다.,2026-09-10T18:10:00,completed,650.0,False,initial,부가서비스 조회/해지,VAS_GUIDE_NO_CTA,N,2026-09-10T20:10:00,synthetic-seeder
110134,2026-09-07,101341,THREAD-VAS-B-0134,RUN-VAS-B-0134-1,구글원 부가서비스 변경,가입정보 메뉴에서 부가서비스를 확인할 수 있습니다.,2026-09-07T18:10:00,completed,685.0,False,initial,부가서비스 조회/해지,VAS_GUIDE_NO_CTA,N,2026-09-07T20:10:00,synthetic-seeder
110135,2026-09-07,101351,THREAD-VAS-B-0135,RUN-VAS-B-0135-1,구글원 용량 변경 방법,가입정보 메뉴에서 부가서비스를 확인할 수 있습니다.,2026-09-07T18:10:00,completed,720.0,False,initial,부가서비스 조회/해지,VAS_GUIDE_NO_CTA,N,2026-09-07T20:10:00,synthetic-seeder
110136,2026-09-07,101361,THREAD-VAS-B-0136,RUN-VAS-B-0136-1,구글원 200GB로 변경,가입정보 메뉴에서 부가서비스를 확인할 수 있습니다.,2026-09-07T18:10:00,completed,755.0,False,initial,부가서비스 조회/해지,VAS_GUIDE_NO_CTA,N,2026-09-07T20:10:00,synthetic-seeder
110137,2026-09-07,101371,THREAD-VAS-B-0137,RUN-VAS-B-0137-1,구글원 저장공간 변경,가입정보 메뉴에서 부가서비스를 확인할 수 있습니다.,2026-09-07T18:10:00,completed,790.0,False,initial,부가서비스 조회/해지,VAS_GUIDE_NO_CTA,N,2026-09-07T20:10:00,synthetic-seeder
110138,2026-09-08,101381,THREAD-VAS-B-0138,RUN-VAS-B-0138-1,구글원 100GB에서 200GB 변경,가입정보 메뉴에서 부가서비스를 확인할 수 있습니다.,2026-09-08T18:10:00,completed,825.0,False,initial,부가서비스 조회/해지,VAS_GUIDE_NO_CTA,N,2026-09-08T20:10:00,synthetic-seeder
110139,2026-09-09,101391,THREAD-VAS-B-0139,RUN-VAS-B-0139-1,구글원 옵션 바꾸기,가입정보 메뉴에서 부가서비스를 확인할 수 있습니다.,2026-09-09T18:10:00,completed,860.0,False,initial,부가서비스 조회/해지,VAS_GUIDE_NO_CTA,N,2026-09-09T20:10:00,synthetic-seeder
110140,2026-09-10,101401,THREAD-VAS-B-0140,RUN-VAS-B-0140-1,구글원 부가서비스 변경,가입정보 메뉴에서 부가서비스를 확인할 수 있습니다.,2026-09-10T18:10:00,completed,650.0,False,initial,부가서비스 조회/해지,VAS_GUIDE_NO_CTA,N,2026-09-10T20:10:00,synthetic-seeder
110141,2026-09-07,101411,THREAD-VAS-B-0141,RUN-VAS-B-0141-1,구글원 용량 변경 방법,가입정보 메뉴에서 부가서비스를 확인할 수 있습니다.,2026-09-07T18:10:00,completed,685.0,False,initial,부가서비스 조회/해지,VAS_GUIDE_NO_CTA,N,2026-09-07T20:10:00,synthetic-seeder
110142,2026-09-07,101421,THREAD-VAS-B-0142,RUN-VAS-B-0142-1,구글원 200GB로 변경,가입정보 메뉴에서 부가서비스를 확인할 수 있습니다.,2026-09-07T18:10:00,completed,720.0,False,initial,부가서비스 조회/해지,VAS_GUIDE_NO_CTA,N,2026-09-07T20:10:00,synthetic-seeder
110143,2026-09-07,101431,THREAD-VAS-B-0143,RUN-VAS-B-0143-1,구글원 저장공간 변경,가입정보 메뉴에서 부가서비스를 확인할 수 있습니다.,2026-09-07T18:10:00,completed,755.0,False,initial,부가서비스 조회/해지,VAS_GUIDE_NO_CTA,N,2026-09-07T20:10:00,synthetic-seeder
110144,2026-09-07,101441,THREAD-VAS-B-0144,RUN-VAS-B-0144-1,구글원 100GB에서 200GB 변경,가입정보 메뉴에서 부가서비스를 확인할 수 있습니다.,2026-09-07T18:10:00,completed,790.0,False,initial,부가서비스 조회/해지,VAS_GUIDE_NO_CTA,N,2026-09-07T20:10:00,synthetic-seeder
110145,2026-09-08,101451,THREAD-VAS-B-0145,RUN-VAS-B-0145-1,구글원 옵션 바꾸기,가입정보 메뉴에서 부가서비스를 확인할 수 있습니다.,2026-09-08T18:10:00,completed,825.0,False,initial,부가서비스 조회/해지,VAS_GUIDE_NO_CTA,N,2026-09-08T20:10:00,synthetic-seeder
110146,2026-09-09,101461,THREAD-VAS-B-0146,RUN-VAS-B-0146-1,구글원 부가서비스 변경,가입정보 메뉴에서 부가서비스를 확인할 수 있습니다.,2026-09-09T18:10:00,completed,860.0,False,initial,부가서비스 조회/해지,VAS_GUIDE_NO_CTA,N,2026-09-09T20:10:00,synthetic-seeder
110147,2026-09-10,101471,THREAD-VAS-B-0147,RUN-VAS-B-0147-1,구글원 용량 변경 방법,가입정보 메뉴에서 부가서비스를 확인할 수 있습니다.,2026-09-10T18:10:00,completed,650.0,False,initial,부가서비스 조회/해지,VAS_GUIDE_NO_CTA,N,2026-09-10T20:10:00,synthetic-seeder
110148,2026-09-07,101481,THREAD-VAS-B-0148,RUN-VAS-B-0148-1,구글원 200GB로 변경,가입정보 메뉴에서 부가서비스를 확인할 수 있습니다.,2026-09-07T18:10:00,completed,685.0,False,initial,부가서비스 조회/해지,VAS_GUIDE_NO_CTA,N,2026-09-07T20:10:00,synthetic-seeder
110149,2026-09-07,101491,THREAD-VAS-B-0149,RUN-VAS-B-0149-1,구글원 저장공간 변경,가입정보 메뉴에서 부가서비스를 확인할 수 있습니다.,2026-09-07T18:10:00,completed,720.0,False,initial,부가서비스 조회/해지,VAS_GUIDE_NO_CTA,N,2026-09-07T20:10:00,synthetic-seeder
110150,2026-09-07,101501,THREAD-VAS-B-0150,RUN-VAS-B-0150-1,구글원 100GB에서 200GB 변경,가입정보 메뉴에서 부가서비스를 확인할 수 있습니다.,2026-09-07T18:10:00,completed,755.0,False,initial,부가서비스 조회/해지,VAS_GUIDE_NO_CTA,N,2026-09-07T20:10:00,synthetic-seeder
110151,2026-09-07,101511,THREAD-VAS-B-0151,RUN-VAS-B-0151-1,구글원 옵션 바꾸기,가입정보 메뉴에서 부가서비스를 확인할 수 있습니다.,2026-09-07T18:10:00,completed,790.0,False,initial,부가서비스 조회/해지,VAS_GUIDE_NO_CTA,N,2026-09-07T20:10:00,synthetic-seeder
110152,2026-09-08,101521,THREAD-VAS-B-0152,RUN-VAS-B-0152-1,구글원 부가서비스 변경,가입정보 메뉴에서 부가서비스를 확인할 수 있습니다.,2026-09-08T18:10:00,completed,825.0,False,initial,부가서비스 조회/해지,VAS_GUIDE_NO_CTA,N,2026-09-08T20:10:00,synthetic-seeder
110153,2026-09-09,101531,THREAD-VAS-B-0153,RUN-VAS-B-0153-1,구글원 용량 변경 방법,가입정보 메뉴에서 부가서비스를 확인할 수 있습니다.,2026-09-09T18:10:00,completed,860.0,False,initial,부가서비스 조회/해지,VAS_GUIDE_NO_CTA,N,2026-09-09T20:10:00,synthetic-seeder
110154,2026-09-10,101541,THREAD-VAS-B-0154,RUN-VAS-B-0154-1,구글원 200GB로 변경,가입정보 메뉴에서 부가서비스를 확인할 수 있습니다.,2026-09-10T18:10:00,completed,650.0,False,initial,부가서비스 조회/해지,VAS_GUIDE_NO_CTA,N,2026-09-10T20:10:00,synthetic-seeder
110155,2026-09-07,101551,THREAD-VAS-B-0155,RUN-VAS-B-0155-1,구글원 저장공간 변경,가입정보 메뉴에서 부가서비스를 확인할 수 있습니다.,2026-09-07T18:10:00,completed,685.0,False,initial,부가서비스 조회/해지,VAS_GUIDE_NO_CTA,N,2026-09-07T20:10:00,synthetic-seeder
110156,2026-09-07,101561,THREAD-VAS-B-0156,RUN-VAS-B-0156-1,구글원 100GB에서 200GB 변경,가입정보 메뉴에서 부가서비스를 확인할 수 있습니다.,2026-09-07T18:10:00,completed,720.0,False,initial,부가서비스 조회/해지,VAS_GUIDE_NO_CTA,N,2026-09-07T20:10:00,synthetic-seeder
110157,2026-09-07,101571,THREAD-VAS-B-0157,RUN-VAS-B-0157-1,구글원 옵션 바꾸기,가입정보 메뉴에서 부가서비스를 확인할 수 있습니다.,2026-09-07T18:10:00,completed,755.0,False,initial,부가서비스 조회/해지,VAS_GUIDE_NO_CTA,N,2026-09-07T20:10:00,synthetic-seeder
110158,2026-09-07,101581,THREAD-VAS-B-0158,RUN-VAS-B-0158-1,구글원 부가서비스 변경,가입정보 메뉴에서 부가서비스를 확인할 수 있습니다.,2026-09-07T18:10:00,completed,790.0,False,initial,부가서비스 조회/해지,VAS_GUIDE_NO_CTA,N,2026-09-07T20:10:00,synthetic-seeder
110159,2026-09-08,101591,THREAD-VAS-B-0159,RUN-VAS-B-0159-1,구글원 용량 변경 방법,가입정보 메뉴에서 부가서비스를 확인할 수 있습니다.,2026-09-08T18:10:00,completed,825.0,False,initial,부가서비스 조회/해지,VAS_GUIDE_NO_CTA,N,2026-09-08T20:10:00,synthetic-seeder
110160,2026-09-09,101601,THREAD-VAS-B-0160,RUN-VAS-B-0160-1,구글원 200GB로 변경,가입정보 메뉴에서 부가서비스를 확인할 수 있습니다.,2026-09-09T18:10:00,completed,860.0,False,initial,부가서비스 조회/해지,VAS_GUIDE_NO_CTA,N,2026-09-09T20:10:00,synthetic-seeder
110161,2026-09-10,101611,THREAD-VAS-B-0161,RUN-VAS-B-0161-1,부가서비스 해지,가입정보 메뉴에서 부가서비스를 확인할 수 있습니다.,2026-09-10T18:10:00,completed,650.0,False,initial,부가서비스 조회/해지,VAS_GUIDE_NO_CTA,N,2026-09-10T20:10:00,synthetic-seeder
110162,2026-09-04,101621,THREAD-VAS-B-0162,RUN-VAS-B-0162-1,부가서비스 끄기,가입정보 메뉴에서 부가서비스를 확인할 수 있습니다.,2026-09-04T18:10:00,completed,685.0,False,initial,부가서비스 조회/해지,VAS_GUIDE_NO_CTA,N,2026-09-04T20:10:00,synthetic-seeder
110163,2026-09-05,101631,THREAD-VAS-B-0163,RUN-VAS-B-0163-1,안 쓰는 서비스 빼기,가입정보 메뉴에서 부가서비스를 확인할 수 있습니다.,2026-09-05T18:10:00,completed,720.0,False,initial,부가서비스 조회/해지,VAS_GUIDE_NO_CTA,N,2026-09-05T20:10:00,synthetic-seeder
110164,2026-09-06,101641,THREAD-VAS-B-0164,RUN-VAS-B-0164-1,내가 가입한 부가서비스,가입정보 메뉴에서 부가서비스를 확인할 수 있습니다.,2026-09-06T18:10:00,completed,755.0,False,initial,부가서비스 조회/해지,VAS_GUIDE_NO_CTA,N,2026-09-06T20:10:00,synthetic-seeder
110165,2026-09-07,101651,THREAD-VAS-B-0165,RUN-VAS-B-0165-1,부가서비스 확인,가입정보 메뉴에서 부가서비스를 확인할 수 있습니다.,2026-09-07T18:10:00,completed,790.0,False,initial,부가서비스 조회/해지,VAS_GUIDE_NO_CTA,N,2026-09-07T20:10:00,synthetic-seeder
110166,2026-09-08,101661,THREAD-VAS-B-0166,RUN-VAS-B-0166-1,부가서비스 변경,가입정보 메뉴에서 부가서비스를 확인할 수 있습니다.,2026-09-08T18:10:00,completed,825.0,False,initial,부가서비스 조회/해지,VAS_GUIDE_NO_CTA,N,2026-09-08T20:10:00,synthetic-seeder
110167,2026-09-09,101671,THREAD-VAS-B-0167,RUN-VAS-B-0167-1,부가서비스 해지,가입정보 메뉴에서 부가서비스를 확인할 수 있습니다.,2026-09-09T18:10:00,completed,860.0,False,initial,부가서비스 조회/해지,VAS_GUIDE_NO_CTA,N,2026-09-09T20:10:00,synthetic-seeder
110168,2026-09-10,101681,THREAD-VAS-B-0168,RUN-VAS-B-0168-1,부가서비스 끄기,가입정보 메뉴에서 부가서비스를 확인할 수 있습니다.,2026-09-10T18:10:00,completed,650.0,False,initial,부가서비스 조회/해지,VAS_GUIDE_NO_CTA,N,2026-09-10T20:10:00,synthetic-seeder
110169,2026-09-04,101691,THREAD-VAS-B-0169,RUN-VAS-B-0169-1,안 쓰는 서비스 빼기,가입정보 메뉴에서 부가서비스를 확인할 수 있습니다.,2026-09-04T18:10:00,completed,685.0,False,initial,부가서비스 조회/해지,VAS_GUIDE_NO_CTA,N,2026-09-04T20:10:00,synthetic-seeder
110170,2026-09-05,101701,THREAD-VAS-B-0170,RUN-VAS-B-0170-1,내가 가입한 부가서비스,가입정보 메뉴에서 부가서비스를 확인할 수 있습니다.,2026-09-05T18:10:00,completed,720.0,False,initial,부가서비스 조회/해지,VAS_GUIDE_NO_CTA,N,2026-09-05T20:10:00,synthetic-seeder
110171,2026-09-06,101711,THREAD-VAS-B-0171,RUN-VAS-B-0171-1,부가서비스 확인,가입정보 메뉴에서 부가서비스를 확인할 수 있습니다.,2026-09-06T18:10:00,completed,755.0,False,initial,부가서비스 조회/해지,VAS_GUIDE_NO_CTA,N,2026-09-06T20:10:00,synthetic-seeder
110172,2026-09-07,101721,THREAD-VAS-B-0172,RUN-VAS-B-0172-1,부가서비스 변경,가입정보 메뉴에서 부가서비스를 확인할 수 있습니다.,2026-09-07T18:10:00,completed,790.0,False,initial,부가서비스 조회/해지,VAS_GUIDE_NO_CTA,N,2026-09-07T20:10:00,synthetic-seeder
110173,2026-09-08,101731,THREAD-VAS-B-0173,RUN-VAS-B-0173-1,부가서비스 해지,가입정보 메뉴에서 부가서비스를 확인할 수 있습니다.,2026-09-08T18:10:00,completed,825.0,False,initial,부가서비스 조회/해지,VAS_GUIDE_NO_CTA,N,2026-09-08T20:10:00,synthetic-seeder
110174,2026-09-09,101741,THREAD-VAS-B-0174,RUN-VAS-B-0174-1,부가서비스 끄기,가입정보 메뉴에서 부가서비스를 확인할 수 있습니다.,2026-09-09T18:10:00,completed,860.0,False,initial,부가서비스 조회/해지,VAS_GUIDE_NO_CTA,N,2026-09-09T20:10:00,synthetic-seeder
110175,2026-09-10,101751,THREAD-VAS-B-0175,RUN-VAS-B-0175-1,안 쓰는 서비스 빼기,가입정보 메뉴에서 부가서비스를 확인할 수 있습니다.,2026-09-10T18:10:00,completed,650.0,False,initial,부가서비스 조회/해지,VAS_GUIDE_NO_CTA,N,2026-09-10T20:10:00,synthetic-seeder
110176,2026-09-04,101761,THREAD-VAS-B-0176,RUN-VAS-B-0176-1,내가 가입한 부가서비스,가입정보 메뉴에서 부가서비스를 확인할 수 있습니다.,2026-09-04T18:10:00,completed,685.0,False,initial,부가서비스 조회/해지,VAS_GUIDE_NO_CTA,N,2026-09-04T20:10:00,synthetic-seeder
110177,2026-09-05,101771,THREAD-VAS-B-0177,RUN-VAS-B-0177-1,부가서비스 확인,가입정보 메뉴에서 부가서비스를 확인할 수 있습니다.,2026-09-05T18:10:00,completed,720.0,False,initial,부가서비스 조회/해지,VAS_GUIDE_NO_CTA,N,2026-09-05T20:10:00,synthetic-seeder
110178,2026-09-06,101781,THREAD-VAS-B-0178,RUN-VAS-B-0178-1,부가서비스 변경,가입정보 메뉴에서 부가서비스를 확인할 수 있습니다.,2026-09-06T18:10:00,completed,755.0,False,initial,부가서비스 조회/해지,VAS_GUIDE_NO_CTA,N,2026-09-06T20:10:00,synthetic-seeder
110179,2026-09-07,101791,THREAD-VAS-B-0179,RUN-VAS-B-0179-1,부가서비스 해지,가입정보 메뉴에서 부가서비스를 확인할 수 있습니다.,2026-09-07T18:10:00,completed,790.0,False,initial,부가서비스 조회/해지,VAS_GUIDE_NO_CTA,N,2026-09-07T20:10:00,synthetic-seeder
110180,2026-09-08,101801,THREAD-VAS-B-0180,RUN-VAS-B-0180-1,부가서비스 끄기,가입정보 메뉴에서 부가서비스를 확인할 수 있습니다.,2026-09-08T18:10:00,completed,825.0,False,initial,부가서비스 조회/해지,VAS_GUIDE_NO_CTA,N,2026-09-08T20:10:00,synthetic-seeder
210001,2026-09-07,200011,THREAD-PAY-B-0001,RUN-PAY-B-0001-1,한도 올리는 법,한도 선택 후 동의와 본인인증을 완료해야 합니다.,2026-09-07T19:10:00,failed,750.0,False,initial,소액결제 한도 변경,PAYMENT_GUIDE_V1,N,2026-09-07T21:10:00,synthetic-seeder
210001,2026-09-07,200012,THREAD-PAY-B-0001,RUN-PAY-B-0001-2,한도 변경 안 됨,한도 선택 후 동의와 본인인증을 완료해야 합니다.,2026-09-07T19:20:00,failed,750.0,True,repeat,소액결제 한도 변경,PAYMENT_GUIDE_V1,N,2026-09-07T21:20:00,synthetic-seeder
210002,2026-09-08,200021,THREAD-PAY-B-0002,RUN-PAY-B-0002-1,한도 변경 안 됨,한도 선택 후 동의와 본인인증을 완료해야 합니다.,2026-09-08T19:10:00,failed,780.0,False,initial,소액결제 한도 변경,PAYMENT_GUIDE_V1,N,2026-09-08T21:10:00,synthetic-seeder
210002,2026-09-08,200022,THREAD-PAY-B-0002,RUN-PAY-B-0002-2,결제 한도 변경 오류,한도 선택 후 동의와 본인인증을 완료해야 합니다.,2026-09-08T19:20:00,failed,780.0,True,repeat,소액결제 한도 변경,PAYMENT_GUIDE_V1,N,2026-09-08T21:20:00,synthetic-seeder
210003,2026-09-09,200031,THREAD-PAY-B-0003,RUN-PAY-B-0003-1,결제 한도 변경 오류,한도 선택 후 동의와 본인인증을 완료해야 합니다.,2026-09-09T19:10:00,failed,810.0,False,initial,소액결제 한도 변경,PAYMENT_GUIDE_V1,N,2026-09-09T21:10:00,synthetic-seeder
210003,2026-09-09,200032,THREAD-PAY-B-0003,RUN-PAY-B-0003-2,한도 변경 왜 안돼,한도 선택 후 동의와 본인인증을 완료해야 합니다.,2026-09-09T19:20:00,failed,810.0,True,repeat,소액결제 한도 변경,PAYMENT_GUIDE_V1,N,2026-09-09T21:20:00,synthetic-seeder
210004,2026-09-10,200041,THREAD-PAY-B-0004,RUN-PAY-B-0004-1,한도 변경 왜 안돼,한도 선택 후 동의와 본인인증을 완료해야 합니다.,2026-09-10T19:10:00,failed,840.0,False,initial,소액결제 한도 변경,PAYMENT_GUIDE_V1,N,2026-09-10T21:10:00,synthetic-seeder
210004,2026-09-10,200042,THREAD-PAY-B-0004,RUN-PAY-B-0004-2,소액결제 한도 늘리기,한도 선택 후 동의와 본인인증을 완료해야 합니다.,2026-09-10T19:20:00,failed,840.0,True,repeat,소액결제 한도 변경,PAYMENT_GUIDE_V1,N,2026-09-10T21:20:00,synthetic-seeder
210005,2026-09-07,200051,THREAD-PAY-B-0005,RUN-PAY-B-0005-1,소액결제 한도 늘리기,한도 선택 후 동의와 본인인증을 완료해야 합니다.,2026-09-07T19:10:00,failed,870.0,False,initial,소액결제 한도 변경,PAYMENT_GUIDE_V1,N,2026-09-07T21:10:00,synthetic-seeder
210005,2026-09-07,200052,THREAD-PAY-B-0005,RUN-PAY-B-0005-2,결제 한도 변경,한도 선택 후 동의와 본인인증을 완료해야 합니다.,2026-09-07T19:20:00,failed,870.0,True,repeat,소액결제 한도 변경,PAYMENT_GUIDE_V1,N,2026-09-07T21:20:00,synthetic-seeder
210006,2026-09-08,200061,THREAD-PAY-B-0006,RUN-PAY-B-0006-1,결제 한도 변경,한도 선택 후 동의와 본인인증을 완료해야 합니다.,2026-09-08T19:10:00,failed,900.0,False,initial,소액결제 한도 변경,PAYMENT_GUIDE_V1,N,2026-09-08T21:10:00,synthetic-seeder
210006,2026-09-08,200062,THREAD-PAY-B-0006,RUN-PAY-B-0006-2,한도 올리는 법,한도 선택 후 동의와 본인인증을 완료해야 합니다.,2026-09-08T19:20:00,failed,900.0,True,repeat,소액결제 한도 변경,PAYMENT_GUIDE_V1,N,2026-09-08T21:20:00,synthetic-seeder
210007,2026-09-09,200071,THREAD-PAY-B-0007,RUN-PAY-B-0007-1,한도 올리는 법,한도 선택 후 동의와 본인인증을 완료해야 합니다.,2026-09-09T19:10:00,failed,930.0,False,initial,소액결제 한도 변경,PAYMENT_GUIDE_V1,N,2026-09-09T21:10:00,synthetic-seeder
210007,2026-09-09,200072,THREAD-PAY-B-0007,RUN-PAY-B-0007-2,한도 변경 안 됨,한도 선택 후 동의와 본인인증을 완료해야 합니다.,2026-09-09T19:20:00,failed,930.0,True,repeat,소액결제 한도 변경,PAYMENT_GUIDE_V1,N,2026-09-09T21:20:00,synthetic-seeder
210008,2026-09-10,200081,THREAD-PAY-B-0008,RUN-PAY-B-0008-1,한도 변경 안 됨,한도 선택 후 동의와 본인인증을 완료해야 합니다.,2026-09-10T19:10:00,failed,960.0,False,initial,소액결제 한도 변경,PAYMENT_GUIDE_V1,N,2026-09-10T21:10:00,synthetic-seeder
210008,2026-09-10,200082,THREAD-PAY-B-0008,RUN-PAY-B-0008-2,결제 한도 변경 오류,한도 선택 후 동의와 본인인증을 완료해야 합니다.,2026-09-10T19:20:00,failed,960.0,True,repeat,소액결제 한도 변경,PAYMENT_GUIDE_V1,N,2026-09-10T21:20:00,synthetic-seeder
210009,2026-09-07,200091,THREAD-PAY-B-0009,RUN-PAY-B-0009-1,결제 한도 변경 오류,한도 선택 후 동의와 본인인증을 완료해야 합니다.,2026-09-07T19:10:00,failed,720.0,False,initial,소액결제 한도 변경,PAYMENT_GUIDE_V1,N,2026-09-07T21:10:00,synthetic-seeder
210009,2026-09-07,200092,THREAD-PAY-B-0009,RUN-PAY-B-0009-2,한도 변경 왜 안돼,한도 선택 후 동의와 본인인증을 완료해야 합니다.,2026-09-07T19:20:00,failed,720.0,True,repeat,소액결제 한도 변경,PAYMENT_GUIDE_V1,N,2026-09-07T21:20:00,synthetic-seeder
210010,2026-09-08,200101,THREAD-PAY-B-0010,RUN-PAY-B-0010-1,한도 변경 왜 안돼,한도 선택 후 동의와 본인인증을 완료해야 합니다.,2026-09-08T19:10:00,failed,750.0,False,initial,소액결제 한도 변경,PAYMENT_GUIDE_V1,N,2026-09-08T21:10:00,synthetic-seeder
210010,2026-09-08,200102,THREAD-PAY-B-0010,RUN-PAY-B-0010-2,소액결제 한도 늘리기,한도 선택 후 동의와 본인인증을 완료해야 합니다.,2026-09-08T19:20:00,failed,750.0,True,repeat,소액결제 한도 변경,PAYMENT_GUIDE_V1,N,2026-09-08T21:20:00,synthetic-seeder
210011,2026-09-09,200111,THREAD-PAY-B-0011,RUN-PAY-B-0011-1,소액결제 한도 늘리기,한도 선택 후 동의와 본인인증을 완료해야 합니다.,2026-09-09T19:10:00,failed,780.0,False,initial,소액결제 한도 변경,PAYMENT_GUIDE_V1,N,2026-09-09T21:10:00,synthetic-seeder
210011,2026-09-09,200112,THREAD-PAY-B-0011,RUN-PAY-B-0011-2,결제 한도 변경,한도 선택 후 동의와 본인인증을 완료해야 합니다.,2026-09-09T19:20:00,failed,780.0,True,repeat,소액결제 한도 변경,PAYMENT_GUIDE_V1,N,2026-09-09T21:20:00,synthetic-seeder
210012,2026-09-10,200121,THREAD-PAY-B-0012,RUN-PAY-B-0012-1,결제 한도 변경,한도 선택 후 동의와 본인인증을 완료해야 합니다.,2026-09-10T19:10:00,failed,810.0,False,initial,소액결제 한도 변경,PAYMENT_GUIDE_V1,N,2026-09-10T21:10:00,synthetic-seeder
210012,2026-09-10,200122,THREAD-PAY-B-0012,RUN-PAY-B-0012-2,한도 올리는 법,한도 선택 후 동의와 본인인증을 완료해야 합니다.,2026-09-10T19:20:00,failed,810.0,True,repeat,소액결제 한도 변경,PAYMENT_GUIDE_V1,N,2026-09-10T21:20:00,synthetic-seeder
210013,2026-09-07,200131,THREAD-PAY-B-0013,RUN-PAY-B-0013-1,한도 올리는 법,한도 선택 후 동의와 본인인증을 완료해야 합니다.,2026-09-07T19:10:00,failed,840.0,False,initial,소액결제 한도 변경,PAYMENT_GUIDE_V1,N,2026-09-07T21:10:00,synthetic-seeder
210013,2026-09-07,200132,THREAD-PAY-B-0013,RUN-PAY-B-0013-2,한도 변경 안 됨,한도 선택 후 동의와 본인인증을 완료해야 합니다.,2026-09-07T19:20:00,failed,840.0,True,repeat,소액결제 한도 변경,PAYMENT_GUIDE_V1,N,2026-09-07T21:20:00,synthetic-seeder
210014,2026-09-08,200141,THREAD-PAY-B-0014,RUN-PAY-B-0014-1,한도 변경 안 됨,한도 선택 후 동의와 본인인증을 완료해야 합니다.,2026-09-08T19:10:00,failed,870.0,False,initial,소액결제 한도 변경,PAYMENT_GUIDE_V1,N,2026-09-08T21:10:00,synthetic-seeder
210014,2026-09-08,200142,THREAD-PAY-B-0014,RUN-PAY-B-0014-2,결제 한도 변경 오류,한도 선택 후 동의와 본인인증을 완료해야 합니다.,2026-09-08T19:20:00,failed,870.0,True,repeat,소액결제 한도 변경,PAYMENT_GUIDE_V1,N,2026-09-08T21:20:00,synthetic-seeder
210015,2026-09-09,200151,THREAD-PAY-B-0015,RUN-PAY-B-0015-1,결제 한도 변경 오류,한도 선택 후 동의와 본인인증을 완료해야 합니다.,2026-09-09T19:10:00,failed,900.0,False,initial,소액결제 한도 변경,PAYMENT_GUIDE_V1,N,2026-09-09T21:10:00,synthetic-seeder
210015,2026-09-09,200152,THREAD-PAY-B-0015,RUN-PAY-B-0015-2,한도 변경 왜 안돼,한도 선택 후 동의와 본인인증을 완료해야 합니다.,2026-09-09T19:20:00,failed,900.0,True,repeat,소액결제 한도 변경,PAYMENT_GUIDE_V1,N,2026-09-09T21:20:00,synthetic-seeder
210016,2026-09-10,200161,THREAD-PAY-B-0016,RUN-PAY-B-0016-1,한도 변경 왜 안돼,한도 선택 후 동의와 본인인증을 완료해야 합니다.,2026-09-10T19:10:00,failed,930.0,False,initial,소액결제 한도 변경,PAYMENT_GUIDE_V1,N,2026-09-10T21:10:00,synthetic-seeder
210016,2026-09-10,200162,THREAD-PAY-B-0016,RUN-PAY-B-0016-2,소액결제 한도 늘리기,한도 선택 후 동의와 본인인증을 완료해야 합니다.,2026-09-10T19:20:00,failed,930.0,True,repeat,소액결제 한도 변경,PAYMENT_GUIDE_V1,N,2026-09-10T21:20:00,synthetic-seeder
210017,2026-09-07,200171,THREAD-PAY-B-0017,RUN-PAY-B-0017-1,소액결제 한도 늘리기,한도 선택 후 동의와 본인인증을 완료해야 합니다.,2026-09-07T19:10:00,failed,960.0,False,initial,소액결제 한도 변경,PAYMENT_GUIDE_V1,N,2026-09-07T21:10:00,synthetic-seeder
210017,2026-09-07,200172,THREAD-PAY-B-0017,RUN-PAY-B-0017-2,결제 한도 변경,한도 선택 후 동의와 본인인증을 완료해야 합니다.,2026-09-07T19:20:00,failed,960.0,True,repeat,소액결제 한도 변경,PAYMENT_GUIDE_V1,N,2026-09-07T21:20:00,synthetic-seeder
210018,2026-09-08,200181,THREAD-PAY-B-0018,RUN-PAY-B-0018-1,결제 한도 변경,한도 선택 후 동의와 본인인증을 완료해야 합니다.,2026-09-08T19:10:00,failed,720.0,False,initial,소액결제 한도 변경,PAYMENT_GUIDE_V1,N,2026-09-08T21:10:00,synthetic-seeder
210018,2026-09-08,200182,THREAD-PAY-B-0018,RUN-PAY-B-0018-2,한도 올리는 법,한도 선택 후 동의와 본인인증을 완료해야 합니다.,2026-09-08T19:20:00,failed,720.0,True,repeat,소액결제 한도 변경,PAYMENT_GUIDE_V1,N,2026-09-08T21:20:00,synthetic-seeder
210019,2026-09-09,200191,THREAD-PAY-B-0019,RUN-PAY-B-0019-1,한도 올리는 법,한도 선택 후 동의와 본인인증을 완료해야 합니다.,2026-09-09T19:10:00,failed,750.0,False,initial,소액결제 한도 변경,PAYMENT_GUIDE_V1,N,2026-09-09T21:10:00,synthetic-seeder
210019,2026-09-09,200192,THREAD-PAY-B-0019,RUN-PAY-B-0019-2,한도 변경 안 됨,한도 선택 후 동의와 본인인증을 완료해야 합니다.,2026-09-09T19:20:00,failed,750.0,True,repeat,소액결제 한도 변경,PAYMENT_GUIDE_V1,N,2026-09-09T21:20:00,synthetic-seeder
210020,2026-09-10,200201,THREAD-PAY-B-0020,RUN-PAY-B-0020-1,한도 변경 안 됨,한도 선택 후 동의와 본인인증을 완료해야 합니다.,2026-09-10T19:10:00,failed,780.0,False,initial,소액결제 한도 변경,PAYMENT_GUIDE_V1,N,2026-09-10T21:10:00,synthetic-seeder
210020,2026-09-10,200202,THREAD-PAY-B-0020,RUN-PAY-B-0020-2,결제 한도 변경 오류,한도 선택 후 동의와 본인인증을 완료해야 합니다.,2026-09-10T19:20:00,failed,780.0,True,repeat,소액결제 한도 변경,PAYMENT_GUIDE_V1,N,2026-09-10T21:20:00,synthetic-seeder
210021,2026-09-07,200211,THREAD-PAY-B-0021,RUN-PAY-B-0021-1,결제 한도 변경 오류,한도 선택 후 동의와 본인인증을 완료해야 합니다.,2026-09-07T19:10:00,failed,810.0,False,initial,소액결제 한도 변경,PAYMENT_GUIDE_V1,N,2026-09-07T21:10:00,synthetic-seeder
210021,2026-09-07,200212,THREAD-PAY-B-0021,RUN-PAY-B-0021-2,한도 변경 왜 안돼,한도 선택 후 동의와 본인인증을 완료해야 합니다.,2026-09-07T19:20:00,failed,810.0,True,repeat,소액결제 한도 변경,PAYMENT_GUIDE_V1,N,2026-09-07T21:20:00,synthetic-seeder
210022,2026-09-08,200221,THREAD-PAY-B-0022,RUN-PAY-B-0022-1,한도 변경 왜 안돼,한도 선택 후 동의와 본인인증을 완료해야 합니다.,2026-09-08T19:10:00,failed,840.0,False,initial,소액결제 한도 변경,PAYMENT_GUIDE_V1,N,2026-09-08T21:10:00,synthetic-seeder
210022,2026-09-08,200222,THREAD-PAY-B-0022,RUN-PAY-B-0022-2,소액결제 한도 늘리기,한도 선택 후 동의와 본인인증을 완료해야 합니다.,2026-09-08T19:20:00,failed,840.0,True,repeat,소액결제 한도 변경,PAYMENT_GUIDE_V1,N,2026-09-08T21:20:00,synthetic-seeder
210023,2026-09-09,200231,THREAD-PAY-B-0023,RUN-PAY-B-0023-1,소액결제 한도 늘리기,한도 선택 후 동의와 본인인증을 완료해야 합니다.,2026-09-09T19:10:00,failed,870.0,False,initial,소액결제 한도 변경,PAYMENT_GUIDE_V1,N,2026-09-09T21:10:00,synthetic-seeder
210023,2026-09-09,200232,THREAD-PAY-B-0023,RUN-PAY-B-0023-2,결제 한도 변경,한도 선택 후 동의와 본인인증을 완료해야 합니다.,2026-09-09T19:20:00,failed,870.0,True,repeat,소액결제 한도 변경,PAYMENT_GUIDE_V1,N,2026-09-09T21:20:00,synthetic-seeder
210024,2026-09-10,200241,THREAD-PAY-B-0024,RUN-PAY-B-0024-1,결제 한도 변경,한도 선택 후 동의와 본인인증을 완료해야 합니다.,2026-09-10T19:10:00,failed,900.0,False,initial,소액결제 한도 변경,PAYMENT_GUIDE_V1,N,2026-09-10T21:10:00,synthetic-seeder
210024,2026-09-10,200242,THREAD-PAY-B-0024,RUN-PAY-B-0024-2,한도 올리는 법,한도 선택 후 동의와 본인인증을 완료해야 합니다.,2026-09-10T19:20:00,failed,900.0,True,repeat,소액결제 한도 변경,PAYMENT_GUIDE_V1,N,2026-09-10T21:20:00,synthetic-seeder
210025,2026-09-07,200251,THREAD-PAY-B-0025,RUN-PAY-B-0025-1,한도 올리는 법,한도 선택 후 동의와 본인인증을 완료해야 합니다.,2026-09-07T19:10:00,failed,930.0,False,initial,소액결제 한도 변경,PAYMENT_GUIDE_V1,N,2026-09-07T21:10:00,synthetic-seeder
210025,2026-09-07,200252,THREAD-PAY-B-0025,RUN-PAY-B-0025-2,한도 변경 안 됨,한도 선택 후 동의와 본인인증을 완료해야 합니다.,2026-09-07T19:20:00,failed,930.0,True,repeat,소액결제 한도 변경,PAYMENT_GUIDE_V1,N,2026-09-07T21:20:00,synthetic-seeder
210026,2026-09-08,200261,THREAD-PAY-B-0026,RUN-PAY-B-0026-1,한도 변경 안 됨,한도 선택 후 동의와 본인인증을 완료해야 합니다.,2026-09-08T19:10:00,failed,960.0,False,initial,소액결제 한도 변경,PAYMENT_GUIDE_V1,N,2026-09-08T21:10:00,synthetic-seeder
210026,2026-09-08,200262,THREAD-PAY-B-0026,RUN-PAY-B-0026-2,결제 한도 변경 오류,한도 선택 후 동의와 본인인증을 완료해야 합니다.,2026-09-08T19:20:00,failed,960.0,True,repeat,소액결제 한도 변경,PAYMENT_GUIDE_V1,N,2026-09-08T21:20:00,synthetic-seeder
210027,2026-09-09,200271,THREAD-PAY-B-0027,RUN-PAY-B-0027-1,결제 한도 변경 오류,한도 선택 후 동의와 본인인증을 완료해야 합니다.,2026-09-09T19:10:00,failed,720.0,False,initial,소액결제 한도 변경,PAYMENT_GUIDE_V1,N,2026-09-09T21:10:00,synthetic-seeder
210027,2026-09-09,200272,THREAD-PAY-B-0027,RUN-PAY-B-0027-2,한도 변경 왜 안돼,한도 선택 후 동의와 본인인증을 완료해야 합니다.,2026-09-09T19:20:00,failed,720.0,True,repeat,소액결제 한도 변경,PAYMENT_GUIDE_V1,N,2026-09-09T21:20:00,synthetic-seeder
210028,2026-09-10,200281,THREAD-PAY-B-0028,RUN-PAY-B-0028-1,한도 변경 왜 안돼,한도 선택 후 동의와 본인인증을 완료해야 합니다.,2026-09-10T19:10:00,failed,750.0,False,initial,소액결제 한도 변경,PAYMENT_GUIDE_V1,N,2026-09-10T21:10:00,synthetic-seeder
210028,2026-09-10,200282,THREAD-PAY-B-0028,RUN-PAY-B-0028-2,소액결제 한도 늘리기,한도 선택 후 동의와 본인인증을 완료해야 합니다.,2026-09-10T19:20:00,failed,750.0,True,repeat,소액결제 한도 변경,PAYMENT_GUIDE_V1,N,2026-09-10T21:20:00,synthetic-seeder
210029,2026-09-07,200291,THREAD-PAY-B-0029,RUN-PAY-B-0029-1,소액결제 한도 늘리기,한도 선택 후 동의와 본인인증을 완료해야 합니다.,2026-09-07T19:10:00,failed,780.0,False,initial,소액결제 한도 변경,PAYMENT_GUIDE_V1,N,2026-09-07T21:10:00,synthetic-seeder
210029,2026-09-07,200292,THREAD-PAY-B-0029,RUN-PAY-B-0029-2,결제 한도 변경,한도 선택 후 동의와 본인인증을 완료해야 합니다.,2026-09-07T19:20:00,failed,780.0,True,repeat,소액결제 한도 변경,PAYMENT_GUIDE_V1,N,2026-09-07T21:20:00,synthetic-seeder
210030,2026-09-08,200301,THREAD-PAY-B-0030,RUN-PAY-B-0030-1,결제 한도 변경,한도 선택 후 동의와 본인인증을 완료해야 합니다.,2026-09-08T19:10:00,failed,810.0,False,initial,소액결제 한도 변경,PAYMENT_GUIDE_V1,N,2026-09-08T21:10:00,synthetic-seeder
210030,2026-09-08,200302,THREAD-PAY-B-0030,RUN-PAY-B-0030-2,한도 올리는 법,한도 선택 후 동의와 본인인증을 완료해야 합니다.,2026-09-08T19:20:00,failed,810.0,True,repeat,소액결제 한도 변경,PAYMENT_GUIDE_V1,N,2026-09-08T21:20:00,synthetic-seeder
210031,2026-09-09,200311,THREAD-PAY-B-0031,RUN-PAY-B-0031-1,한도 올리는 법,한도 선택 후 동의와 본인인증을 완료해야 합니다.,2026-09-09T19:10:00,failed,840.0,False,initial,소액결제 한도 변경,PAYMENT_GUIDE_V1,N,2026-09-09T21:10:00,synthetic-seeder
210031,2026-09-09,200312,THREAD-PAY-B-0031,RUN-PAY-B-0031-2,한도 변경 안 됨,한도 선택 후 동의와 본인인증을 완료해야 합니다.,2026-09-09T19:20:00,failed,840.0,True,repeat,소액결제 한도 변경,PAYMENT_GUIDE_V1,N,2026-09-09T21:20:00,synthetic-seeder
210032,2026-09-10,200321,THREAD-PAY-B-0032,RUN-PAY-B-0032-1,한도 변경 안 됨,한도 선택 후 동의와 본인인증을 완료해야 합니다.,2026-09-10T19:10:00,failed,870.0,False,initial,소액결제 한도 변경,PAYMENT_GUIDE_V1,N,2026-09-10T21:10:00,synthetic-seeder
210032,2026-09-10,200322,THREAD-PAY-B-0032,RUN-PAY-B-0032-2,결제 한도 변경 오류,한도 선택 후 동의와 본인인증을 완료해야 합니다.,2026-09-10T19:20:00,failed,870.0,True,repeat,소액결제 한도 변경,PAYMENT_GUIDE_V1,N,2026-09-10T21:20:00,synthetic-seeder
210033,2026-09-07,200331,THREAD-PAY-B-0033,RUN-PAY-B-0033-1,결제 한도 변경 오류,한도 선택 후 동의와 본인인증을 완료해야 합니다.,2026-09-07T19:10:00,failed,900.0,False,initial,소액결제 한도 변경,PAYMENT_GUIDE_V1,N,2026-09-07T21:10:00,synthetic-seeder
210033,2026-09-07,200332,THREAD-PAY-B-0033,RUN-PAY-B-0033-2,한도 변경 왜 안돼,한도 선택 후 동의와 본인인증을 완료해야 합니다.,2026-09-07T19:20:00,failed,900.0,True,repeat,소액결제 한도 변경,PAYMENT_GUIDE_V1,N,2026-09-07T21:20:00,synthetic-seeder
210034,2026-09-08,200341,THREAD-PAY-B-0034,RUN-PAY-B-0034-1,한도 변경 왜 안돼,한도 선택 후 동의와 본인인증을 완료해야 합니다.,2026-09-08T19:10:00,failed,930.0,False,initial,소액결제 한도 변경,PAYMENT_GUIDE_V1,N,2026-09-08T21:10:00,synthetic-seeder
210034,2026-09-08,200342,THREAD-PAY-B-0034,RUN-PAY-B-0034-2,소액결제 한도 늘리기,한도 선택 후 동의와 본인인증을 완료해야 합니다.,2026-09-08T19:20:00,failed,930.0,True,repeat,소액결제 한도 변경,PAYMENT_GUIDE_V1,N,2026-09-08T21:20:00,synthetic-seeder
210035,2026-09-09,200351,THREAD-PAY-B-0035,RUN-PAY-B-0035-1,소액결제 한도 늘리기,한도 선택 후 동의와 본인인증을 완료해야 합니다.,2026-09-09T19:10:00,failed,960.0,False,initial,소액결제 한도 변경,PAYMENT_GUIDE_V1,N,2026-09-09T21:10:00,synthetic-seeder
210035,2026-09-09,200352,THREAD-PAY-B-0035,RUN-PAY-B-0035-2,결제 한도 변경,한도 선택 후 동의와 본인인증을 완료해야 합니다.,2026-09-09T19:20:00,failed,960.0,True,repeat,소액결제 한도 변경,PAYMENT_GUIDE_V1,N,2026-09-09T21:20:00,synthetic-seeder
210036,2026-09-10,200361,THREAD-PAY-B-0036,RUN-PAY-B-0036-1,결제 한도 변경,한도 선택 후 동의와 본인인증을 완료해야 합니다.,2026-09-10T19:10:00,failed,720.0,False,initial,소액결제 한도 변경,PAYMENT_GUIDE_V1,N,2026-09-10T21:10:00,synthetic-seeder
210036,2026-09-10,200362,THREAD-PAY-B-0036,RUN-PAY-B-0036-2,한도 올리는 법,한도 선택 후 동의와 본인인증을 완료해야 합니다.,2026-09-10T19:20:00,failed,720.0,True,repeat,소액결제 한도 변경,PAYMENT_GUIDE_V1,N,2026-09-10T21:20:00,synthetic-seeder
210037,2026-09-07,200371,THREAD-PAY-B-0037,RUN-PAY-B-0037-1,한도 올리는 법,한도 선택 후 동의와 본인인증을 완료해야 합니다.,2026-09-07T19:10:00,failed,750.0,False,initial,소액결제 한도 변경,PAYMENT_GUIDE_V1,N,2026-09-07T21:10:00,synthetic-seeder
210037,2026-09-07,200372,THREAD-PAY-B-0037,RUN-PAY-B-0037-2,한도 변경 안 됨,한도 선택 후 동의와 본인인증을 완료해야 합니다.,2026-09-07T19:20:00,failed,750.0,True,repeat,소액결제 한도 변경,PAYMENT_GUIDE_V1,N,2026-09-07T21:20:00,synthetic-seeder
210038,2026-09-08,200381,THREAD-PAY-B-0038,RUN-PAY-B-0038-1,한도 변경 안 됨,한도 선택 후 동의와 본인인증을 완료해야 합니다.,2026-09-08T19:10:00,failed,780.0,False,initial,소액결제 한도 변경,PAYMENT_GUIDE_V1,N,2026-09-08T21:10:00,synthetic-seeder
210038,2026-09-08,200382,THREAD-PAY-B-0038,RUN-PAY-B-0038-2,결제 한도 변경 오류,한도 선택 후 동의와 본인인증을 완료해야 합니다.,2026-09-08T19:20:00,failed,780.0,True,repeat,소액결제 한도 변경,PAYMENT_GUIDE_V1,N,2026-09-08T21:20:00,synthetic-seeder
210039,2026-09-09,200391,THREAD-PAY-B-0039,RUN-PAY-B-0039-1,결제 한도 변경 오류,한도 선택 후 동의와 본인인증을 완료해야 합니다.,2026-09-09T19:10:00,failed,810.0,False,initial,소액결제 한도 변경,PAYMENT_GUIDE_V1,N,2026-09-09T21:10:00,synthetic-seeder
210039,2026-09-09,200392,THREAD-PAY-B-0039,RUN-PAY-B-0039-2,한도 변경 왜 안돼,한도 선택 후 동의와 본인인증을 완료해야 합니다.,2026-09-09T19:20:00,failed,810.0,True,repeat,소액결제 한도 변경,PAYMENT_GUIDE_V1,N,2026-09-09T21:20:00,synthetic-seeder
210040,2026-09-10,200401,THREAD-PAY-B-0040,RUN-PAY-B-0040-1,한도 변경 왜 안돼,한도 선택 후 동의와 본인인증을 완료해야 합니다.,2026-09-10T19:10:00,failed,840.0,False,initial,소액결제 한도 변경,PAYMENT_GUIDE_V1,N,2026-09-10T21:10:00,synthetic-seeder
210040,2026-09-10,200402,THREAD-PAY-B-0040,RUN-PAY-B-0040-2,소액결제 한도 늘리기,한도 선택 후 동의와 본인인증을 완료해야 합니다.,2026-09-10T19:20:00,failed,840.0,True,repeat,소액결제 한도 변경,PAYMENT_GUIDE_V1,N,2026-09-10T21:20:00,synthetic-seeder
210041,2026-09-07,200411,THREAD-PAY-B-0041,RUN-PAY-B-0041-1,소액결제 한도 늘리기,한도 선택 후 동의와 본인인증을 완료해야 합니다.,2026-09-07T19:10:00,failed,870.0,False,initial,소액결제 한도 변경,PAYMENT_GUIDE_V1,N,2026-09-07T21:10:00,synthetic-seeder
210041,2026-09-07,200412,THREAD-PAY-B-0041,RUN-PAY-B-0041-2,결제 한도 변경,한도 선택 후 동의와 본인인증을 완료해야 합니다.,2026-09-07T19:20:00,failed,870.0,True,repeat,소액결제 한도 변경,PAYMENT_GUIDE_V1,N,2026-09-07T21:20:00,synthetic-seeder
210042,2026-09-08,200421,THREAD-PAY-B-0042,RUN-PAY-B-0042-1,결제 한도 변경,한도 선택 후 동의와 본인인증을 완료해야 합니다.,2026-09-08T19:10:00,failed,900.0,False,initial,소액결제 한도 변경,PAYMENT_GUIDE_V1,N,2026-09-08T21:10:00,synthetic-seeder
210042,2026-09-08,200422,THREAD-PAY-B-0042,RUN-PAY-B-0042-2,한도 올리는 법,한도 선택 후 동의와 본인인증을 완료해야 합니다.,2026-09-08T19:20:00,failed,900.0,True,repeat,소액결제 한도 변경,PAYMENT_GUIDE_V1,N,2026-09-08T21:20:00,synthetic-seeder
210043,2026-09-09,200431,THREAD-PAY-B-0043,RUN-PAY-B-0043-1,한도 올리는 법,한도 선택 후 동의와 본인인증을 완료해야 합니다.,2026-09-09T19:10:00,failed,930.0,False,initial,소액결제 한도 변경,PAYMENT_GUIDE_V1,N,2026-09-09T21:10:00,synthetic-seeder
210043,2026-09-09,200432,THREAD-PAY-B-0043,RUN-PAY-B-0043-2,한도 변경 안 됨,한도 선택 후 동의와 본인인증을 완료해야 합니다.,2026-09-09T19:20:00,failed,930.0,True,repeat,소액결제 한도 변경,PAYMENT_GUIDE_V1,N,2026-09-09T21:20:00,synthetic-seeder
210044,2026-09-10,200441,THREAD-PAY-B-0044,RUN-PAY-B-0044-1,한도 변경 안 됨,한도 선택 후 동의와 본인인증을 완료해야 합니다.,2026-09-10T19:10:00,failed,960.0,False,initial,소액결제 한도 변경,PAYMENT_GUIDE_V1,N,2026-09-10T21:10:00,synthetic-seeder
210044,2026-09-10,200442,THREAD-PAY-B-0044,RUN-PAY-B-0044-2,결제 한도 변경 오류,한도 선택 후 동의와 본인인증을 완료해야 합니다.,2026-09-10T19:20:00,failed,960.0,True,repeat,소액결제 한도 변경,PAYMENT_GUIDE_V1,N,2026-09-10T21:20:00,synthetic-seeder
210045,2026-09-07,200451,THREAD-PAY-B-0045,RUN-PAY-B-0045-1,결제 한도 변경 오류,한도 선택 후 동의와 본인인증을 완료해야 합니다.,2026-09-07T19:10:00,failed,720.0,False,initial,소액결제 한도 변경,PAYMENT_GUIDE_V1,N,2026-09-07T21:10:00,synthetic-seeder
210045,2026-09-07,200452,THREAD-PAY-B-0045,RUN-PAY-B-0045-2,한도 변경 왜 안돼,한도 선택 후 동의와 본인인증을 완료해야 합니다.,2026-09-07T19:20:00,failed,720.0,True,repeat,소액결제 한도 변경,PAYMENT_GUIDE_V1,N,2026-09-07T21:20:00,synthetic-seeder
210046,2026-09-08,200461,THREAD-PAY-B-0046,RUN-PAY-B-0046-1,한도 변경 왜 안돼,한도 선택 후 동의와 본인인증을 완료해야 합니다.,2026-09-08T19:10:00,failed,750.0,False,initial,소액결제 한도 변경,PAYMENT_GUIDE_V1,N,2026-09-08T21:10:00,synthetic-seeder
210046,2026-09-08,200462,THREAD-PAY-B-0046,RUN-PAY-B-0046-2,소액결제 한도 늘리기,한도 선택 후 동의와 본인인증을 완료해야 합니다.,2026-09-08T19:20:00,failed,750.0,True,repeat,소액결제 한도 변경,PAYMENT_GUIDE_V1,N,2026-09-08T21:20:00,synthetic-seeder
210047,2026-09-09,200471,THREAD-PAY-B-0047,RUN-PAY-B-0047-1,소액결제 한도 늘리기,한도 선택 후 동의와 본인인증을 완료해야 합니다.,2026-09-09T19:10:00,failed,780.0,False,initial,소액결제 한도 변경,PAYMENT_GUIDE_V1,N,2026-09-09T21:10:00,synthetic-seeder
210047,2026-09-09,200472,THREAD-PAY-B-0047,RUN-PAY-B-0047-2,결제 한도 변경,한도 선택 후 동의와 본인인증을 완료해야 합니다.,2026-09-09T19:20:00,failed,780.0,True,repeat,소액결제 한도 변경,PAYMENT_GUIDE_V1,N,2026-09-09T21:20:00,synthetic-seeder
210048,2026-09-10,200481,THREAD-PAY-B-0048,RUN-PAY-B-0048-1,결제 한도 변경,한도 선택 후 동의와 본인인증을 완료해야 합니다.,2026-09-10T19:10:00,failed,810.0,False,initial,소액결제 한도 변경,PAYMENT_GUIDE_V1,N,2026-09-10T21:10:00,synthetic-seeder
210048,2026-09-10,200482,THREAD-PAY-B-0048,RUN-PAY-B-0048-2,한도 올리는 법,한도 선택 후 동의와 본인인증을 완료해야 합니다.,2026-09-10T19:20:00,failed,810.0,True,repeat,소액결제 한도 변경,PAYMENT_GUIDE_V1,N,2026-09-10T21:20:00,synthetic-seeder
210049,2026-09-07,200491,THREAD-PAY-B-0049,RUN-PAY-B-0049-1,한도 올리는 법,한도 선택 후 동의와 본인인증을 완료해야 합니다.,2026-09-07T19:10:00,failed,840.0,False,initial,소액결제 한도 변경,PAYMENT_GUIDE_V1,N,2026-09-07T21:10:00,synthetic-seeder
210049,2026-09-07,200492,THREAD-PAY-B-0049,RUN-PAY-B-0049-2,한도 변경 안 됨,한도 선택 후 동의와 본인인증을 완료해야 합니다.,2026-09-07T19:20:00,failed,840.0,True,repeat,소액결제 한도 변경,PAYMENT_GUIDE_V1,N,2026-09-07T21:20:00,synthetic-seeder
210050,2026-09-08,200501,THREAD-PAY-B-0050,RUN-PAY-B-0050-1,한도 변경 안 됨,한도 선택 후 동의와 본인인증을 완료해야 합니다.,2026-09-08T19:10:00,failed,870.0,False,initial,소액결제 한도 변경,PAYMENT_GUIDE_V1,N,2026-09-08T21:10:00,synthetic-seeder
210050,2026-09-08,200502,THREAD-PAY-B-0050,RUN-PAY-B-0050-2,결제 한도 변경 오류,한도 선택 후 동의와 본인인증을 완료해야 합니다.,2026-09-08T19:20:00,failed,870.0,True,repeat,소액결제 한도 변경,PAYMENT_GUIDE_V1,N,2026-09-08T21:20:00,synthetic-seeder
210051,2026-09-09,200511,THREAD-PAY-B-0051,RUN-PAY-B-0051-1,결제 한도 변경 오류,한도 선택 후 동의와 본인인증을 완료해야 합니다.,2026-09-09T19:10:00,failed,900.0,False,initial,소액결제 한도 변경,PAYMENT_GUIDE_V1,N,2026-09-09T21:10:00,synthetic-seeder
210051,2026-09-09,200512,THREAD-PAY-B-0051,RUN-PAY-B-0051-2,한도 변경 왜 안돼,한도 선택 후 동의와 본인인증을 완료해야 합니다.,2026-09-09T19:20:00,failed,900.0,True,repeat,소액결제 한도 변경,PAYMENT_GUIDE_V1,N,2026-09-09T21:20:00,synthetic-seeder
210052,2026-09-10,200521,THREAD-PAY-B-0052,RUN-PAY-B-0052-1,한도 변경 왜 안돼,한도 선택 후 동의와 본인인증을 완료해야 합니다.,2026-09-10T19:10:00,failed,930.0,False,initial,소액결제 한도 변경,PAYMENT_GUIDE_V1,N,2026-09-10T21:10:00,synthetic-seeder
210052,2026-09-10,200522,THREAD-PAY-B-0052,RUN-PAY-B-0052-2,소액결제 한도 늘리기,한도 선택 후 동의와 본인인증을 완료해야 합니다.,2026-09-10T19:20:00,failed,930.0,True,repeat,소액결제 한도 변경,PAYMENT_GUIDE_V1,N,2026-09-10T21:20:00,synthetic-seeder
210053,2026-09-07,200531,THREAD-PAY-B-0053,RUN-PAY-B-0053-1,소액결제 한도 늘리기,한도 선택 후 동의와 본인인증을 완료해야 합니다.,2026-09-07T19:10:00,failed,960.0,False,initial,소액결제 한도 변경,PAYMENT_GUIDE_V1,N,2026-09-07T21:10:00,synthetic-seeder
210053,2026-09-07,200532,THREAD-PAY-B-0053,RUN-PAY-B-0053-2,결제 한도 변경,한도 선택 후 동의와 본인인증을 완료해야 합니다.,2026-09-07T19:20:00,failed,960.0,True,repeat,소액결제 한도 변경,PAYMENT_GUIDE_V1,N,2026-09-07T21:20:00,synthetic-seeder
210054,2026-09-08,200541,THREAD-PAY-B-0054,RUN-PAY-B-0054-1,결제 한도 변경,한도 선택 후 동의와 본인인증을 완료해야 합니다.,2026-09-08T19:10:00,failed,720.0,False,initial,소액결제 한도 변경,PAYMENT_GUIDE_V1,N,2026-09-08T21:10:00,synthetic-seeder
210054,2026-09-08,200542,THREAD-PAY-B-0054,RUN-PAY-B-0054-2,한도 올리는 법,한도 선택 후 동의와 본인인증을 완료해야 합니다.,2026-09-08T19:20:00,failed,720.0,True,repeat,소액결제 한도 변경,PAYMENT_GUIDE_V1,N,2026-09-08T21:20:00,synthetic-seeder
210055,2026-09-09,200551,THREAD-PAY-B-0055,RUN-PAY-B-0055-1,한도 올리는 법,한도 선택 후 동의와 본인인증을 완료해야 합니다.,2026-09-09T19:10:00,failed,750.0,False,initial,소액결제 한도 변경,PAYMENT_GUIDE_V1,N,2026-09-09T21:10:00,synthetic-seeder
210055,2026-09-09,200552,THREAD-PAY-B-0055,RUN-PAY-B-0055-2,한도 변경 안 됨,한도 선택 후 동의와 본인인증을 완료해야 합니다.,2026-09-09T19:20:00,failed,750.0,True,repeat,소액결제 한도 변경,PAYMENT_GUIDE_V1,N,2026-09-09T21:20:00,synthetic-seeder
210056,2026-09-10,200561,THREAD-PAY-B-0056,RUN-PAY-B-0056-1,한도 변경 안 됨,한도 선택 후 동의와 본인인증을 완료해야 합니다.,2026-09-10T19:10:00,failed,780.0,False,initial,소액결제 한도 변경,PAYMENT_GUIDE_V1,N,2026-09-10T21:10:00,synthetic-seeder
210056,2026-09-10,200562,THREAD-PAY-B-0056,RUN-PAY-B-0056-2,결제 한도 변경 오류,한도 선택 후 동의와 본인인증을 완료해야 합니다.,2026-09-10T19:20:00,failed,780.0,True,repeat,소액결제 한도 변경,PAYMENT_GUIDE_V1,N,2026-09-10T21:20:00,synthetic-seeder
210057,2026-09-07,200571,THREAD-PAY-B-0057,RUN-PAY-B-0057-1,결제 한도 변경 오류,한도 선택 후 동의와 본인인증을 완료해야 합니다.,2026-09-07T19:10:00,failed,810.0,False,initial,소액결제 한도 변경,PAYMENT_GUIDE_V1,N,2026-09-07T21:10:00,synthetic-seeder
210057,2026-09-07,200572,THREAD-PAY-B-0057,RUN-PAY-B-0057-2,한도 변경 왜 안돼,한도 선택 후 동의와 본인인증을 완료해야 합니다.,2026-09-07T19:20:00,failed,810.0,True,repeat,소액결제 한도 변경,PAYMENT_GUIDE_V1,N,2026-09-07T21:20:00,synthetic-seeder
210058,2026-09-08,200581,THREAD-PAY-B-0058,RUN-PAY-B-0058-1,한도 변경 왜 안돼,한도 선택 후 동의와 본인인증을 완료해야 합니다.,2026-09-08T19:10:00,failed,840.0,False,initial,소액결제 한도 변경,PAYMENT_GUIDE_V1,N,2026-09-08T21:10:00,synthetic-seeder
210058,2026-09-08,200582,THREAD-PAY-B-0058,RUN-PAY-B-0058-2,소액결제 한도 늘리기,한도 선택 후 동의와 본인인증을 완료해야 합니다.,2026-09-08T19:20:00,failed,840.0,True,repeat,소액결제 한도 변경,PAYMENT_GUIDE_V1,N,2026-09-08T21:20:00,synthetic-seeder
210059,2026-09-09,200591,THREAD-PAY-B-0059,RUN-PAY-B-0059-1,소액결제 한도 늘리기,한도 선택 후 동의와 본인인증을 완료해야 합니다.,2026-09-09T19:10:00,failed,870.0,False,initial,소액결제 한도 변경,PAYMENT_GUIDE_V1,N,2026-09-09T21:10:00,synthetic-seeder
210059,2026-09-09,200592,THREAD-PAY-B-0059,RUN-PAY-B-0059-2,결제 한도 변경,한도 선택 후 동의와 본인인증을 완료해야 합니다.,2026-09-09T19:20:00,failed,870.0,True,repeat,소액결제 한도 변경,PAYMENT_GUIDE_V1,N,2026-09-09T21:20:00,synthetic-seeder
210060,2026-09-10,200601,THREAD-PAY-B-0060,RUN-PAY-B-0060-1,결제 한도 변경,한도 선택 후 동의와 본인인증을 완료해야 합니다.,2026-09-10T19:10:00,failed,900.0,False,initial,소액결제 한도 변경,PAYMENT_GUIDE_V1,N,2026-09-10T21:10:00,synthetic-seeder
210060,2026-09-10,200602,THREAD-PAY-B-0060,RUN-PAY-B-0060-2,한도 올리는 법,한도 선택 후 동의와 본인인증을 완료해야 합니다.,2026-09-10T19:20:00,failed,900.0,True,repeat,소액결제 한도 변경,PAYMENT_GUIDE_V1,N,2026-09-10T21:20:00,synthetic-seeder
210061,2026-09-07,200611,THREAD-PAY-B-0061,RUN-PAY-B-0061-1,한도 올리는 법,한도 선택 후 동의와 본인인증을 완료해야 합니다.,2026-09-07T19:10:00,failed,930.0,False,initial,소액결제 한도 변경,PAYMENT_GUIDE_V1,N,2026-09-07T21:10:00,synthetic-seeder
210061,2026-09-07,200612,THREAD-PAY-B-0061,RUN-PAY-B-0061-2,한도 변경 안 됨,한도 선택 후 동의와 본인인증을 완료해야 합니다.,2026-09-07T19:20:00,failed,930.0,True,repeat,소액결제 한도 변경,PAYMENT_GUIDE_V1,N,2026-09-07T21:20:00,synthetic-seeder
210062,2026-09-08,200621,THREAD-PAY-B-0062,RUN-PAY-B-0062-1,한도 변경 안 됨,한도 선택 후 동의와 본인인증을 완료해야 합니다.,2026-09-08T19:10:00,failed,960.0,False,initial,소액결제 한도 변경,PAYMENT_GUIDE_V1,N,2026-09-08T21:10:00,synthetic-seeder
210062,2026-09-08,200622,THREAD-PAY-B-0062,RUN-PAY-B-0062-2,결제 한도 변경 오류,한도 선택 후 동의와 본인인증을 완료해야 합니다.,2026-09-08T19:20:00,failed,960.0,True,repeat,소액결제 한도 변경,PAYMENT_GUIDE_V1,N,2026-09-08T21:20:00,synthetic-seeder
210063,2026-09-09,200631,THREAD-PAY-B-0063,RUN-PAY-B-0063-1,결제 한도 변경 오류,한도 선택 후 동의와 본인인증을 완료해야 합니다.,2026-09-09T19:10:00,failed,720.0,False,initial,소액결제 한도 변경,PAYMENT_GUIDE_V1,N,2026-09-09T21:10:00,synthetic-seeder
210063,2026-09-09,200632,THREAD-PAY-B-0063,RUN-PAY-B-0063-2,한도 변경 왜 안돼,한도 선택 후 동의와 본인인증을 완료해야 합니다.,2026-09-09T19:20:00,failed,720.0,True,repeat,소액결제 한도 변경,PAYMENT_GUIDE_V1,N,2026-09-09T21:20:00,synthetic-seeder
210064,2026-09-10,200641,THREAD-PAY-B-0064,RUN-PAY-B-0064-1,한도 변경 왜 안돼,한도 선택 후 동의와 본인인증을 완료해야 합니다.,2026-09-10T19:10:00,failed,750.0,False,initial,소액결제 한도 변경,PAYMENT_GUIDE_V1,N,2026-09-10T21:10:00,synthetic-seeder
210064,2026-09-10,200642,THREAD-PAY-B-0064,RUN-PAY-B-0064-2,소액결제 한도 늘리기,한도 선택 후 동의와 본인인증을 완료해야 합니다.,2026-09-10T19:20:00,failed,750.0,True,repeat,소액결제 한도 변경,PAYMENT_GUIDE_V1,N,2026-09-10T21:20:00,synthetic-seeder
210065,2026-09-07,200651,THREAD-PAY-B-0065,RUN-PAY-B-0065-1,소액결제 한도 늘리기,한도 선택 후 동의와 본인인증을 완료해야 합니다.,2026-09-07T19:10:00,failed,780.0,False,initial,소액결제 한도 변경,PAYMENT_GUIDE_V1,N,2026-09-07T21:10:00,synthetic-seeder
210065,2026-09-07,200652,THREAD-PAY-B-0065,RUN-PAY-B-0065-2,결제 한도 변경,한도 선택 후 동의와 본인인증을 완료해야 합니다.,2026-09-07T19:20:00,failed,780.0,True,repeat,소액결제 한도 변경,PAYMENT_GUIDE_V1,N,2026-09-07T21:20:00,synthetic-seeder
210066,2026-09-08,200661,THREAD-PAY-B-0066,RUN-PAY-B-0066-1,결제 한도 변경,한도 선택 후 동의와 본인인증을 완료해야 합니다.,2026-09-08T19:10:00,failed,810.0,False,initial,소액결제 한도 변경,PAYMENT_GUIDE_V1,N,2026-09-08T21:10:00,synthetic-seeder
210066,2026-09-08,200662,THREAD-PAY-B-0066,RUN-PAY-B-0066-2,한도 올리는 법,한도 선택 후 동의와 본인인증을 완료해야 합니다.,2026-09-08T19:20:00,failed,810.0,True,repeat,소액결제 한도 변경,PAYMENT_GUIDE_V1,N,2026-09-08T21:20:00,synthetic-seeder
210067,2026-09-09,200671,THREAD-PAY-B-0067,RUN-PAY-B-0067-1,한도 올리는 법,한도 선택 후 동의와 본인인증을 완료해야 합니다.,2026-09-09T19:10:00,failed,840.0,False,initial,소액결제 한도 변경,PAYMENT_GUIDE_V1,N,2026-09-09T21:10:00,synthetic-seeder
210067,2026-09-09,200672,THREAD-PAY-B-0067,RUN-PAY-B-0067-2,한도 변경 안 됨,한도 선택 후 동의와 본인인증을 완료해야 합니다.,2026-09-09T19:20:00,failed,840.0,True,repeat,소액결제 한도 변경,PAYMENT_GUIDE_V1,N,2026-09-09T21:20:00,synthetic-seeder
210068,2026-09-10,200681,THREAD-PAY-B-0068,RUN-PAY-B-0068-1,한도 변경 안 됨,한도 선택 후 동의와 본인인증을 완료해야 합니다.,2026-09-10T19:10:00,failed,870.0,False,initial,소액결제 한도 변경,PAYMENT_GUIDE_V1,N,2026-09-10T21:10:00,synthetic-seeder
210068,2026-09-10,200682,THREAD-PAY-B-0068,RUN-PAY-B-0068-2,결제 한도 변경 오류,한도 선택 후 동의와 본인인증을 완료해야 합니다.,2026-09-10T19:20:00,failed,870.0,True,repeat,소액결제 한도 변경,PAYMENT_GUIDE_V1,N,2026-09-10T21:20:00,synthetic-seeder
210069,2026-09-07,200691,THREAD-PAY-B-0069,RUN-PAY-B-0069-1,결제 한도 변경 오류,한도 선택 후 동의와 본인인증을 완료해야 합니다.,2026-09-07T19:10:00,failed,900.0,False,initial,소액결제 한도 변경,PAYMENT_GUIDE_V1,N,2026-09-07T21:10:00,synthetic-seeder
210069,2026-09-07,200692,THREAD-PAY-B-0069,RUN-PAY-B-0069-2,한도 변경 왜 안돼,한도 선택 후 동의와 본인인증을 완료해야 합니다.,2026-09-07T19:20:00,failed,900.0,True,repeat,소액결제 한도 변경,PAYMENT_GUIDE_V1,N,2026-09-07T21:20:00,synthetic-seeder
210070,2026-09-08,200701,THREAD-PAY-B-0070,RUN-PAY-B-0070-1,한도 변경 왜 안돼,한도 선택 후 동의와 본인인증을 완료해야 합니다.,2026-09-08T19:10:00,failed,930.0,False,initial,소액결제 한도 변경,PAYMENT_GUIDE_V1,N,2026-09-08T21:10:00,synthetic-seeder
210070,2026-09-08,200702,THREAD-PAY-B-0070,RUN-PAY-B-0070-2,소액결제 한도 늘리기,한도 선택 후 동의와 본인인증을 완료해야 합니다.,2026-09-08T19:20:00,failed,930.0,True,repeat,소액결제 한도 변경,PAYMENT_GUIDE_V1,N,2026-09-08T21:20:00,synthetic-seeder
210071,2026-09-09,200711,THREAD-PAY-B-0071,RUN-PAY-B-0071-1,소액결제 한도 늘리기,한도 선택 후 동의와 본인인증을 완료해야 합니다.,2026-09-09T19:10:00,failed,960.0,False,initial,소액결제 한도 변경,PAYMENT_GUIDE_V1,N,2026-09-09T21:10:00,synthetic-seeder
210071,2026-09-09,200712,THREAD-PAY-B-0071,RUN-PAY-B-0071-2,결제 한도 변경,한도 선택 후 동의와 본인인증을 완료해야 합니다.,2026-09-09T19:20:00,failed,960.0,True,repeat,소액결제 한도 변경,PAYMENT_GUIDE_V1,N,2026-09-09T21:20:00,synthetic-seeder
210072,2026-09-10,200721,THREAD-PAY-B-0072,RUN-PAY-B-0072-1,결제 한도 변경,한도 선택 후 동의와 본인인증을 완료해야 합니다.,2026-09-10T19:10:00,failed,720.0,False,initial,소액결제 한도 변경,PAYMENT_GUIDE_V1,N,2026-09-10T21:10:00,synthetic-seeder
210072,2026-09-10,200722,THREAD-PAY-B-0072,RUN-PAY-B-0072-2,한도 올리는 법,한도 선택 후 동의와 본인인증을 완료해야 합니다.,2026-09-10T19:20:00,failed,720.0,True,repeat,소액결제 한도 변경,PAYMENT_GUIDE_V1,N,2026-09-10T21:20:00,synthetic-seeder
210073,2026-09-07,200731,THREAD-PAY-B-0073,RUN-PAY-B-0073-1,한도 올리는 법,한도 선택 후 동의와 본인인증을 완료해야 합니다.,2026-09-07T19:10:00,failed,750.0,False,initial,소액결제 한도 변경,PAYMENT_GUIDE_V1,N,2026-09-07T21:10:00,synthetic-seeder
210073,2026-09-07,200732,THREAD-PAY-B-0073,RUN-PAY-B-0073-2,한도 변경 안 됨,한도 선택 후 동의와 본인인증을 완료해야 합니다.,2026-09-07T19:20:00,failed,750.0,True,repeat,소액결제 한도 변경,PAYMENT_GUIDE_V1,N,2026-09-07T21:20:00,synthetic-seeder
210074,2026-09-08,200741,THREAD-PAY-B-0074,RUN-PAY-B-0074-1,한도 변경 안 됨,한도 선택 후 동의와 본인인증을 완료해야 합니다.,2026-09-08T19:10:00,failed,780.0,False,initial,소액결제 한도 변경,PAYMENT_GUIDE_V1,N,2026-09-08T21:10:00,synthetic-seeder
210074,2026-09-08,200742,THREAD-PAY-B-0074,RUN-PAY-B-0074-2,결제 한도 변경 오류,한도 선택 후 동의와 본인인증을 완료해야 합니다.,2026-09-08T19:20:00,failed,780.0,True,repeat,소액결제 한도 변경,PAYMENT_GUIDE_V1,N,2026-09-08T21:20:00,synthetic-seeder
210075,2026-09-09,200751,THREAD-PAY-B-0075,RUN-PAY-B-0075-1,결제 한도 변경 오류,한도 선택 후 동의와 본인인증을 완료해야 합니다.,2026-09-09T19:10:00,failed,810.0,False,initial,소액결제 한도 변경,PAYMENT_GUIDE_V1,N,2026-09-09T21:10:00,synthetic-seeder
210075,2026-09-09,200752,THREAD-PAY-B-0075,RUN-PAY-B-0075-2,한도 변경 왜 안돼,한도 선택 후 동의와 본인인증을 완료해야 합니다.,2026-09-09T19:20:00,failed,810.0,True,repeat,소액결제 한도 변경,PAYMENT_GUIDE_V1,N,2026-09-09T21:20:00,synthetic-seeder
210076,2026-09-10,200761,THREAD-PAY-B-0076,RUN-PAY-B-0076-1,한도 변경 왜 안돼,한도 선택 후 동의와 본인인증을 완료해야 합니다.,2026-09-10T19:10:00,failed,840.0,False,initial,소액결제 한도 변경,PAYMENT_GUIDE_V1,N,2026-09-10T21:10:00,synthetic-seeder
210076,2026-09-10,200762,THREAD-PAY-B-0076,RUN-PAY-B-0076-2,소액결제 한도 늘리기,한도 선택 후 동의와 본인인증을 완료해야 합니다.,2026-09-10T19:20:00,failed,840.0,True,repeat,소액결제 한도 변경,PAYMENT_GUIDE_V1,N,2026-09-10T21:20:00,synthetic-seeder
210077,2026-09-07,200771,THREAD-PAY-B-0077,RUN-PAY-B-0077-1,소액결제 한도 늘리기,한도 선택 후 동의와 본인인증을 완료해야 합니다.,2026-09-07T19:10:00,failed,870.0,False,initial,소액결제 한도 변경,PAYMENT_GUIDE_V1,N,2026-09-07T21:10:00,synthetic-seeder
210077,2026-09-07,200772,THREAD-PAY-B-0077,RUN-PAY-B-0077-2,결제 한도 변경,한도 선택 후 동의와 본인인증을 완료해야 합니다.,2026-09-07T19:20:00,failed,870.0,True,repeat,소액결제 한도 변경,PAYMENT_GUIDE_V1,N,2026-09-07T21:20:00,synthetic-seeder
210078,2026-09-08,200781,THREAD-PAY-B-0078,RUN-PAY-B-0078-1,결제 한도 변경,한도 선택 후 동의와 본인인증을 완료해야 합니다.,2026-09-08T19:10:00,failed,900.0,False,initial,소액결제 한도 변경,PAYMENT_GUIDE_V1,N,2026-09-08T21:10:00,synthetic-seeder
210078,2026-09-08,200782,THREAD-PAY-B-0078,RUN-PAY-B-0078-2,한도 올리는 법,한도 선택 후 동의와 본인인증을 완료해야 합니다.,2026-09-08T19:20:00,failed,900.0,True,repeat,소액결제 한도 변경,PAYMENT_GUIDE_V1,N,2026-09-08T21:20:00,synthetic-seeder
210079,2026-09-09,200791,THREAD-PAY-B-0079,RUN-PAY-B-0079-1,한도 올리는 법,한도 선택 후 동의와 본인인증을 완료해야 합니다.,2026-09-09T19:10:00,failed,930.0,False,initial,소액결제 한도 변경,PAYMENT_GUIDE_V1,N,2026-09-09T21:10:00,synthetic-seeder
210079,2026-09-09,200792,THREAD-PAY-B-0079,RUN-PAY-B-0079-2,한도 변경 안 됨,한도 선택 후 동의와 본인인증을 완료해야 합니다.,2026-09-09T19:20:00,failed,930.0,True,repeat,소액결제 한도 변경,PAYMENT_GUIDE_V1,N,2026-09-09T21:20:00,synthetic-seeder
210080,2026-09-10,200801,THREAD-PAY-B-0080,RUN-PAY-B-0080-1,한도 변경 안 됨,한도 선택 후 동의와 본인인증을 완료해야 합니다.,2026-09-10T19:10:00,failed,960.0,False,initial,소액결제 한도 변경,PAYMENT_GUIDE_V1,N,2026-09-10T21:10:00,synthetic-seeder
210080,2026-09-10,200802,THREAD-PAY-B-0080,RUN-PAY-B-0080-2,결제 한도 변경 오류,한도 선택 후 동의와 본인인증을 완료해야 합니다.,2026-09-10T19:20:00,failed,960.0,True,repeat,소액결제 한도 변경,PAYMENT_GUIDE_V1,N,2026-09-10T21:20:00,synthetic-seeder
210081,2026-09-07,200811,THREAD-PAY-B-0081,RUN-PAY-B-0081-1,결제 한도 변경 오류,한도 선택 후 동의와 본인인증을 완료해야 합니다.,2026-09-07T19:10:00,failed,720.0,False,initial,소액결제 한도 변경,PAYMENT_GUIDE_V1,N,2026-09-07T21:10:00,synthetic-seeder
210081,2026-09-07,200812,THREAD-PAY-B-0081,RUN-PAY-B-0081-2,한도 변경 왜 안돼,한도 선택 후 동의와 본인인증을 완료해야 합니다.,2026-09-07T19:20:00,failed,720.0,True,repeat,소액결제 한도 변경,PAYMENT_GUIDE_V1,N,2026-09-07T21:20:00,synthetic-seeder
210082,2026-09-08,200821,THREAD-PAY-B-0082,RUN-PAY-B-0082-1,한도 변경 왜 안돼,한도 선택 후 동의와 본인인증을 완료해야 합니다.,2026-09-08T19:10:00,failed,750.0,False,initial,소액결제 한도 변경,PAYMENT_GUIDE_V1,N,2026-09-08T21:10:00,synthetic-seeder
210082,2026-09-08,200822,THREAD-PAY-B-0082,RUN-PAY-B-0082-2,소액결제 한도 늘리기,한도 선택 후 동의와 본인인증을 완료해야 합니다.,2026-09-08T19:20:00,failed,750.0,True,repeat,소액결제 한도 변경,PAYMENT_GUIDE_V1,N,2026-09-08T21:20:00,synthetic-seeder
210083,2026-09-09,200831,THREAD-PAY-B-0083,RUN-PAY-B-0083-1,소액결제 한도 늘리기,한도 선택 후 동의와 본인인증을 완료해야 합니다.,2026-09-09T19:10:00,failed,780.0,False,initial,소액결제 한도 변경,PAYMENT_GUIDE_V1,N,2026-09-09T21:10:00,synthetic-seeder
210083,2026-09-09,200832,THREAD-PAY-B-0083,RUN-PAY-B-0083-2,결제 한도 변경,한도 선택 후 동의와 본인인증을 완료해야 합니다.,2026-09-09T19:20:00,failed,780.0,True,repeat,소액결제 한도 변경,PAYMENT_GUIDE_V1,N,2026-09-09T21:20:00,synthetic-seeder
210084,2026-09-10,200841,THREAD-PAY-B-0084,RUN-PAY-B-0084-1,결제 한도 변경,한도 선택 후 동의와 본인인증을 완료해야 합니다.,2026-09-10T19:10:00,failed,810.0,False,initial,소액결제 한도 변경,PAYMENT_GUIDE_V1,N,2026-09-10T21:10:00,synthetic-seeder
210084,2026-09-10,200842,THREAD-PAY-B-0084,RUN-PAY-B-0084-2,한도 올리는 법,한도 선택 후 동의와 본인인증을 완료해야 합니다.,2026-09-10T19:20:00,failed,810.0,True,repeat,소액결제 한도 변경,PAYMENT_GUIDE_V1,N,2026-09-10T21:20:00,synthetic-seeder
210085,2026-09-07,200851,THREAD-PAY-B-0085,RUN-PAY-B-0085-1,한도 올리는 법,한도 선택 후 동의와 본인인증을 완료해야 합니다.,2026-09-07T19:10:00,failed,840.0,False,initial,소액결제 한도 변경,PAYMENT_GUIDE_V1,N,2026-09-07T21:10:00,synthetic-seeder
210085,2026-09-07,200852,THREAD-PAY-B-0085,RUN-PAY-B-0085-2,한도 변경 안 됨,한도 선택 후 동의와 본인인증을 완료해야 합니다.,2026-09-07T19:20:00,failed,840.0,True,repeat,소액결제 한도 변경,PAYMENT_GUIDE_V1,N,2026-09-07T21:20:00,synthetic-seeder
210086,2026-09-08,200861,THREAD-PAY-B-0086,RUN-PAY-B-0086-1,한도 변경 안 됨,한도 선택 후 동의와 본인인증을 완료해야 합니다.,2026-09-08T19:10:00,failed,870.0,False,initial,소액결제 한도 변경,PAYMENT_GUIDE_V1,N,2026-09-08T21:10:00,synthetic-seeder
210086,2026-09-08,200862,THREAD-PAY-B-0086,RUN-PAY-B-0086-2,결제 한도 변경 오류,한도 선택 후 동의와 본인인증을 완료해야 합니다.,2026-09-08T19:20:00,failed,870.0,True,repeat,소액결제 한도 변경,PAYMENT_GUIDE_V1,N,2026-09-08T21:20:00,synthetic-seeder
210087,2026-09-09,200871,THREAD-PAY-B-0087,RUN-PAY-B-0087-1,결제 한도 변경 오류,한도 선택 후 동의와 본인인증을 완료해야 합니다.,2026-09-09T19:10:00,failed,900.0,False,initial,소액결제 한도 변경,PAYMENT_GUIDE_V1,N,2026-09-09T21:10:00,synthetic-seeder
210087,2026-09-09,200872,THREAD-PAY-B-0087,RUN-PAY-B-0087-2,한도 변경 왜 안돼,한도 선택 후 동의와 본인인증을 완료해야 합니다.,2026-09-09T19:20:00,failed,900.0,True,repeat,소액결제 한도 변경,PAYMENT_GUIDE_V1,N,2026-09-09T21:20:00,synthetic-seeder
210088,2026-09-10,200881,THREAD-PAY-B-0088,RUN-PAY-B-0088-1,한도 변경 왜 안돼,한도 선택 후 동의와 본인인증을 완료해야 합니다.,2026-09-10T19:10:00,failed,930.0,False,initial,소액결제 한도 변경,PAYMENT_GUIDE_V1,N,2026-09-10T21:10:00,synthetic-seeder
210088,2026-09-10,200882,THREAD-PAY-B-0088,RUN-PAY-B-0088-2,소액결제 한도 늘리기,한도 선택 후 동의와 본인인증을 완료해야 합니다.,2026-09-10T19:20:00,failed,930.0,True,repeat,소액결제 한도 변경,PAYMENT_GUIDE_V1,N,2026-09-10T21:20:00,synthetic-seeder
210089,2026-09-07,200891,THREAD-PAY-B-0089,RUN-PAY-B-0089-1,소액결제 한도 늘리기,한도 선택 후 동의와 본인인증을 완료해야 합니다.,2026-09-07T19:10:00,failed,960.0,False,initial,소액결제 한도 변경,PAYMENT_GUIDE_V1,N,2026-09-07T21:10:00,synthetic-seeder
210089,2026-09-07,200892,THREAD-PAY-B-0089,RUN-PAY-B-0089-2,결제 한도 변경,한도 선택 후 동의와 본인인증을 완료해야 합니다.,2026-09-07T19:20:00,failed,960.0,True,repeat,소액결제 한도 변경,PAYMENT_GUIDE_V1,N,2026-09-07T21:20:00,synthetic-seeder
210090,2026-09-08,200901,THREAD-PAY-B-0090,RUN-PAY-B-0090-1,결제 한도 변경,한도 선택 후 동의와 본인인증을 완료해야 합니다.,2026-09-08T19:10:00,failed,720.0,False,initial,소액결제 한도 변경,PAYMENT_GUIDE_V1,N,2026-09-08T21:10:00,synthetic-seeder
210090,2026-09-08,200902,THREAD-PAY-B-0090,RUN-PAY-B-0090-2,한도 올리는 법,한도 선택 후 동의와 본인인증을 완료해야 합니다.,2026-09-08T19:20:00,failed,720.0,True,repeat,소액결제 한도 변경,PAYMENT_GUIDE_V1,N,2026-09-08T21:20:00,synthetic-seeder
210091,2026-09-09,200911,THREAD-PAY-B-0091,RUN-PAY-B-0091-1,한도 올리는 법,한도 선택 후 동의와 본인인증을 완료해야 합니다.,2026-09-09T19:10:00,failed,750.0,False,initial,소액결제 한도 변경,PAYMENT_GUIDE_V1,N,2026-09-09T21:10:00,synthetic-seeder
210091,2026-09-09,200912,THREAD-PAY-B-0091,RUN-PAY-B-0091-2,한도 변경 안 됨,한도 선택 후 동의와 본인인증을 완료해야 합니다.,2026-09-09T19:20:00,failed,750.0,True,repeat,소액결제 한도 변경,PAYMENT_GUIDE_V1,N,2026-09-09T21:20:00,synthetic-seeder
210092,2026-09-10,200921,THREAD-PAY-B-0092,RUN-PAY-B-0092-1,한도 변경 안 됨,한도 선택 후 동의와 본인인증을 완료해야 합니다.,2026-09-10T19:10:00,failed,780.0,False,initial,소액결제 한도 변경,PAYMENT_GUIDE_V1,N,2026-09-10T21:10:00,synthetic-seeder
210092,2026-09-10,200922,THREAD-PAY-B-0092,RUN-PAY-B-0092-2,결제 한도 변경 오류,한도 선택 후 동의와 본인인증을 완료해야 합니다.,2026-09-10T19:20:00,failed,780.0,True,repeat,소액결제 한도 변경,PAYMENT_GUIDE_V1,N,2026-09-10T21:20:00,synthetic-seeder
210093,2026-09-07,200931,THREAD-PAY-B-0093,RUN-PAY-B-0093-1,결제 한도 변경 오류,한도 선택 후 동의와 본인인증을 완료해야 합니다.,2026-09-07T19:10:00,failed,810.0,False,initial,소액결제 한도 변경,PAYMENT_GUIDE_V1,N,2026-09-07T21:10:00,synthetic-seeder
210093,2026-09-07,200932,THREAD-PAY-B-0093,RUN-PAY-B-0093-2,한도 변경 왜 안돼,한도 선택 후 동의와 본인인증을 완료해야 합니다.,2026-09-07T19:20:00,failed,810.0,True,repeat,소액결제 한도 변경,PAYMENT_GUIDE_V1,N,2026-09-07T21:20:00,synthetic-seeder
210094,2026-09-08,200941,THREAD-PAY-B-0094,RUN-PAY-B-0094-1,한도 변경 왜 안돼,한도 선택 후 동의와 본인인증을 완료해야 합니다.,2026-09-08T19:10:00,failed,840.0,False,initial,소액결제 한도 변경,PAYMENT_GUIDE_V1,N,2026-09-08T21:10:00,synthetic-seeder
210094,2026-09-08,200942,THREAD-PAY-B-0094,RUN-PAY-B-0094-2,소액결제 한도 늘리기,한도 선택 후 동의와 본인인증을 완료해야 합니다.,2026-09-08T19:20:00,failed,840.0,True,repeat,소액결제 한도 변경,PAYMENT_GUIDE_V1,N,2026-09-08T21:20:00,synthetic-seeder
210095,2026-09-09,200951,THREAD-PAY-B-0095,RUN-PAY-B-0095-1,소액결제 한도 늘리기,한도 선택 후 동의와 본인인증을 완료해야 합니다.,2026-09-09T19:10:00,failed,870.0,False,initial,소액결제 한도 변경,PAYMENT_GUIDE_V1,N,2026-09-09T21:10:00,synthetic-seeder
210095,2026-09-09,200952,THREAD-PAY-B-0095,RUN-PAY-B-0095-2,결제 한도 변경,한도 선택 후 동의와 본인인증을 완료해야 합니다.,2026-09-09T19:20:00,failed,870.0,True,repeat,소액결제 한도 변경,PAYMENT_GUIDE_V1,N,2026-09-09T21:20:00,synthetic-seeder
210096,2026-09-10,200961,THREAD-PAY-B-0096,RUN-PAY-B-0096-1,결제 한도 변경,한도 선택 후 동의와 본인인증을 완료해야 합니다.,2026-09-10T19:10:00,failed,900.0,False,initial,소액결제 한도 변경,PAYMENT_GUIDE_V1,N,2026-09-10T21:10:00,synthetic-seeder
210096,2026-09-10,200962,THREAD-PAY-B-0096,RUN-PAY-B-0096-2,한도 올리는 법,한도 선택 후 동의와 본인인증을 완료해야 합니다.,2026-09-10T19:20:00,failed,900.0,True,repeat,소액결제 한도 변경,PAYMENT_GUIDE_V1,N,2026-09-10T21:20:00,synthetic-seeder
210097,2026-09-07,200971,THREAD-PAY-B-0097,RUN-PAY-B-0097-1,한도 올리는 법,한도 선택 후 동의와 본인인증을 완료해야 합니다.,2026-09-07T19:10:00,failed,930.0,False,initial,소액결제 한도 변경,PAYMENT_GUIDE_V1,N,2026-09-07T21:10:00,synthetic-seeder
210097,2026-09-07,200972,THREAD-PAY-B-0097,RUN-PAY-B-0097-2,한도 변경 안 됨,한도 선택 후 동의와 본인인증을 완료해야 합니다.,2026-09-07T19:20:00,failed,930.0,True,repeat,소액결제 한도 변경,PAYMENT_GUIDE_V1,N,2026-09-07T21:20:00,synthetic-seeder
210098,2026-09-08,200981,THREAD-PAY-B-0098,RUN-PAY-B-0098-1,한도 변경 안 됨,한도 선택 후 동의와 본인인증을 완료해야 합니다.,2026-09-08T19:10:00,failed,960.0,False,initial,소액결제 한도 변경,PAYMENT_GUIDE_V1,N,2026-09-08T21:10:00,synthetic-seeder
210098,2026-09-08,200982,THREAD-PAY-B-0098,RUN-PAY-B-0098-2,결제 한도 변경 오류,한도 선택 후 동의와 본인인증을 완료해야 합니다.,2026-09-08T19:20:00,failed,960.0,True,repeat,소액결제 한도 변경,PAYMENT_GUIDE_V1,N,2026-09-08T21:20:00,synthetic-seeder
210099,2026-09-09,200991,THREAD-PAY-B-0099,RUN-PAY-B-0099-1,결제 한도 변경 오류,한도 선택 후 동의와 본인인증을 완료해야 합니다.,2026-09-09T19:10:00,failed,720.0,False,initial,소액결제 한도 변경,PAYMENT_GUIDE_V1,N,2026-09-09T21:10:00,synthetic-seeder
210099,2026-09-09,200992,THREAD-PAY-B-0099,RUN-PAY-B-0099-2,한도 변경 왜 안돼,한도 선택 후 동의와 본인인증을 완료해야 합니다.,2026-09-09T19:20:00,failed,720.0,True,repeat,소액결제 한도 변경,PAYMENT_GUIDE_V1,N,2026-09-09T21:20:00,synthetic-seeder
210100,2026-09-10,201001,THREAD-PAY-B-0100,RUN-PAY-B-0100-1,한도 변경 왜 안돼,한도 선택 후 동의와 본인인증을 완료해야 합니다.,2026-09-10T19:10:00,failed,750.0,False,initial,소액결제 한도 변경,PAYMENT_GUIDE_V1,N,2026-09-10T21:10:00,synthetic-seeder
210100,2026-09-10,201002,THREAD-PAY-B-0100,RUN-PAY-B-0100-2,소액결제 한도 늘리기,한도 선택 후 동의와 본인인증을 완료해야 합니다.,2026-09-10T19:20:00,failed,750.0,True,repeat,소액결제 한도 변경,PAYMENT_GUIDE_V1,N,2026-09-10T21:20:00,synthetic-seeder
210101,2026-09-07,201011,THREAD-PAY-B-0101,RUN-PAY-B-0101-1,소액결제 한도 늘리기,한도 선택 후 동의와 본인인증을 완료해야 합니다.,2026-09-07T19:10:00,failed,780.0,False,initial,소액결제 한도 변경,PAYMENT_GUIDE_V1,N,2026-09-07T21:10:00,synthetic-seeder
210101,2026-09-07,201012,THREAD-PAY-B-0101,RUN-PAY-B-0101-2,결제 한도 변경,한도 선택 후 동의와 본인인증을 완료해야 합니다.,2026-09-07T19:20:00,failed,780.0,True,repeat,소액결제 한도 변경,PAYMENT_GUIDE_V1,N,2026-09-07T21:20:00,synthetic-seeder
210102,2026-09-08,201021,THREAD-PAY-B-0102,RUN-PAY-B-0102-1,결제 한도 변경,한도 선택 후 동의와 본인인증을 완료해야 합니다.,2026-09-08T19:10:00,failed,810.0,False,initial,소액결제 한도 변경,PAYMENT_GUIDE_V1,N,2026-09-08T21:10:00,synthetic-seeder
210102,2026-09-08,201022,THREAD-PAY-B-0102,RUN-PAY-B-0102-2,한도 올리는 법,한도 선택 후 동의와 본인인증을 완료해야 합니다.,2026-09-08T19:20:00,failed,810.0,True,repeat,소액결제 한도 변경,PAYMENT_GUIDE_V1,N,2026-09-08T21:20:00,synthetic-seeder
210103,2026-09-09,201031,THREAD-PAY-B-0103,RUN-PAY-B-0103-1,한도 올리는 법,한도 선택 후 동의와 본인인증을 완료해야 합니다.,2026-09-09T19:10:00,failed,840.0,False,initial,소액결제 한도 변경,PAYMENT_GUIDE_V1,N,2026-09-09T21:10:00,synthetic-seeder
210103,2026-09-09,201032,THREAD-PAY-B-0103,RUN-PAY-B-0103-2,한도 변경 안 됨,한도 선택 후 동의와 본인인증을 완료해야 합니다.,2026-09-09T19:20:00,failed,840.0,True,repeat,소액결제 한도 변경,PAYMENT_GUIDE_V1,N,2026-09-09T21:20:00,synthetic-seeder
210104,2026-09-10,201041,THREAD-PAY-B-0104,RUN-PAY-B-0104-1,한도 변경 안 됨,한도 선택 후 동의와 본인인증을 완료해야 합니다.,2026-09-10T19:10:00,failed,870.0,False,initial,소액결제 한도 변경,PAYMENT_GUIDE_V1,N,2026-09-10T21:10:00,synthetic-seeder
210104,2026-09-10,201042,THREAD-PAY-B-0104,RUN-PAY-B-0104-2,결제 한도 변경 오류,한도 선택 후 동의와 본인인증을 완료해야 합니다.,2026-09-10T19:20:00,failed,870.0,True,repeat,소액결제 한도 변경,PAYMENT_GUIDE_V1,N,2026-09-10T21:20:00,synthetic-seeder
210105,2026-09-07,201051,THREAD-PAY-B-0105,RUN-PAY-B-0105-1,결제 한도 변경 오류,한도 선택 후 동의와 본인인증을 완료해야 합니다.,2026-09-07T19:10:00,failed,900.0,False,initial,소액결제 한도 변경,PAYMENT_GUIDE_V1,N,2026-09-07T21:10:00,synthetic-seeder
210105,2026-09-07,201052,THREAD-PAY-B-0105,RUN-PAY-B-0105-2,한도 변경 왜 안돼,한도 선택 후 동의와 본인인증을 완료해야 합니다.,2026-09-07T19:20:00,failed,900.0,True,repeat,소액결제 한도 변경,PAYMENT_GUIDE_V1,N,2026-09-07T21:20:00,synthetic-seeder
210106,2026-09-08,201061,THREAD-PAY-B-0106,RUN-PAY-B-0106-1,한도 변경 왜 안돼,한도 선택 후 동의와 본인인증을 완료해야 합니다.,2026-09-08T19:10:00,failed,930.0,False,initial,소액결제 한도 변경,PAYMENT_GUIDE_V1,N,2026-09-08T21:10:00,synthetic-seeder
210106,2026-09-08,201062,THREAD-PAY-B-0106,RUN-PAY-B-0106-2,소액결제 한도 늘리기,한도 선택 후 동의와 본인인증을 완료해야 합니다.,2026-09-08T19:20:00,failed,930.0,True,repeat,소액결제 한도 변경,PAYMENT_GUIDE_V1,N,2026-09-08T21:20:00,synthetic-seeder
210107,2026-09-09,201071,THREAD-PAY-B-0107,RUN-PAY-B-0107-1,소액결제 한도 늘리기,한도 선택 후 동의와 본인인증을 완료해야 합니다.,2026-09-09T19:10:00,failed,960.0,False,initial,소액결제 한도 변경,PAYMENT_GUIDE_V1,N,2026-09-09T21:10:00,synthetic-seeder
210107,2026-09-09,201072,THREAD-PAY-B-0107,RUN-PAY-B-0107-2,결제 한도 변경,한도 선택 후 동의와 본인인증을 완료해야 합니다.,2026-09-09T19:20:00,failed,960.0,True,repeat,소액결제 한도 변경,PAYMENT_GUIDE_V1,N,2026-09-09T21:20:00,synthetic-seeder
210108,2026-09-10,201081,THREAD-PAY-B-0108,RUN-PAY-B-0108-1,결제 한도 변경,한도 선택 후 동의와 본인인증을 완료해야 합니다.,2026-09-10T19:10:00,failed,720.0,False,initial,소액결제 한도 변경,PAYMENT_GUIDE_V1,N,2026-09-10T21:10:00,synthetic-seeder
210108,2026-09-10,201082,THREAD-PAY-B-0108,RUN-PAY-B-0108-2,한도 올리는 법,한도 선택 후 동의와 본인인증을 완료해야 합니다.,2026-09-10T19:20:00,failed,720.0,True,repeat,소액결제 한도 변경,PAYMENT_GUIDE_V1,N,2026-09-10T21:20:00,synthetic-seeder
210109,2026-09-07,201091,THREAD-PAY-B-0109,RUN-PAY-B-0109-1,한도 올리는 법,한도 선택 후 동의와 본인인증을 완료해야 합니다.,2026-09-07T19:10:00,failed,750.0,False,initial,소액결제 한도 변경,PAYMENT_GUIDE_V1,N,2026-09-07T21:10:00,synthetic-seeder
210109,2026-09-07,201092,THREAD-PAY-B-0109,RUN-PAY-B-0109-2,한도 변경 안 됨,한도 선택 후 동의와 본인인증을 완료해야 합니다.,2026-09-07T19:20:00,failed,750.0,True,repeat,소액결제 한도 변경,PAYMENT_GUIDE_V1,N,2026-09-07T21:20:00,synthetic-seeder
210110,2026-09-08,201101,THREAD-PAY-B-0110,RUN-PAY-B-0110-1,한도 변경 안 됨,한도 선택 후 동의와 본인인증을 완료해야 합니다.,2026-09-08T19:10:00,failed,780.0,False,initial,소액결제 한도 변경,PAYMENT_GUIDE_V1,N,2026-09-08T21:10:00,synthetic-seeder
210110,2026-09-08,201102,THREAD-PAY-B-0110,RUN-PAY-B-0110-2,결제 한도 변경 오류,한도 선택 후 동의와 본인인증을 완료해야 합니다.,2026-09-08T19:20:00,failed,780.0,True,repeat,소액결제 한도 변경,PAYMENT_GUIDE_V1,N,2026-09-08T21:20:00,synthetic-seeder
210111,2026-09-09,201111,THREAD-PAY-B-0111,RUN-PAY-B-0111-1,결제 한도 변경 오류,한도 선택 후 동의와 본인인증을 완료해야 합니다.,2026-09-09T19:10:00,failed,810.0,False,initial,소액결제 한도 변경,PAYMENT_GUIDE_V1,N,2026-09-09T21:10:00,synthetic-seeder
210111,2026-09-09,201112,THREAD-PAY-B-0111,RUN-PAY-B-0111-2,한도 변경 왜 안돼,한도 선택 후 동의와 본인인증을 완료해야 합니다.,2026-09-09T19:20:00,failed,810.0,True,repeat,소액결제 한도 변경,PAYMENT_GUIDE_V1,N,2026-09-09T21:20:00,synthetic-seeder
210112,2026-09-10,201121,THREAD-PAY-B-0112,RUN-PAY-B-0112-1,한도 변경 왜 안돼,한도 선택 후 동의와 본인인증을 완료해야 합니다.,2026-09-10T19:10:00,failed,840.0,False,initial,소액결제 한도 변경,PAYMENT_GUIDE_V1,N,2026-09-10T21:10:00,synthetic-seeder
210112,2026-09-10,201122,THREAD-PAY-B-0112,RUN-PAY-B-0112-2,소액결제 한도 늘리기,한도 선택 후 동의와 본인인증을 완료해야 합니다.,2026-09-10T19:20:00,failed,840.0,True,repeat,소액결제 한도 변경,PAYMENT_GUIDE_V1,N,2026-09-10T21:20:00,synthetic-seeder
210113,2026-09-07,201131,THREAD-PAY-B-0113,RUN-PAY-B-0113-1,소액결제 한도 늘리기,한도 선택 후 동의와 본인인증을 완료해야 합니다.,2026-09-07T19:10:00,failed,870.0,False,initial,소액결제 한도 변경,PAYMENT_GUIDE_V1,N,2026-09-07T21:10:00,synthetic-seeder
210113,2026-09-07,201132,THREAD-PAY-B-0113,RUN-PAY-B-0113-2,결제 한도 변경,한도 선택 후 동의와 본인인증을 완료해야 합니다.,2026-09-07T19:20:00,failed,870.0,True,repeat,소액결제 한도 변경,PAYMENT_GUIDE_V1,N,2026-09-07T21:20:00,synthetic-seeder
210114,2026-09-08,201141,THREAD-PAY-B-0114,RUN-PAY-B-0114-1,결제 한도 변경,한도 선택 후 동의와 본인인증을 완료해야 합니다.,2026-09-08T19:10:00,failed,900.0,False,initial,소액결제 한도 변경,PAYMENT_GUIDE_V1,N,2026-09-08T21:10:00,synthetic-seeder
210114,2026-09-08,201142,THREAD-PAY-B-0114,RUN-PAY-B-0114-2,한도 올리는 법,한도 선택 후 동의와 본인인증을 완료해야 합니다.,2026-09-08T19:20:00,failed,900.0,True,repeat,소액결제 한도 변경,PAYMENT_GUIDE_V1,N,2026-09-08T21:20:00,synthetic-seeder
210115,2026-09-09,201151,THREAD-PAY-B-0115,RUN-PAY-B-0115-1,한도 올리는 법,한도 선택 후 동의와 본인인증을 완료해야 합니다.,2026-09-09T19:10:00,failed,930.0,False,initial,소액결제 한도 변경,PAYMENT_GUIDE_V1,N,2026-09-09T21:10:00,synthetic-seeder
210115,2026-09-09,201152,THREAD-PAY-B-0115,RUN-PAY-B-0115-2,한도 변경 안 됨,한도 선택 후 동의와 본인인증을 완료해야 합니다.,2026-09-09T19:20:00,failed,930.0,True,repeat,소액결제 한도 변경,PAYMENT_GUIDE_V1,N,2026-09-09T21:20:00,synthetic-seeder
210116,2026-09-10,201161,THREAD-PAY-B-0116,RUN-PAY-B-0116-1,한도 변경 안 됨,한도 선택 후 동의와 본인인증을 완료해야 합니다.,2026-09-10T19:10:00,failed,960.0,False,initial,소액결제 한도 변경,PAYMENT_GUIDE_V1,N,2026-09-10T21:10:00,synthetic-seeder
210116,2026-09-10,201162,THREAD-PAY-B-0116,RUN-PAY-B-0116-2,결제 한도 변경 오류,한도 선택 후 동의와 본인인증을 완료해야 합니다.,2026-09-10T19:20:00,failed,960.0,True,repeat,소액결제 한도 변경,PAYMENT_GUIDE_V1,N,2026-09-10T21:20:00,synthetic-seeder
210117,2026-09-07,201171,THREAD-PAY-B-0117,RUN-PAY-B-0117-1,결제 한도 변경 오류,한도 선택 후 동의와 본인인증을 완료해야 합니다.,2026-09-07T19:10:00,failed,720.0,False,initial,소액결제 한도 변경,PAYMENT_GUIDE_V1,N,2026-09-07T21:10:00,synthetic-seeder
210117,2026-09-07,201172,THREAD-PAY-B-0117,RUN-PAY-B-0117-2,한도 변경 왜 안돼,한도 선택 후 동의와 본인인증을 완료해야 합니다.,2026-09-07T19:20:00,failed,720.0,True,repeat,소액결제 한도 변경,PAYMENT_GUIDE_V1,N,2026-09-07T21:20:00,synthetic-seeder
210118,2026-09-08,201181,THREAD-PAY-B-0118,RUN-PAY-B-0118-1,한도 변경 왜 안돼,한도 선택 후 동의와 본인인증을 완료해야 합니다.,2026-09-08T19:10:00,failed,750.0,False,initial,소액결제 한도 변경,PAYMENT_GUIDE_V1,N,2026-09-08T21:10:00,synthetic-seeder
210118,2026-09-08,201182,THREAD-PAY-B-0118,RUN-PAY-B-0118-2,소액결제 한도 늘리기,한도 선택 후 동의와 본인인증을 완료해야 합니다.,2026-09-08T19:20:00,failed,750.0,True,repeat,소액결제 한도 변경,PAYMENT_GUIDE_V1,N,2026-09-08T21:20:00,synthetic-seeder
210119,2026-09-09,201191,THREAD-PAY-B-0119,RUN-PAY-B-0119-1,소액결제 한도 늘리기,한도 선택 후 동의와 본인인증을 완료해야 합니다.,2026-09-09T19:10:00,failed,780.0,False,initial,소액결제 한도 변경,PAYMENT_GUIDE_V1,N,2026-09-09T21:10:00,synthetic-seeder
210119,2026-09-09,201192,THREAD-PAY-B-0119,RUN-PAY-B-0119-2,결제 한도 변경,한도 선택 후 동의와 본인인증을 완료해야 합니다.,2026-09-09T19:20:00,failed,780.0,True,repeat,소액결제 한도 변경,PAYMENT_GUIDE_V1,N,2026-09-09T21:20:00,synthetic-seeder
210120,2026-09-10,201201,THREAD-PAY-B-0120,RUN-PAY-B-0120-1,결제 한도 변경,한도 선택 후 동의와 본인인증을 완료해야 합니다.,2026-09-10T19:10:00,failed,810.0,False,initial,소액결제 한도 변경,PAYMENT_GUIDE_V1,N,2026-09-10T21:10:00,synthetic-seeder
210120,2026-09-10,201202,THREAD-PAY-B-0120,RUN-PAY-B-0120-2,한도 올리는 법,한도 선택 후 동의와 본인인증을 완료해야 합니다.,2026-09-10T19:20:00,failed,810.0,True,repeat,소액결제 한도 변경,PAYMENT_GUIDE_V1,N,2026-09-10T21:20:00,synthetic-seeder
210121,2026-09-07,201211,THREAD-PAY-B-0121,RUN-PAY-B-0121-1,한도 올리는 법,한도 선택 후 동의와 본인인증을 완료해야 합니다.,2026-09-07T19:10:00,failed,840.0,False,initial,소액결제 한도 변경,PAYMENT_GUIDE_V1,N,2026-09-07T21:10:00,synthetic-seeder
210121,2026-09-07,201212,THREAD-PAY-B-0121,RUN-PAY-B-0121-2,한도 변경 안 됨,한도 선택 후 동의와 본인인증을 완료해야 합니다.,2026-09-07T19:20:00,failed,840.0,True,repeat,소액결제 한도 변경,PAYMENT_GUIDE_V1,N,2026-09-07T21:20:00,synthetic-seeder
210122,2026-09-08,201221,THREAD-PAY-B-0122,RUN-PAY-B-0122-1,한도 변경 안 됨,한도 선택 후 동의와 본인인증을 완료해야 합니다.,2026-09-08T19:10:00,failed,870.0,False,initial,소액결제 한도 변경,PAYMENT_GUIDE_V1,N,2026-09-08T21:10:00,synthetic-seeder
210122,2026-09-08,201222,THREAD-PAY-B-0122,RUN-PAY-B-0122-2,결제 한도 변경 오류,한도 선택 후 동의와 본인인증을 완료해야 합니다.,2026-09-08T19:20:00,failed,870.0,True,repeat,소액결제 한도 변경,PAYMENT_GUIDE_V1,N,2026-09-08T21:20:00,synthetic-seeder
210123,2026-09-09,201231,THREAD-PAY-B-0123,RUN-PAY-B-0123-1,결제 한도 변경 오류,한도 선택 후 동의와 본인인증을 완료해야 합니다.,2026-09-09T19:10:00,failed,900.0,False,initial,소액결제 한도 변경,PAYMENT_GUIDE_V1,N,2026-09-09T21:10:00,synthetic-seeder
210123,2026-09-09,201232,THREAD-PAY-B-0123,RUN-PAY-B-0123-2,한도 변경 왜 안돼,한도 선택 후 동의와 본인인증을 완료해야 합니다.,2026-09-09T19:20:00,failed,900.0,True,repeat,소액결제 한도 변경,PAYMENT_GUIDE_V1,N,2026-09-09T21:20:00,synthetic-seeder
210124,2026-09-10,201241,THREAD-PAY-B-0124,RUN-PAY-B-0124-1,한도 변경 왜 안돼,한도 선택 후 동의와 본인인증을 완료해야 합니다.,2026-09-10T19:10:00,failed,930.0,False,initial,소액결제 한도 변경,PAYMENT_GUIDE_V1,N,2026-09-10T21:10:00,synthetic-seeder
210124,2026-09-10,201242,THREAD-PAY-B-0124,RUN-PAY-B-0124-2,소액결제 한도 늘리기,한도 선택 후 동의와 본인인증을 완료해야 합니다.,2026-09-10T19:20:00,failed,930.0,True,repeat,소액결제 한도 변경,PAYMENT_GUIDE_V1,N,2026-09-10T21:20:00,synthetic-seeder
210125,2026-09-07,201251,THREAD-PAY-B-0125,RUN-PAY-B-0125-1,소액결제 한도 늘리기,한도 선택 후 동의와 본인인증을 완료해야 합니다.,2026-09-07T19:10:00,failed,960.0,False,initial,소액결제 한도 변경,PAYMENT_GUIDE_V1,N,2026-09-07T21:10:00,synthetic-seeder
210125,2026-09-07,201252,THREAD-PAY-B-0125,RUN-PAY-B-0125-2,결제 한도 변경,한도 선택 후 동의와 본인인증을 완료해야 합니다.,2026-09-07T19:20:00,failed,960.0,True,repeat,소액결제 한도 변경,PAYMENT_GUIDE_V1,N,2026-09-07T21:20:00,synthetic-seeder
210126,2026-09-08,201261,THREAD-PAY-B-0126,RUN-PAY-B-0126-1,결제 한도 변경,한도 선택 후 동의와 본인인증을 완료해야 합니다.,2026-09-08T19:10:00,failed,720.0,False,initial,소액결제 한도 변경,PAYMENT_GUIDE_V1,N,2026-09-08T21:10:00,synthetic-seeder
210126,2026-09-08,201262,THREAD-PAY-B-0126,RUN-PAY-B-0126-2,한도 올리는 법,한도 선택 후 동의와 본인인증을 완료해야 합니다.,2026-09-08T19:20:00,failed,720.0,True,repeat,소액결제 한도 변경,PAYMENT_GUIDE_V1,N,2026-09-08T21:20:00,synthetic-seeder
210127,2026-09-09,201271,THREAD-PAY-B-0127,RUN-PAY-B-0127-1,한도 올리는 법,한도 선택 후 동의와 본인인증을 완료해야 합니다.,2026-09-09T19:10:00,failed,750.0,False,initial,소액결제 한도 변경,PAYMENT_GUIDE_V1,N,2026-09-09T21:10:00,synthetic-seeder
210127,2026-09-09,201272,THREAD-PAY-B-0127,RUN-PAY-B-0127-2,한도 변경 안 됨,한도 선택 후 동의와 본인인증을 완료해야 합니다.,2026-09-09T19:20:00,failed,750.0,True,repeat,소액결제 한도 변경,PAYMENT_GUIDE_V1,N,2026-09-09T21:20:00,synthetic-seeder
210128,2026-09-10,201281,THREAD-PAY-B-0128,RUN-PAY-B-0128-1,한도 변경 안 됨,한도 선택 후 동의와 본인인증을 완료해야 합니다.,2026-09-10T19:10:00,failed,780.0,False,initial,소액결제 한도 변경,PAYMENT_GUIDE_V1,N,2026-09-10T21:10:00,synthetic-seeder
210128,2026-09-10,201282,THREAD-PAY-B-0128,RUN-PAY-B-0128-2,결제 한도 변경 오류,한도 선택 후 동의와 본인인증을 완료해야 합니다.,2026-09-10T19:20:00,failed,780.0,True,repeat,소액결제 한도 변경,PAYMENT_GUIDE_V1,N,2026-09-10T21:20:00,synthetic-seeder
210129,2026-09-07,201291,THREAD-PAY-B-0129,RUN-PAY-B-0129-1,결제 한도 변경 오류,한도 선택 후 동의와 본인인증을 완료해야 합니다.,2026-09-07T19:10:00,failed,810.0,False,initial,소액결제 한도 변경,PAYMENT_GUIDE_V1,N,2026-09-07T21:10:00,synthetic-seeder
210129,2026-09-07,201292,THREAD-PAY-B-0129,RUN-PAY-B-0129-2,한도 변경 왜 안돼,한도 선택 후 동의와 본인인증을 완료해야 합니다.,2026-09-07T19:20:00,failed,810.0,True,repeat,소액결제 한도 변경,PAYMENT_GUIDE_V1,N,2026-09-07T21:20:00,synthetic-seeder
210130,2026-09-08,201301,THREAD-PAY-B-0130,RUN-PAY-B-0130-1,한도 변경 왜 안돼,한도 선택 후 동의와 본인인증을 완료해야 합니다.,2026-09-08T19:10:00,failed,840.0,False,initial,소액결제 한도 변경,PAYMENT_GUIDE_V1,N,2026-09-08T21:10:00,synthetic-seeder
210130,2026-09-08,201302,THREAD-PAY-B-0130,RUN-PAY-B-0130-2,소액결제 한도 늘리기,한도 선택 후 동의와 본인인증을 완료해야 합니다.,2026-09-08T19:20:00,failed,840.0,True,repeat,소액결제 한도 변경,PAYMENT_GUIDE_V1,N,2026-09-08T21:20:00,synthetic-seeder
210131,2026-09-09,201311,THREAD-PAY-B-0131,RUN-PAY-B-0131-1,소액결제 한도 늘리기,한도 선택 후 동의와 본인인증을 완료해야 합니다.,2026-09-09T19:10:00,failed,870.0,False,initial,소액결제 한도 변경,PAYMENT_GUIDE_V1,N,2026-09-09T21:10:00,synthetic-seeder
210131,2026-09-09,201312,THREAD-PAY-B-0131,RUN-PAY-B-0131-2,결제 한도 변경,한도 선택 후 동의와 본인인증을 완료해야 합니다.,2026-09-09T19:20:00,failed,870.0,True,repeat,소액결제 한도 변경,PAYMENT_GUIDE_V1,N,2026-09-09T21:20:00,synthetic-seeder
210132,2026-09-10,201321,THREAD-PAY-B-0132,RUN-PAY-B-0132-1,결제 한도 변경,한도 선택 후 동의와 본인인증을 완료해야 합니다.,2026-09-10T19:10:00,failed,900.0,False,initial,소액결제 한도 변경,PAYMENT_GUIDE_V1,N,2026-09-10T21:10:00,synthetic-seeder
210132,2026-09-10,201322,THREAD-PAY-B-0132,RUN-PAY-B-0132-2,한도 올리는 법,한도 선택 후 동의와 본인인증을 완료해야 합니다.,2026-09-10T19:20:00,failed,900.0,True,repeat,소액결제 한도 변경,PAYMENT_GUIDE_V1,N,2026-09-10T21:20:00,synthetic-seeder
210133,2026-09-07,201331,THREAD-PAY-B-0133,RUN-PAY-B-0133-1,한도 올리는 법,한도 선택 후 동의와 본인인증을 완료해야 합니다.,2026-09-07T19:10:00,failed,930.0,False,initial,소액결제 한도 변경,PAYMENT_GUIDE_V1,N,2026-09-07T21:10:00,synthetic-seeder
210133,2026-09-07,201332,THREAD-PAY-B-0133,RUN-PAY-B-0133-2,한도 변경 안 됨,한도 선택 후 동의와 본인인증을 완료해야 합니다.,2026-09-07T19:20:00,failed,930.0,True,repeat,소액결제 한도 변경,PAYMENT_GUIDE_V1,N,2026-09-07T21:20:00,synthetic-seeder
210134,2026-09-08,201341,THREAD-PAY-B-0134,RUN-PAY-B-0134-1,한도 변경 안 됨,한도 선택 후 동의와 본인인증을 완료해야 합니다.,2026-09-08T19:10:00,failed,960.0,False,initial,소액결제 한도 변경,PAYMENT_GUIDE_V1,N,2026-09-08T21:10:00,synthetic-seeder
210134,2026-09-08,201342,THREAD-PAY-B-0134,RUN-PAY-B-0134-2,결제 한도 변경 오류,한도 선택 후 동의와 본인인증을 완료해야 합니다.,2026-09-08T19:20:00,failed,960.0,True,repeat,소액결제 한도 변경,PAYMENT_GUIDE_V1,N,2026-09-08T21:20:00,synthetic-seeder
210135,2026-09-09,201351,THREAD-PAY-B-0135,RUN-PAY-B-0135-1,결제 한도 변경 오류,한도 선택 후 동의와 본인인증을 완료해야 합니다.,2026-09-09T19:10:00,failed,720.0,False,initial,소액결제 한도 변경,PAYMENT_GUIDE_V1,N,2026-09-09T21:10:00,synthetic-seeder
210135,2026-09-09,201352,THREAD-PAY-B-0135,RUN-PAY-B-0135-2,한도 변경 왜 안돼,한도 선택 후 동의와 본인인증을 완료해야 합니다.,2026-09-09T19:20:00,failed,720.0,True,repeat,소액결제 한도 변경,PAYMENT_GUIDE_V1,N,2026-09-09T21:20:00,synthetic-seeder
210136,2026-09-10,201361,THREAD-PAY-B-0136,RUN-PAY-B-0136-1,한도 변경 왜 안돼,한도 선택 후 동의와 본인인증을 완료해야 합니다.,2026-09-10T19:10:00,failed,750.0,False,initial,소액결제 한도 변경,PAYMENT_GUIDE_V1,N,2026-09-10T21:10:00,synthetic-seeder
210136,2026-09-10,201362,THREAD-PAY-B-0136,RUN-PAY-B-0136-2,소액결제 한도 늘리기,한도 선택 후 동의와 본인인증을 완료해야 합니다.,2026-09-10T19:20:00,failed,750.0,True,repeat,소액결제 한도 변경,PAYMENT_GUIDE_V1,N,2026-09-10T21:20:00,synthetic-seeder
210137,2026-09-07,201371,THREAD-PAY-B-0137,RUN-PAY-B-0137-1,소액결제 한도 늘리기,한도 선택 후 동의와 본인인증을 완료해야 합니다.,2026-09-07T19:10:00,failed,780.0,False,initial,소액결제 한도 변경,PAYMENT_GUIDE_V1,N,2026-09-07T21:10:00,synthetic-seeder
210137,2026-09-07,201372,THREAD-PAY-B-0137,RUN-PAY-B-0137-2,결제 한도 변경,한도 선택 후 동의와 본인인증을 완료해야 합니다.,2026-09-07T19:20:00,failed,780.0,True,repeat,소액결제 한도 변경,PAYMENT_GUIDE_V1,N,2026-09-07T21:20:00,synthetic-seeder
210138,2026-09-08,201381,THREAD-PAY-B-0138,RUN-PAY-B-0138-1,결제 한도 변경,한도 선택 후 동의와 본인인증을 완료해야 합니다.,2026-09-08T19:10:00,failed,810.0,False,initial,소액결제 한도 변경,PAYMENT_GUIDE_V1,N,2026-09-08T21:10:00,synthetic-seeder
210138,2026-09-08,201382,THREAD-PAY-B-0138,RUN-PAY-B-0138-2,한도 올리는 법,한도 선택 후 동의와 본인인증을 완료해야 합니다.,2026-09-08T19:20:00,failed,810.0,True,repeat,소액결제 한도 변경,PAYMENT_GUIDE_V1,N,2026-09-08T21:20:00,synthetic-seeder
210139,2026-09-09,201391,THREAD-PAY-B-0139,RUN-PAY-B-0139-1,한도 올리는 법,한도 선택 후 동의와 본인인증을 완료해야 합니다.,2026-09-09T19:10:00,failed,840.0,False,initial,소액결제 한도 변경,PAYMENT_GUIDE_V1,N,2026-09-09T21:10:00,synthetic-seeder
210139,2026-09-09,201392,THREAD-PAY-B-0139,RUN-PAY-B-0139-2,한도 변경 안 됨,한도 선택 후 동의와 본인인증을 완료해야 합니다.,2026-09-09T19:20:00,failed,840.0,True,repeat,소액결제 한도 변경,PAYMENT_GUIDE_V1,N,2026-09-09T21:20:00,synthetic-seeder
210140,2026-09-10,201401,THREAD-PAY-B-0140,RUN-PAY-B-0140-1,한도 변경 안 됨,한도 선택 후 동의와 본인인증을 완료해야 합니다.,2026-09-10T19:10:00,failed,870.0,False,initial,소액결제 한도 변경,PAYMENT_GUIDE_V1,N,2026-09-10T21:10:00,synthetic-seeder
210140,2026-09-10,201402,THREAD-PAY-B-0140,RUN-PAY-B-0140-2,결제 한도 변경 오류,한도 선택 후 동의와 본인인증을 완료해야 합니다.,2026-09-10T19:20:00,failed,870.0,True,repeat,소액결제 한도 변경,PAYMENT_GUIDE_V1,N,2026-09-10T21:20:00,synthetic-seeder
210141,2026-09-07,201411,THREAD-PAY-B-0141,RUN-PAY-B-0141-1,결제 한도 변경 오류,한도 선택 후 동의와 본인인증을 완료해야 합니다.,2026-09-07T19:10:00,failed,900.0,False,initial,소액결제 한도 변경,PAYMENT_GUIDE_V1,N,2026-09-07T21:10:00,synthetic-seeder
210141,2026-09-07,201412,THREAD-PAY-B-0141,RUN-PAY-B-0141-2,한도 변경 왜 안돼,한도 선택 후 동의와 본인인증을 완료해야 합니다.,2026-09-07T19:20:00,failed,900.0,True,repeat,소액결제 한도 변경,PAYMENT_GUIDE_V1,N,2026-09-07T21:20:00,synthetic-seeder
210142,2026-09-08,201421,THREAD-PAY-B-0142,RUN-PAY-B-0142-1,한도 변경 왜 안돼,한도 선택 후 동의와 본인인증을 완료해야 합니다.,2026-09-08T19:10:00,failed,930.0,False,initial,소액결제 한도 변경,PAYMENT_GUIDE_V1,N,2026-09-08T21:10:00,synthetic-seeder
210142,2026-09-08,201422,THREAD-PAY-B-0142,RUN-PAY-B-0142-2,소액결제 한도 늘리기,한도 선택 후 동의와 본인인증을 완료해야 합니다.,2026-09-08T19:20:00,failed,930.0,True,repeat,소액결제 한도 변경,PAYMENT_GUIDE_V1,N,2026-09-08T21:20:00,synthetic-seeder
210143,2026-09-09,201431,THREAD-PAY-B-0143,RUN-PAY-B-0143-1,소액결제 한도 늘리기,한도 선택 후 동의와 본인인증을 완료해야 합니다.,2026-09-09T19:10:00,failed,960.0,False,initial,소액결제 한도 변경,PAYMENT_GUIDE_V1,N,2026-09-09T21:10:00,synthetic-seeder
210143,2026-09-09,201432,THREAD-PAY-B-0143,RUN-PAY-B-0143-2,결제 한도 변경,한도 선택 후 동의와 본인인증을 완료해야 합니다.,2026-09-09T19:20:00,failed,960.0,True,repeat,소액결제 한도 변경,PAYMENT_GUIDE_V1,N,2026-09-09T21:20:00,synthetic-seeder
210144,2026-09-10,201441,THREAD-PAY-B-0144,RUN-PAY-B-0144-1,결제 한도 변경,한도 선택 후 동의와 본인인증을 완료해야 합니다.,2026-09-10T19:10:00,failed,720.0,False,initial,소액결제 한도 변경,PAYMENT_GUIDE_V1,N,2026-09-10T21:10:00,synthetic-seeder
210144,2026-09-10,201442,THREAD-PAY-B-0144,RUN-PAY-B-0144-2,한도 올리는 법,한도 선택 후 동의와 본인인증을 완료해야 합니다.,2026-09-10T19:20:00,failed,720.0,True,repeat,소액결제 한도 변경,PAYMENT_GUIDE_V1,N,2026-09-10T21:20:00,synthetic-seeder
210145,2026-09-07,201451,THREAD-PAY-B-0145,RUN-PAY-B-0145-1,한도 올리는 법,한도 선택 후 동의와 본인인증을 완료해야 합니다.,2026-09-07T19:10:00,failed,750.0,False,initial,소액결제 한도 변경,PAYMENT_GUIDE_V1,N,2026-09-07T21:10:00,synthetic-seeder
210145,2026-09-07,201452,THREAD-PAY-B-0145,RUN-PAY-B-0145-2,한도 변경 안 됨,한도 선택 후 동의와 본인인증을 완료해야 합니다.,2026-09-07T19:20:00,failed,750.0,True,repeat,소액결제 한도 변경,PAYMENT_GUIDE_V1,N,2026-09-07T21:20:00,synthetic-seeder
210146,2026-09-08,201461,THREAD-PAY-B-0146,RUN-PAY-B-0146-1,한도 변경 안 됨,한도 선택 후 동의와 본인인증을 완료해야 합니다.,2026-09-08T19:10:00,failed,780.0,False,initial,소액결제 한도 변경,PAYMENT_GUIDE_V1,N,2026-09-08T21:10:00,synthetic-seeder
210146,2026-09-08,201462,THREAD-PAY-B-0146,RUN-PAY-B-0146-2,결제 한도 변경 오류,한도 선택 후 동의와 본인인증을 완료해야 합니다.,2026-09-08T19:20:00,failed,780.0,True,repeat,소액결제 한도 변경,PAYMENT_GUIDE_V1,N,2026-09-08T21:20:00,synthetic-seeder
210147,2026-09-09,201471,THREAD-PAY-B-0147,RUN-PAY-B-0147-1,결제 한도 변경 오류,한도 선택 후 동의와 본인인증을 완료해야 합니다.,2026-09-09T19:10:00,failed,810.0,False,initial,소액결제 한도 변경,PAYMENT_GUIDE_V1,N,2026-09-09T21:10:00,synthetic-seeder
210147,2026-09-09,201472,THREAD-PAY-B-0147,RUN-PAY-B-0147-2,한도 변경 왜 안돼,한도 선택 후 동의와 본인인증을 완료해야 합니다.,2026-09-09T19:20:00,failed,810.0,True,repeat,소액결제 한도 변경,PAYMENT_GUIDE_V1,N,2026-09-09T21:20:00,synthetic-seeder
210148,2026-09-08,201481,THREAD-PAY-B-0148,RUN-PAY-B-0148-1,한도 변경 왜 안돼,한도 선택 후 동의와 본인인증을 완료해야 합니다.,2026-09-08T19:10:00,failed,840.0,False,initial,소액결제 한도 변경,PAYMENT_GUIDE_V1,N,2026-09-08T21:10:00,synthetic-seeder
210148,2026-09-08,201482,THREAD-PAY-B-0148,RUN-PAY-B-0148-2,소액결제 한도 늘리기,한도 선택 후 동의와 본인인증을 완료해야 합니다.,2026-09-08T19:20:00,failed,840.0,True,repeat,소액결제 한도 변경,PAYMENT_GUIDE_V1,N,2026-09-08T21:20:00,synthetic-seeder
210149,2026-09-05,201491,THREAD-PAY-B-0149,RUN-PAY-B-0149-1,소액결제 한도 늘리기,한도 선택 후 동의와 본인인증을 완료해야 합니다.,2026-09-05T19:10:00,failed,870.0,False,initial,소액결제 한도 변경,PAYMENT_GUIDE_V1,N,2026-09-05T21:10:00,synthetic-seeder
210149,2026-09-05,201492,THREAD-PAY-B-0149,RUN-PAY-B-0149-2,결제 한도 변경,한도 선택 후 동의와 본인인증을 완료해야 합니다.,2026-09-05T19:20:00,failed,870.0,True,repeat,소액결제 한도 변경,PAYMENT_GUIDE_V1,N,2026-09-05T21:20:00,synthetic-seeder
210150,2026-09-06,201501,THREAD-PAY-B-0150,RUN-PAY-B-0150-1,결제 한도 변경,한도 선택 후 동의와 본인인증을 완료해야 합니다.,2026-09-06T19:10:00,failed,900.0,False,initial,소액결제 한도 변경,PAYMENT_GUIDE_V1,N,2026-09-06T21:10:00,synthetic-seeder
210150,2026-09-06,201502,THREAD-PAY-B-0150,RUN-PAY-B-0150-2,한도 올리는 법,한도 선택 후 동의와 본인인증을 완료해야 합니다.,2026-09-06T19:20:00,failed,900.0,True,repeat,소액결제 한도 변경,PAYMENT_GUIDE_V1,N,2026-09-06T21:20:00,synthetic-seeder
120001,2026-09-11,300011,THREAD-VAS-P-1-001,RUN-VAS-P-1-001-1,안 쓰는 서비스 빼기,부가서비스 조회/해지 화면으로 이동할 수 있습니다.,2026-09-11T18:06:00,completed,540.0,False,initial,부가서비스 조회/해지,VAS_GUIDE_WITH_CTA,N,2026-09-11T20:06:00,synthetic-seeder
120001,2026-09-11,300012,THREAD-VAS-P-1-001,RUN-VAS-P-1-001-2,내가 가입한 부가서비스,부가서비스 조회/해지 화면으로 이동할 수 있습니다.,2026-09-11T18:11:00,completed,540.0,True,repeat,부가서비스 조회/해지,VAS_GUIDE_WITH_CTA,N,2026-09-11T20:11:00,synthetic-seeder
120002,2026-09-11,300021,THREAD-VAS-P-1-002,RUN-VAS-P-1-002-1,내가 가입한 부가서비스,부가서비스 조회/해지 화면으로 이동할 수 있습니다.,2026-09-11T18:07:00,completed,560.0,False,initial,부가서비스 조회/해지,VAS_GUIDE_WITH_CTA,N,2026-09-11T20:07:00,synthetic-seeder
120002,2026-09-11,300022,THREAD-VAS-P-1-002,RUN-VAS-P-1-002-2,부가서비스 확인,부가서비스 조회/해지 화면으로 이동할 수 있습니다.,2026-09-11T18:12:00,completed,560.0,True,repeat,부가서비스 조회/해지,VAS_GUIDE_WITH_CTA,N,2026-09-11T20:12:00,synthetic-seeder
120003,2026-09-11,300031,THREAD-VAS-P-1-003,RUN-VAS-P-1-003-1,부가서비스 확인,부가서비스 조회/해지 화면으로 이동할 수 있습니다.,2026-09-11T18:08:00,completed,580.0,False,initial,부가서비스 조회/해지,VAS_GUIDE_WITH_CTA,N,2026-09-11T20:08:00,synthetic-seeder
120003,2026-09-11,300032,THREAD-VAS-P-1-003,RUN-VAS-P-1-003-2,부가서비스 변경,부가서비스 조회/해지 화면으로 이동할 수 있습니다.,2026-09-11T18:13:00,completed,580.0,True,repeat,부가서비스 조회/해지,VAS_GUIDE_WITH_CTA,N,2026-09-11T20:13:00,synthetic-seeder
120004,2026-09-11,300041,THREAD-VAS-P-1-004,RUN-VAS-P-1-004-1,부가서비스 변경,부가서비스 조회/해지 화면으로 이동할 수 있습니다.,2026-09-11T18:09:00,completed,600.0,False,initial,부가서비스 조회/해지,VAS_GUIDE_WITH_CTA,N,2026-09-11T20:09:00,synthetic-seeder
120004,2026-09-11,300042,THREAD-VAS-P-1-004,RUN-VAS-P-1-004-2,부가서비스 해지,부가서비스 조회/해지 화면으로 이동할 수 있습니다.,2026-09-11T18:14:00,completed,600.0,True,repeat,부가서비스 조회/해지,VAS_GUIDE_WITH_CTA,N,2026-09-11T20:14:00,synthetic-seeder
120005,2026-09-11,300051,THREAD-VAS-P-1-005,RUN-VAS-P-1-005-1,부가서비스 해지,부가서비스 조회/해지 화면으로 이동할 수 있습니다.,2026-09-11T18:10:00,completed,620.0,False,initial,부가서비스 조회/해지,VAS_GUIDE_WITH_CTA,N,2026-09-11T20:10:00,synthetic-seeder
120005,2026-09-11,300052,THREAD-VAS-P-1-005,RUN-VAS-P-1-005-2,부가서비스 끄기,부가서비스 조회/해지 화면으로 이동할 수 있습니다.,2026-09-11T18:15:00,completed,620.0,True,repeat,부가서비스 조회/해지,VAS_GUIDE_WITH_CTA,N,2026-09-11T20:15:00,synthetic-seeder
120006,2026-09-11,300061,THREAD-VAS-P-1-006,RUN-VAS-P-1-006-1,부가서비스 끄기,부가서비스 조회/해지 화면으로 이동할 수 있습니다.,2026-09-11T18:11:00,completed,640.0,False,initial,부가서비스 조회/해지,VAS_GUIDE_WITH_CTA,N,2026-09-11T20:11:00,synthetic-seeder
120006,2026-09-11,300062,THREAD-VAS-P-1-006,RUN-VAS-P-1-006-2,안 쓰는 서비스 빼기,부가서비스 조회/해지 화면으로 이동할 수 있습니다.,2026-09-11T18:16:00,completed,640.0,True,repeat,부가서비스 조회/해지,VAS_GUIDE_WITH_CTA,N,2026-09-11T20:16:00,synthetic-seeder
120007,2026-09-11,300071,THREAD-VAS-P-1-007,RUN-VAS-P-1-007-1,안 쓰는 서비스 빼기,부가서비스 조회/해지 화면으로 이동할 수 있습니다.,2026-09-11T18:12:00,completed,660.0,False,initial,부가서비스 조회/해지,VAS_GUIDE_WITH_CTA,N,2026-09-11T20:12:00,synthetic-seeder
120007,2026-09-11,300072,THREAD-VAS-P-1-007,RUN-VAS-P-1-007-2,내가 가입한 부가서비스,부가서비스 조회/해지 화면으로 이동할 수 있습니다.,2026-09-11T18:17:00,completed,660.0,True,repeat,부가서비스 조회/해지,VAS_GUIDE_WITH_CTA,N,2026-09-11T20:17:00,synthetic-seeder
120008,2026-09-11,300081,THREAD-VAS-P-1-008,RUN-VAS-P-1-008-1,내가 가입한 부가서비스,부가서비스 조회/해지 화면으로 이동할 수 있습니다.,2026-09-11T18:13:00,completed,520.0,False,initial,부가서비스 조회/해지,VAS_GUIDE_WITH_CTA,N,2026-09-11T20:13:00,synthetic-seeder
120008,2026-09-11,300082,THREAD-VAS-P-1-008,RUN-VAS-P-1-008-2,부가서비스 확인,부가서비스 조회/해지 화면으로 이동할 수 있습니다.,2026-09-11T18:18:00,completed,520.0,True,repeat,부가서비스 조회/해지,VAS_GUIDE_WITH_CTA,N,2026-09-11T20:18:00,synthetic-seeder
120009,2026-09-11,300091,THREAD-VAS-P-1-009,RUN-VAS-P-1-009-1,부가서비스 확인,부가서비스 조회/해지 화면으로 이동할 수 있습니다.,2026-09-11T18:14:00,completed,540.0,False,initial,부가서비스 조회/해지,VAS_GUIDE_WITH_CTA,N,2026-09-11T20:14:00,synthetic-seeder
120009,2026-09-11,300092,THREAD-VAS-P-1-009,RUN-VAS-P-1-009-2,부가서비스 변경,부가서비스 조회/해지 화면으로 이동할 수 있습니다.,2026-09-11T18:19:00,completed,540.0,True,repeat,부가서비스 조회/해지,VAS_GUIDE_WITH_CTA,N,2026-09-11T20:19:00,synthetic-seeder
120010,2026-09-11,300101,THREAD-VAS-P-1-010,RUN-VAS-P-1-010-1,부가서비스 변경,부가서비스 조회/해지 화면으로 이동할 수 있습니다.,2026-09-11T18:15:00,completed,560.0,False,initial,부가서비스 조회/해지,VAS_GUIDE_WITH_CTA,N,2026-09-11T20:15:00,synthetic-seeder
120010,2026-09-11,300102,THREAD-VAS-P-1-010,RUN-VAS-P-1-010-2,부가서비스 해지,부가서비스 조회/해지 화면으로 이동할 수 있습니다.,2026-09-11T18:20:00,completed,560.0,True,repeat,부가서비스 조회/해지,VAS_GUIDE_WITH_CTA,N,2026-09-11T20:20:00,synthetic-seeder
120011,2026-09-11,300111,THREAD-VAS-P-1-011,RUN-VAS-P-1-011-1,부가서비스 해지,부가서비스 조회/해지 화면으로 이동할 수 있습니다.,2026-09-11T18:16:00,failed,580.0,False,initial,부가서비스 조회/해지,VAS_GUIDE_NO_CTA,N,2026-09-11T20:16:00,synthetic-seeder
120011,2026-09-11,300112,THREAD-VAS-P-1-011,RUN-VAS-P-1-011-2,부가서비스 끄기,부가서비스 조회/해지 화면으로 이동할 수 있습니다.,2026-09-11T18:21:00,failed,580.0,True,repeat,부가서비스 조회/해지,VAS_GUIDE_NO_CTA,N,2026-09-11T20:21:00,synthetic-seeder
120012,2026-09-11,300121,THREAD-VAS-P-1-012,RUN-VAS-P-1-012-1,부가서비스 끄기,부가서비스 조회/해지 화면으로 이동할 수 있습니다.,2026-09-11T18:17:00,failed,600.0,False,initial,부가서비스 조회/해지,VAS_GUIDE_NO_CTA,N,2026-09-11T20:17:00,synthetic-seeder
120012,2026-09-11,300122,THREAD-VAS-P-1-012,RUN-VAS-P-1-012-2,안 쓰는 서비스 빼기,부가서비스 조회/해지 화면으로 이동할 수 있습니다.,2026-09-11T18:22:00,failed,600.0,True,repeat,부가서비스 조회/해지,VAS_GUIDE_NO_CTA,N,2026-09-11T20:22:00,synthetic-seeder
120013,2026-09-11,300131,THREAD-VAS-P-1-013,RUN-VAS-P-1-013-1,안 쓰는 서비스 빼기,부가서비스 조회/해지 화면으로 이동할 수 있습니다.,2026-09-11T18:18:00,failed,620.0,False,initial,부가서비스 조회/해지,VAS_GUIDE_NO_CTA,N,2026-09-11T20:18:00,synthetic-seeder
120013,2026-09-11,300132,THREAD-VAS-P-1-013,RUN-VAS-P-1-013-2,내가 가입한 부가서비스,부가서비스 조회/해지 화면으로 이동할 수 있습니다.,2026-09-11T18:23:00,failed,620.0,True,repeat,부가서비스 조회/해지,VAS_GUIDE_NO_CTA,N,2026-09-11T20:23:00,synthetic-seeder
120014,2026-09-11,300141,THREAD-VAS-P-1-014,RUN-VAS-P-1-014-1,내가 가입한 부가서비스,부가서비스 조회/해지 화면으로 이동할 수 있습니다.,2026-09-11T18:19:00,failed,640.0,False,initial,부가서비스 조회/해지,VAS_GUIDE_NO_CTA,N,2026-09-11T20:19:00,synthetic-seeder
120014,2026-09-11,300142,THREAD-VAS-P-1-014,RUN-VAS-P-1-014-2,부가서비스 확인,부가서비스 조회/해지 화면으로 이동할 수 있습니다.,2026-09-11T18:24:00,failed,640.0,True,repeat,부가서비스 조회/해지,VAS_GUIDE_NO_CTA,N,2026-09-11T20:24:00,synthetic-seeder
120015,2026-09-11,300151,THREAD-VAS-P-1-015,RUN-VAS-P-1-015-1,부가서비스 확인,부가서비스 조회/해지 화면으로 이동할 수 있습니다.,2026-09-11T18:20:00,failed,660.0,False,initial,부가서비스 조회/해지,VAS_GUIDE_NO_CTA,N,2026-09-11T20:20:00,synthetic-seeder
120015,2026-09-11,300152,THREAD-VAS-P-1-015,RUN-VAS-P-1-015-2,부가서비스 변경,부가서비스 조회/해지 화면으로 이동할 수 있습니다.,2026-09-11T18:25:00,failed,660.0,True,repeat,부가서비스 조회/해지,VAS_GUIDE_NO_CTA,N,2026-09-11T20:25:00,synthetic-seeder
120016,2026-09-11,300161,THREAD-VAS-P-1-016,RUN-VAS-P-1-016-1,부가서비스 변경,부가서비스 조회/해지 화면으로 이동할 수 있습니다.,2026-09-11T18:21:00,failed,520.0,False,initial,부가서비스 조회/해지,VAS_GUIDE_NO_CTA,N,2026-09-11T20:21:00,synthetic-seeder
120016,2026-09-11,300162,THREAD-VAS-P-1-016,RUN-VAS-P-1-016-2,부가서비스 해지,부가서비스 조회/해지 화면으로 이동할 수 있습니다.,2026-09-11T18:26:00,failed,520.0,True,repeat,부가서비스 조회/해지,VAS_GUIDE_NO_CTA,N,2026-09-11T20:26:00,synthetic-seeder
120017,2026-09-11,300171,THREAD-VAS-P-1-017,RUN-VAS-P-1-017-1,부가서비스 해지,부가서비스 조회/해지 화면으로 이동할 수 있습니다.,2026-09-11T18:22:00,failed,540.0,False,initial,부가서비스 조회/해지,VAS_GUIDE_NO_CTA,N,2026-09-11T20:22:00,synthetic-seeder
120017,2026-09-11,300172,THREAD-VAS-P-1-017,RUN-VAS-P-1-017-2,부가서비스 끄기,부가서비스 조회/해지 화면으로 이동할 수 있습니다.,2026-09-11T18:27:00,failed,540.0,True,repeat,부가서비스 조회/해지,VAS_GUIDE_NO_CTA,N,2026-09-11T20:27:00,synthetic-seeder
120018,2026-09-11,300181,THREAD-VAS-P-1-018,RUN-VAS-P-1-018-1,부가서비스 끄기,부가서비스 조회/해지 화면으로 이동할 수 있습니다.,2026-09-11T18:23:00,failed,560.0,False,initial,부가서비스 조회/해지,VAS_GUIDE_NO_CTA,N,2026-09-11T20:23:00,synthetic-seeder
120018,2026-09-11,300182,THREAD-VAS-P-1-018,RUN-VAS-P-1-018-2,안 쓰는 서비스 빼기,부가서비스 조회/해지 화면으로 이동할 수 있습니다.,2026-09-11T18:28:00,failed,560.0,True,repeat,부가서비스 조회/해지,VAS_GUIDE_NO_CTA,N,2026-09-11T20:28:00,synthetic-seeder
120019,2026-09-11,300191,THREAD-VAS-P-1-019,RUN-VAS-P-1-019-1,안 쓰는 서비스 빼기,부가서비스 조회/해지 화면으로 이동할 수 있습니다.,2026-09-11T18:24:00,failed,580.0,False,initial,부가서비스 조회/해지,VAS_GUIDE_NO_CTA,N,2026-09-11T20:24:00,synthetic-seeder
120019,2026-09-11,300192,THREAD-VAS-P-1-019,RUN-VAS-P-1-019-2,내가 가입한 부가서비스,부가서비스 조회/해지 화면으로 이동할 수 있습니다.,2026-09-11T18:29:00,failed,580.0,True,repeat,부가서비스 조회/해지,VAS_GUIDE_NO_CTA,N,2026-09-11T20:29:00,synthetic-seeder
120020,2026-09-11,300201,THREAD-VAS-P-1-020,RUN-VAS-P-1-020-1,내가 가입한 부가서비스,부가서비스 조회/해지 화면으로 이동할 수 있습니다.,2026-09-11T18:25:00,failed,600.0,False,initial,부가서비스 조회/해지,VAS_GUIDE_NO_CTA,N,2026-09-11T20:25:00,synthetic-seeder
120020,2026-09-11,300202,THREAD-VAS-P-1-020,RUN-VAS-P-1-020-2,부가서비스 확인,부가서비스 조회/해지 화면으로 이동할 수 있습니다.,2026-09-11T18:30:00,failed,600.0,True,repeat,부가서비스 조회/해지,VAS_GUIDE_NO_CTA,N,2026-09-11T20:30:00,synthetic-seeder
120021,2026-09-11,300211,THREAD-VAS-P-1-021,RUN-VAS-P-1-021-1,부가서비스 확인,부가서비스 조회/해지 화면으로 이동할 수 있습니다.,2026-09-11T18:26:00,failed,620.0,False,initial,부가서비스 조회/해지,VAS_GUIDE_NO_CTA,N,2026-09-11T20:26:00,synthetic-seeder
120021,2026-09-11,300212,THREAD-VAS-P-1-021,RUN-VAS-P-1-021-2,부가서비스 변경,부가서비스 조회/해지 화면으로 이동할 수 있습니다.,2026-09-11T18:31:00,failed,620.0,True,repeat,부가서비스 조회/해지,VAS_GUIDE_NO_CTA,N,2026-09-11T20:31:00,synthetic-seeder
120022,2026-09-11,300221,THREAD-VAS-P-1-022,RUN-VAS-P-1-022-1,부가서비스 변경,부가서비스 조회/해지 화면으로 이동할 수 있습니다.,2026-09-11T18:27:00,failed,640.0,False,initial,부가서비스 조회/해지,VAS_GUIDE_NO_CTA,N,2026-09-11T20:27:00,synthetic-seeder
120022,2026-09-11,300222,THREAD-VAS-P-1-022,RUN-VAS-P-1-022-2,부가서비스 해지,부가서비스 조회/해지 화면으로 이동할 수 있습니다.,2026-09-11T18:32:00,failed,640.0,True,repeat,부가서비스 조회/해지,VAS_GUIDE_NO_CTA,N,2026-09-11T20:32:00,synthetic-seeder
120023,2026-09-11,300231,THREAD-VAS-P-1-023,RUN-VAS-P-1-023-1,부가서비스 해지,부가서비스 조회/해지 화면으로 이동할 수 있습니다.,2026-09-11T18:28:00,failed,660.0,False,initial,부가서비스 조회/해지,VAS_GUIDE_NO_CTA,N,2026-09-11T20:28:00,synthetic-seeder
120023,2026-09-11,300232,THREAD-VAS-P-1-023,RUN-VAS-P-1-023-2,부가서비스 끄기,부가서비스 조회/해지 화면으로 이동할 수 있습니다.,2026-09-11T18:33:00,failed,660.0,True,repeat,부가서비스 조회/해지,VAS_GUIDE_NO_CTA,N,2026-09-11T20:33:00,synthetic-seeder
120024,2026-09-11,300241,THREAD-VAS-P-1-024,RUN-VAS-P-1-024-1,부가서비스 끄기,부가서비스 조회/해지 화면으로 이동할 수 있습니다.,2026-09-11T18:29:00,failed,520.0,False,initial,부가서비스 조회/해지,VAS_GUIDE_NO_CTA,N,2026-09-11T20:29:00,synthetic-seeder
120024,2026-09-11,300242,THREAD-VAS-P-1-024,RUN-VAS-P-1-024-2,안 쓰는 서비스 빼기,부가서비스 조회/해지 화면으로 이동할 수 있습니다.,2026-09-11T18:34:00,failed,520.0,True,repeat,부가서비스 조회/해지,VAS_GUIDE_NO_CTA,N,2026-09-11T20:34:00,synthetic-seeder
120025,2026-09-11,300251,THREAD-VAS-P-1-025,RUN-VAS-P-1-025-1,안 쓰는 서비스 빼기,부가서비스 조회/해지 화면으로 이동할 수 있습니다.,2026-09-11T18:30:00,failed,540.0,False,initial,부가서비스 조회/해지,VAS_GUIDE_NO_CTA,N,2026-09-11T20:30:00,synthetic-seeder
120025,2026-09-11,300252,THREAD-VAS-P-1-025,RUN-VAS-P-1-025-2,내가 가입한 부가서비스,부가서비스 조회/해지 화면으로 이동할 수 있습니다.,2026-09-11T18:35:00,failed,540.0,True,repeat,부가서비스 조회/해지,VAS_GUIDE_NO_CTA,N,2026-09-11T20:35:00,synthetic-seeder
120026,2026-09-11,300261,THREAD-VAS-P-1-026,RUN-VAS-P-1-026-1,내가 가입한 부가서비스,부가서비스 조회/해지 화면으로 이동할 수 있습니다.,2026-09-11T18:31:00,failed,560.0,False,initial,부가서비스 조회/해지,VAS_GUIDE_NO_CTA,N,2026-09-11T20:31:00,synthetic-seeder
120026,2026-09-11,300262,THREAD-VAS-P-1-026,RUN-VAS-P-1-026-2,부가서비스 확인,부가서비스 조회/해지 화면으로 이동할 수 있습니다.,2026-09-11T18:36:00,failed,560.0,True,repeat,부가서비스 조회/해지,VAS_GUIDE_NO_CTA,N,2026-09-11T20:36:00,synthetic-seeder
120027,2026-09-11,300271,THREAD-VAS-P-1-027,RUN-VAS-P-1-027-1,부가서비스 확인,부가서비스 조회/해지 화면으로 이동할 수 있습니다.,2026-09-11T18:32:00,failed,580.0,False,initial,부가서비스 조회/해지,VAS_GUIDE_NO_CTA,N,2026-09-11T20:32:00,synthetic-seeder
120027,2026-09-11,300272,THREAD-VAS-P-1-027,RUN-VAS-P-1-027-2,부가서비스 변경,부가서비스 조회/해지 화면으로 이동할 수 있습니다.,2026-09-11T18:37:00,failed,580.0,True,repeat,부가서비스 조회/해지,VAS_GUIDE_NO_CTA,N,2026-09-11T20:37:00,synthetic-seeder
120028,2026-09-11,300281,THREAD-VAS-P-1-028,RUN-VAS-P-1-028-1,부가서비스 변경,부가서비스 조회/해지 화면으로 이동할 수 있습니다.,2026-09-11T18:33:00,failed,600.0,False,initial,부가서비스 조회/해지,VAS_GUIDE_NO_CTA,N,2026-09-11T20:33:00,synthetic-seeder
120028,2026-09-11,300282,THREAD-VAS-P-1-028,RUN-VAS-P-1-028-2,부가서비스 해지,부가서비스 조회/해지 화면으로 이동할 수 있습니다.,2026-09-11T18:38:00,failed,600.0,True,repeat,부가서비스 조회/해지,VAS_GUIDE_NO_CTA,N,2026-09-11T20:38:00,synthetic-seeder
120029,2026-09-11,300291,THREAD-VAS-P-1-029,RUN-VAS-P-1-029-1,부가서비스 해지,부가서비스 조회/해지 화면으로 이동할 수 있습니다.,2026-09-11T18:34:00,failed,620.0,False,initial,부가서비스 조회/해지,VAS_GUIDE_NO_CTA,N,2026-09-11T20:34:00,synthetic-seeder
120030,2026-09-11,300301,THREAD-VAS-P-1-030,RUN-VAS-P-1-030-1,부가서비스 끄기,부가서비스 조회/해지 화면으로 이동할 수 있습니다.,2026-09-11T18:35:00,failed,640.0,False,initial,부가서비스 조회/해지,VAS_GUIDE_NO_CTA,N,2026-09-11T20:35:00,synthetic-seeder
120031,2026-09-11,300311,THREAD-VAS-P-1-031,RUN-VAS-P-1-031-1,안 쓰는 서비스 빼기,부가서비스 조회/해지 화면으로 이동할 수 있습니다.,2026-09-11T18:36:00,failed,660.0,False,initial,부가서비스 조회/해지,VAS_GUIDE_NO_CTA,N,2026-09-11T20:36:00,synthetic-seeder
120032,2026-09-11,300321,THREAD-VAS-P-1-032,RUN-VAS-P-1-032-1,내가 가입한 부가서비스,부가서비스 조회/해지 화면으로 이동할 수 있습니다.,2026-09-11T18:37:00,failed,520.0,False,initial,부가서비스 조회/해지,VAS_GUIDE_NO_CTA,N,2026-09-11T20:37:00,synthetic-seeder
120033,2026-09-11,300331,THREAD-VAS-P-1-033,RUN-VAS-P-1-033-1,부가서비스 확인,부가서비스 조회/해지 화면으로 이동할 수 있습니다.,2026-09-11T18:38:00,failed,540.0,False,initial,부가서비스 조회/해지,VAS_GUIDE_NO_CTA,N,2026-09-11T20:38:00,synthetic-seeder
120034,2026-09-11,300341,THREAD-VAS-P-1-034,RUN-VAS-P-1-034-1,부가서비스 변경,부가서비스 조회/해지 화면으로 이동할 수 있습니다.,2026-09-11T18:39:00,failed,560.0,False,initial,부가서비스 조회/해지,VAS_GUIDE_NO_CTA,N,2026-09-11T20:39:00,synthetic-seeder
120035,2026-09-11,300351,THREAD-VAS-P-1-035,RUN-VAS-P-1-035-1,부가서비스 해지,부가서비스 조회/해지 화면으로 이동할 수 있습니다.,2026-09-11T18:40:00,failed,580.0,False,initial,부가서비스 조회/해지,VAS_GUIDE_NO_CTA,N,2026-09-11T20:40:00,synthetic-seeder
120036,2026-09-11,300361,THREAD-VAS-P-1-036,RUN-VAS-P-1-036-1,부가서비스 끄기,부가서비스 조회/해지 화면으로 이동할 수 있습니다.,2026-09-11T18:41:00,failed,600.0,False,initial,부가서비스 조회/해지,VAS_GUIDE_NO_CTA,N,2026-09-11T20:41:00,synthetic-seeder
120037,2026-09-11,300371,THREAD-VAS-P-1-037,RUN-VAS-P-1-037-1,안 쓰는 서비스 빼기,부가서비스 조회/해지 화면으로 이동할 수 있습니다.,2026-09-11T18:42:00,failed,620.0,False,initial,부가서비스 조회/해지,VAS_GUIDE_NO_CTA,N,2026-09-11T20:42:00,synthetic-seeder
120038,2026-09-11,300381,THREAD-VAS-P-1-038,RUN-VAS-P-1-038-1,내가 가입한 부가서비스,부가서비스 조회/해지 화면으로 이동할 수 있습니다.,2026-09-11T18:43:00,failed,640.0,False,initial,부가서비스 조회/해지,VAS_GUIDE_NO_CTA,N,2026-09-11T20:43:00,synthetic-seeder
120039,2026-09-11,300391,THREAD-VAS-P-1-039,RUN-VAS-P-1-039-1,부가서비스 확인,부가서비스 조회/해지 화면으로 이동할 수 있습니다.,2026-09-11T18:44:00,failed,660.0,False,initial,부가서비스 조회/해지,VAS_GUIDE_NO_CTA,N,2026-09-11T20:44:00,synthetic-seeder
120040,2026-09-11,300401,THREAD-VAS-P-1-040,RUN-VAS-P-1-040-1,부가서비스 변경,부가서비스 조회/해지 화면으로 이동할 수 있습니다.,2026-09-11T18:45:00,failed,520.0,False,initial,부가서비스 조회/해지,VAS_GUIDE_NO_CTA,N,2026-09-11T20:45:00,synthetic-seeder
120041,2026-09-11,300411,THREAD-VAS-P-1-041,RUN-VAS-P-1-041-1,부가서비스 해지,부가서비스 조회/해지 화면으로 이동할 수 있습니다.,2026-09-11T18:46:00,failed,540.0,False,initial,부가서비스 조회/해지,VAS_GUIDE_NO_CTA,N,2026-09-11T20:46:00,synthetic-seeder
120042,2026-09-11,300421,THREAD-VAS-P-1-042,RUN-VAS-P-1-042-1,부가서비스 끄기,부가서비스 조회/해지 화면으로 이동할 수 있습니다.,2026-09-11T18:47:00,failed,560.0,False,initial,부가서비스 조회/해지,VAS_GUIDE_NO_CTA,N,2026-09-11T20:47:00,synthetic-seeder
120043,2026-09-11,300431,THREAD-VAS-P-1-043,RUN-VAS-P-1-043-1,안 쓰는 서비스 빼기,부가서비스 조회/해지 화면으로 이동할 수 있습니다.,2026-09-11T18:48:00,failed,580.0,False,initial,부가서비스 조회/해지,VAS_GUIDE_NO_CTA,N,2026-09-11T20:48:00,synthetic-seeder
120044,2026-09-11,300441,THREAD-VAS-P-1-044,RUN-VAS-P-1-044-1,내가 가입한 부가서비스,부가서비스 조회/해지 화면으로 이동할 수 있습니다.,2026-09-11T18:49:00,failed,600.0,False,initial,부가서비스 조회/해지,VAS_GUIDE_NO_CTA,N,2026-09-11T20:49:00,synthetic-seeder
120045,2026-09-11,300451,THREAD-VAS-P-1-045,RUN-VAS-P-1-045-1,부가서비스 확인,부가서비스 조회/해지 화면으로 이동할 수 있습니다.,2026-09-11T18:50:00,failed,620.0,False,initial,부가서비스 조회/해지,VAS_GUIDE_NO_CTA,N,2026-09-11T20:50:00,synthetic-seeder
120046,2026-09-11,300461,THREAD-VAS-P-1-046,RUN-VAS-P-1-046-1,부가서비스 변경,부가서비스 조회/해지 화면으로 이동할 수 있습니다.,2026-09-11T18:51:00,failed,640.0,False,initial,부가서비스 조회/해지,VAS_GUIDE_NO_CTA,N,2026-09-11T20:51:00,synthetic-seeder
120047,2026-09-11,300471,THREAD-VAS-P-1-047,RUN-VAS-P-1-047-1,부가서비스 해지,부가서비스 조회/해지 화면으로 이동할 수 있습니다.,2026-09-11T18:52:00,failed,660.0,False,initial,부가서비스 조회/해지,VAS_GUIDE_NO_CTA,N,2026-09-11T20:52:00,synthetic-seeder
120048,2026-09-11,300481,THREAD-VAS-P-1-048,RUN-VAS-P-1-048-1,부가서비스 끄기,부가서비스 조회/해지 화면으로 이동할 수 있습니다.,2026-09-11T18:53:00,failed,520.0,False,initial,부가서비스 조회/해지,VAS_GUIDE_NO_CTA,N,2026-09-11T20:53:00,synthetic-seeder
120049,2026-09-11,300491,THREAD-VAS-P-1-049,RUN-VAS-P-1-049-1,안 쓰는 서비스 빼기,부가서비스 조회/해지 화면으로 이동할 수 있습니다.,2026-09-11T18:54:00,failed,540.0,False,initial,부가서비스 조회/해지,VAS_GUIDE_NO_CTA,N,2026-09-11T20:54:00,synthetic-seeder
120050,2026-09-11,300501,THREAD-VAS-P-1-050,RUN-VAS-P-1-050-1,내가 가입한 부가서비스,부가서비스 조회/해지 화면으로 이동할 수 있습니다.,2026-09-11T18:55:00,failed,560.0,False,initial,부가서비스 조회/해지,VAS_GUIDE_NO_CTA,N,2026-09-11T20:55:00,synthetic-seeder
120101,2026-09-12,301011,THREAD-VAS-P-2-001,RUN-VAS-P-2-001-1,안 쓰는 서비스 빼기,부가서비스 조회/해지 화면으로 이동할 수 있습니다.,2026-09-12T18:06:00,completed,540.0,False,initial,부가서비스 조회/해지,VAS_GUIDE_WITH_CTA,N,2026-09-12T20:06:00,synthetic-seeder
120101,2026-09-12,301012,THREAD-VAS-P-2-001,RUN-VAS-P-2-001-2,내가 가입한 부가서비스,부가서비스 조회/해지 화면으로 이동할 수 있습니다.,2026-09-12T18:11:00,completed,540.0,True,repeat,부가서비스 조회/해지,VAS_GUIDE_WITH_CTA,N,2026-09-12T20:11:00,synthetic-seeder
120102,2026-09-12,301021,THREAD-VAS-P-2-002,RUN-VAS-P-2-002-1,내가 가입한 부가서비스,부가서비스 조회/해지 화면으로 이동할 수 있습니다.,2026-09-12T18:07:00,completed,560.0,False,initial,부가서비스 조회/해지,VAS_GUIDE_WITH_CTA,N,2026-09-12T20:07:00,synthetic-seeder
120102,2026-09-12,301022,THREAD-VAS-P-2-002,RUN-VAS-P-2-002-2,부가서비스 확인,부가서비스 조회/해지 화면으로 이동할 수 있습니다.,2026-09-12T18:12:00,completed,560.0,True,repeat,부가서비스 조회/해지,VAS_GUIDE_WITH_CTA,N,2026-09-12T20:12:00,synthetic-seeder
120103,2026-09-12,301031,THREAD-VAS-P-2-003,RUN-VAS-P-2-003-1,부가서비스 확인,부가서비스 조회/해지 화면으로 이동할 수 있습니다.,2026-09-12T18:08:00,completed,580.0,False,initial,부가서비스 조회/해지,VAS_GUIDE_WITH_CTA,N,2026-09-12T20:08:00,synthetic-seeder
120103,2026-09-12,301032,THREAD-VAS-P-2-003,RUN-VAS-P-2-003-2,부가서비스 변경,부가서비스 조회/해지 화면으로 이동할 수 있습니다.,2026-09-12T18:13:00,completed,580.0,True,repeat,부가서비스 조회/해지,VAS_GUIDE_WITH_CTA,N,2026-09-12T20:13:00,synthetic-seeder
120104,2026-09-12,301041,THREAD-VAS-P-2-004,RUN-VAS-P-2-004-1,부가서비스 변경,부가서비스 조회/해지 화면으로 이동할 수 있습니다.,2026-09-12T18:09:00,completed,600.0,False,initial,부가서비스 조회/해지,VAS_GUIDE_WITH_CTA,N,2026-09-12T20:09:00,synthetic-seeder
120104,2026-09-12,301042,THREAD-VAS-P-2-004,RUN-VAS-P-2-004-2,부가서비스 해지,부가서비스 조회/해지 화면으로 이동할 수 있습니다.,2026-09-12T18:14:00,completed,600.0,True,repeat,부가서비스 조회/해지,VAS_GUIDE_WITH_CTA,N,2026-09-12T20:14:00,synthetic-seeder
120105,2026-09-12,301051,THREAD-VAS-P-2-005,RUN-VAS-P-2-005-1,부가서비스 해지,부가서비스 조회/해지 화면으로 이동할 수 있습니다.,2026-09-12T18:10:00,completed,620.0,False,initial,부가서비스 조회/해지,VAS_GUIDE_WITH_CTA,N,2026-09-12T20:10:00,synthetic-seeder
120105,2026-09-12,301052,THREAD-VAS-P-2-005,RUN-VAS-P-2-005-2,부가서비스 끄기,부가서비스 조회/해지 화면으로 이동할 수 있습니다.,2026-09-12T18:15:00,completed,620.0,True,repeat,부가서비스 조회/해지,VAS_GUIDE_WITH_CTA,N,2026-09-12T20:15:00,synthetic-seeder
120106,2026-09-12,301061,THREAD-VAS-P-2-006,RUN-VAS-P-2-006-1,부가서비스 끄기,부가서비스 조회/해지 화면으로 이동할 수 있습니다.,2026-09-12T18:11:00,completed,640.0,False,initial,부가서비스 조회/해지,VAS_GUIDE_WITH_CTA,N,2026-09-12T20:11:00,synthetic-seeder
120106,2026-09-12,301062,THREAD-VAS-P-2-006,RUN-VAS-P-2-006-2,안 쓰는 서비스 빼기,부가서비스 조회/해지 화면으로 이동할 수 있습니다.,2026-09-12T18:16:00,completed,640.0,True,repeat,부가서비스 조회/해지,VAS_GUIDE_WITH_CTA,N,2026-09-12T20:16:00,synthetic-seeder
120107,2026-09-12,301071,THREAD-VAS-P-2-007,RUN-VAS-P-2-007-1,안 쓰는 서비스 빼기,부가서비스 조회/해지 화면으로 이동할 수 있습니다.,2026-09-12T18:12:00,completed,660.0,False,initial,부가서비스 조회/해지,VAS_GUIDE_WITH_CTA,N,2026-09-12T20:12:00,synthetic-seeder
120107,2026-09-12,301072,THREAD-VAS-P-2-007,RUN-VAS-P-2-007-2,내가 가입한 부가서비스,부가서비스 조회/해지 화면으로 이동할 수 있습니다.,2026-09-12T18:17:00,completed,660.0,True,repeat,부가서비스 조회/해지,VAS_GUIDE_WITH_CTA,N,2026-09-12T20:17:00,synthetic-seeder
120108,2026-09-12,301081,THREAD-VAS-P-2-008,RUN-VAS-P-2-008-1,내가 가입한 부가서비스,부가서비스 조회/해지 화면으로 이동할 수 있습니다.,2026-09-12T18:13:00,completed,520.0,False,initial,부가서비스 조회/해지,VAS_GUIDE_WITH_CTA,N,2026-09-12T20:13:00,synthetic-seeder
120108,2026-09-12,301082,THREAD-VAS-P-2-008,RUN-VAS-P-2-008-2,부가서비스 확인,부가서비스 조회/해지 화면으로 이동할 수 있습니다.,2026-09-12T18:18:00,completed,520.0,True,repeat,부가서비스 조회/해지,VAS_GUIDE_WITH_CTA,N,2026-09-12T20:18:00,synthetic-seeder
120109,2026-09-12,301091,THREAD-VAS-P-2-009,RUN-VAS-P-2-009-1,부가서비스 확인,부가서비스 조회/해지 화면으로 이동할 수 있습니다.,2026-09-12T18:14:00,completed,540.0,False,initial,부가서비스 조회/해지,VAS_GUIDE_WITH_CTA,N,2026-09-12T20:14:00,synthetic-seeder
120109,2026-09-12,301092,THREAD-VAS-P-2-009,RUN-VAS-P-2-009-2,부가서비스 변경,부가서비스 조회/해지 화면으로 이동할 수 있습니다.,2026-09-12T18:19:00,completed,540.0,True,repeat,부가서비스 조회/해지,VAS_GUIDE_WITH_CTA,N,2026-09-12T20:19:00,synthetic-seeder
120110,2026-09-12,301101,THREAD-VAS-P-2-010,RUN-VAS-P-2-010-1,부가서비스 변경,부가서비스 조회/해지 화면으로 이동할 수 있습니다.,2026-09-12T18:15:00,completed,560.0,False,initial,부가서비스 조회/해지,VAS_GUIDE_WITH_CTA,N,2026-09-12T20:15:00,synthetic-seeder
120110,2026-09-12,301102,THREAD-VAS-P-2-010,RUN-VAS-P-2-010-2,부가서비스 해지,부가서비스 조회/해지 화면으로 이동할 수 있습니다.,2026-09-12T18:20:00,completed,560.0,True,repeat,부가서비스 조회/해지,VAS_GUIDE_WITH_CTA,N,2026-09-12T20:20:00,synthetic-seeder
120111,2026-09-12,301111,THREAD-VAS-P-2-011,RUN-VAS-P-2-011-1,부가서비스 해지,부가서비스 조회/해지 화면으로 이동할 수 있습니다.,2026-09-12T18:16:00,completed,580.0,False,initial,부가서비스 조회/해지,VAS_GUIDE_WITH_CTA,N,2026-09-12T20:16:00,synthetic-seeder
120111,2026-09-12,301112,THREAD-VAS-P-2-011,RUN-VAS-P-2-011-2,부가서비스 끄기,부가서비스 조회/해지 화면으로 이동할 수 있습니다.,2026-09-12T18:21:00,completed,580.0,True,repeat,부가서비스 조회/해지,VAS_GUIDE_WITH_CTA,N,2026-09-12T20:21:00,synthetic-seeder
120112,2026-09-12,301121,THREAD-VAS-P-2-012,RUN-VAS-P-2-012-1,부가서비스 끄기,부가서비스 조회/해지 화면으로 이동할 수 있습니다.,2026-09-12T18:17:00,completed,600.0,False,initial,부가서비스 조회/해지,VAS_GUIDE_WITH_CTA,N,2026-09-12T20:17:00,synthetic-seeder
120112,2026-09-12,301122,THREAD-VAS-P-2-012,RUN-VAS-P-2-012-2,안 쓰는 서비스 빼기,부가서비스 조회/해지 화면으로 이동할 수 있습니다.,2026-09-12T18:22:00,completed,600.0,True,repeat,부가서비스 조회/해지,VAS_GUIDE_WITH_CTA,N,2026-09-12T20:22:00,synthetic-seeder
120113,2026-09-12,301131,THREAD-VAS-P-2-013,RUN-VAS-P-2-013-1,안 쓰는 서비스 빼기,부가서비스 조회/해지 화면으로 이동할 수 있습니다.,2026-09-12T18:18:00,completed,620.0,False,initial,부가서비스 조회/해지,VAS_GUIDE_WITH_CTA,N,2026-09-12T20:18:00,synthetic-seeder
120113,2026-09-12,301132,THREAD-VAS-P-2-013,RUN-VAS-P-2-013-2,내가 가입한 부가서비스,부가서비스 조회/해지 화면으로 이동할 수 있습니다.,2026-09-12T18:23:00,completed,620.0,True,repeat,부가서비스 조회/해지,VAS_GUIDE_WITH_CTA,N,2026-09-12T20:23:00,synthetic-seeder
120114,2026-09-12,301141,THREAD-VAS-P-2-014,RUN-VAS-P-2-014-1,내가 가입한 부가서비스,부가서비스 조회/해지 화면으로 이동할 수 있습니다.,2026-09-12T18:19:00,completed,640.0,False,initial,부가서비스 조회/해지,VAS_GUIDE_WITH_CTA,N,2026-09-12T20:19:00,synthetic-seeder
120114,2026-09-12,301142,THREAD-VAS-P-2-014,RUN-VAS-P-2-014-2,부가서비스 확인,부가서비스 조회/해지 화면으로 이동할 수 있습니다.,2026-09-12T18:24:00,completed,640.0,True,repeat,부가서비스 조회/해지,VAS_GUIDE_WITH_CTA,N,2026-09-12T20:24:00,synthetic-seeder
120115,2026-09-12,301151,THREAD-VAS-P-2-015,RUN-VAS-P-2-015-1,부가서비스 확인,부가서비스 조회/해지 화면으로 이동할 수 있습니다.,2026-09-12T18:20:00,completed,660.0,False,initial,부가서비스 조회/해지,VAS_GUIDE_WITH_CTA,N,2026-09-12T20:20:00,synthetic-seeder
120115,2026-09-12,301152,THREAD-VAS-P-2-015,RUN-VAS-P-2-015-2,부가서비스 변경,부가서비스 조회/해지 화면으로 이동할 수 있습니다.,2026-09-12T18:25:00,completed,660.0,True,repeat,부가서비스 조회/해지,VAS_GUIDE_WITH_CTA,N,2026-09-12T20:25:00,synthetic-seeder
120116,2026-09-12,301161,THREAD-VAS-P-2-016,RUN-VAS-P-2-016-1,부가서비스 변경,부가서비스 조회/해지 화면으로 이동할 수 있습니다.,2026-09-12T18:21:00,completed,520.0,False,initial,부가서비스 조회/해지,VAS_GUIDE_WITH_CTA,N,2026-09-12T20:21:00,synthetic-seeder
120116,2026-09-12,301162,THREAD-VAS-P-2-016,RUN-VAS-P-2-016-2,부가서비스 해지,부가서비스 조회/해지 화면으로 이동할 수 있습니다.,2026-09-12T18:26:00,completed,520.0,True,repeat,부가서비스 조회/해지,VAS_GUIDE_WITH_CTA,N,2026-09-12T20:26:00,synthetic-seeder
120117,2026-09-12,301171,THREAD-VAS-P-2-017,RUN-VAS-P-2-017-1,부가서비스 해지,부가서비스 조회/해지 화면으로 이동할 수 있습니다.,2026-09-12T18:22:00,completed,540.0,False,initial,부가서비스 조회/해지,VAS_GUIDE_WITH_CTA,N,2026-09-12T20:22:00,synthetic-seeder
120117,2026-09-12,301172,THREAD-VAS-P-2-017,RUN-VAS-P-2-017-2,부가서비스 끄기,부가서비스 조회/해지 화면으로 이동할 수 있습니다.,2026-09-12T18:27:00,completed,540.0,True,repeat,부가서비스 조회/해지,VAS_GUIDE_WITH_CTA,N,2026-09-12T20:27:00,synthetic-seeder
120118,2026-09-12,301181,THREAD-VAS-P-2-018,RUN-VAS-P-2-018-1,부가서비스 끄기,부가서비스 조회/해지 화면으로 이동할 수 있습니다.,2026-09-12T18:23:00,completed,560.0,False,initial,부가서비스 조회/해지,VAS_GUIDE_WITH_CTA,N,2026-09-12T20:23:00,synthetic-seeder
120118,2026-09-12,301182,THREAD-VAS-P-2-018,RUN-VAS-P-2-018-2,안 쓰는 서비스 빼기,부가서비스 조회/해지 화면으로 이동할 수 있습니다.,2026-09-12T18:28:00,completed,560.0,True,repeat,부가서비스 조회/해지,VAS_GUIDE_WITH_CTA,N,2026-09-12T20:28:00,synthetic-seeder
120119,2026-09-12,301191,THREAD-VAS-P-2-019,RUN-VAS-P-2-019-1,안 쓰는 서비스 빼기,부가서비스 조회/해지 화면으로 이동할 수 있습니다.,2026-09-12T18:24:00,failed,580.0,False,initial,부가서비스 조회/해지,VAS_GUIDE_NO_CTA,N,2026-09-12T20:24:00,synthetic-seeder
120119,2026-09-12,301192,THREAD-VAS-P-2-019,RUN-VAS-P-2-019-2,내가 가입한 부가서비스,부가서비스 조회/해지 화면으로 이동할 수 있습니다.,2026-09-12T18:29:00,failed,580.0,True,repeat,부가서비스 조회/해지,VAS_GUIDE_NO_CTA,N,2026-09-12T20:29:00,synthetic-seeder
120120,2026-09-12,301201,THREAD-VAS-P-2-020,RUN-VAS-P-2-020-1,내가 가입한 부가서비스,부가서비스 조회/해지 화면으로 이동할 수 있습니다.,2026-09-12T18:25:00,failed,600.0,False,initial,부가서비스 조회/해지,VAS_GUIDE_NO_CTA,N,2026-09-12T20:25:00,synthetic-seeder
120120,2026-09-12,301202,THREAD-VAS-P-2-020,RUN-VAS-P-2-020-2,부가서비스 확인,부가서비스 조회/해지 화면으로 이동할 수 있습니다.,2026-09-12T18:30:00,failed,600.0,True,repeat,부가서비스 조회/해지,VAS_GUIDE_NO_CTA,N,2026-09-12T20:30:00,synthetic-seeder
120121,2026-09-12,301211,THREAD-VAS-P-2-021,RUN-VAS-P-2-021-1,부가서비스 확인,부가서비스 조회/해지 화면으로 이동할 수 있습니다.,2026-09-12T18:26:00,failed,620.0,False,initial,부가서비스 조회/해지,VAS_GUIDE_NO_CTA,N,2026-09-12T20:26:00,synthetic-seeder
120121,2026-09-12,301212,THREAD-VAS-P-2-021,RUN-VAS-P-2-021-2,부가서비스 변경,부가서비스 조회/해지 화면으로 이동할 수 있습니다.,2026-09-12T18:31:00,failed,620.0,True,repeat,부가서비스 조회/해지,VAS_GUIDE_NO_CTA,N,2026-09-12T20:31:00,synthetic-seeder
120122,2026-09-12,301221,THREAD-VAS-P-2-022,RUN-VAS-P-2-022-1,부가서비스 변경,부가서비스 조회/해지 화면으로 이동할 수 있습니다.,2026-09-12T18:27:00,failed,640.0,False,initial,부가서비스 조회/해지,VAS_GUIDE_NO_CTA,N,2026-09-12T20:27:00,synthetic-seeder
120122,2026-09-12,301222,THREAD-VAS-P-2-022,RUN-VAS-P-2-022-2,부가서비스 해지,부가서비스 조회/해지 화면으로 이동할 수 있습니다.,2026-09-12T18:32:00,failed,640.0,True,repeat,부가서비스 조회/해지,VAS_GUIDE_NO_CTA,N,2026-09-12T20:32:00,synthetic-seeder
120123,2026-09-12,301231,THREAD-VAS-P-2-023,RUN-VAS-P-2-023-1,부가서비스 해지,부가서비스 조회/해지 화면으로 이동할 수 있습니다.,2026-09-12T18:28:00,failed,660.0,False,initial,부가서비스 조회/해지,VAS_GUIDE_NO_CTA,N,2026-09-12T20:28:00,synthetic-seeder
120123,2026-09-12,301232,THREAD-VAS-P-2-023,RUN-VAS-P-2-023-2,부가서비스 끄기,부가서비스 조회/해지 화면으로 이동할 수 있습니다.,2026-09-12T18:33:00,failed,660.0,True,repeat,부가서비스 조회/해지,VAS_GUIDE_NO_CTA,N,2026-09-12T20:33:00,synthetic-seeder
120124,2026-09-12,301241,THREAD-VAS-P-2-024,RUN-VAS-P-2-024-1,부가서비스 끄기,부가서비스 조회/해지 화면으로 이동할 수 있습니다.,2026-09-12T18:29:00,failed,520.0,False,initial,부가서비스 조회/해지,VAS_GUIDE_NO_CTA,N,2026-09-12T20:29:00,synthetic-seeder
120124,2026-09-12,301242,THREAD-VAS-P-2-024,RUN-VAS-P-2-024-2,안 쓰는 서비스 빼기,부가서비스 조회/해지 화면으로 이동할 수 있습니다.,2026-09-12T18:34:00,failed,520.0,True,repeat,부가서비스 조회/해지,VAS_GUIDE_NO_CTA,N,2026-09-12T20:34:00,synthetic-seeder
120125,2026-09-12,301251,THREAD-VAS-P-2-025,RUN-VAS-P-2-025-1,안 쓰는 서비스 빼기,부가서비스 조회/해지 화면으로 이동할 수 있습니다.,2026-09-12T18:30:00,failed,540.0,False,initial,부가서비스 조회/해지,VAS_GUIDE_NO_CTA,N,2026-09-12T20:30:00,synthetic-seeder
120126,2026-09-12,301261,THREAD-VAS-P-2-026,RUN-VAS-P-2-026-1,내가 가입한 부가서비스,부가서비스 조회/해지 화면으로 이동할 수 있습니다.,2026-09-12T18:31:00,failed,560.0,False,initial,부가서비스 조회/해지,VAS_GUIDE_NO_CTA,N,2026-09-12T20:31:00,synthetic-seeder
120127,2026-09-12,301271,THREAD-VAS-P-2-027,RUN-VAS-P-2-027-1,부가서비스 확인,부가서비스 조회/해지 화면으로 이동할 수 있습니다.,2026-09-12T18:32:00,failed,580.0,False,initial,부가서비스 조회/해지,VAS_GUIDE_NO_CTA,N,2026-09-12T20:32:00,synthetic-seeder
120128,2026-09-12,301281,THREAD-VAS-P-2-028,RUN-VAS-P-2-028-1,부가서비스 변경,부가서비스 조회/해지 화면으로 이동할 수 있습니다.,2026-09-12T18:33:00,failed,600.0,False,initial,부가서비스 조회/해지,VAS_GUIDE_NO_CTA,N,2026-09-12T20:33:00,synthetic-seeder
120129,2026-09-12,301291,THREAD-VAS-P-2-029,RUN-VAS-P-2-029-1,부가서비스 해지,부가서비스 조회/해지 화면으로 이동할 수 있습니다.,2026-09-12T18:34:00,failed,620.0,False,initial,부가서비스 조회/해지,VAS_GUIDE_NO_CTA,N,2026-09-12T20:34:00,synthetic-seeder
120130,2026-09-12,301301,THREAD-VAS-P-2-030,RUN-VAS-P-2-030-1,부가서비스 끄기,부가서비스 조회/해지 화면으로 이동할 수 있습니다.,2026-09-12T18:35:00,failed,640.0,False,initial,부가서비스 조회/해지,VAS_GUIDE_NO_CTA,N,2026-09-12T20:35:00,synthetic-seeder
120131,2026-09-12,301311,THREAD-VAS-P-2-031,RUN-VAS-P-2-031-1,안 쓰는 서비스 빼기,부가서비스 조회/해지 화면으로 이동할 수 있습니다.,2026-09-12T18:36:00,failed,660.0,False,initial,부가서비스 조회/해지,VAS_GUIDE_NO_CTA,N,2026-09-12T20:36:00,synthetic-seeder
120132,2026-09-12,301321,THREAD-VAS-P-2-032,RUN-VAS-P-2-032-1,내가 가입한 부가서비스,부가서비스 조회/해지 화면으로 이동할 수 있습니다.,2026-09-12T18:37:00,failed,520.0,False,initial,부가서비스 조회/해지,VAS_GUIDE_NO_CTA,N,2026-09-12T20:37:00,synthetic-seeder
120133,2026-09-12,301331,THREAD-VAS-P-2-033,RUN-VAS-P-2-033-1,부가서비스 확인,부가서비스 조회/해지 화면으로 이동할 수 있습니다.,2026-09-12T18:38:00,failed,540.0,False,initial,부가서비스 조회/해지,VAS_GUIDE_NO_CTA,N,2026-09-12T20:38:00,synthetic-seeder
120134,2026-09-12,301341,THREAD-VAS-P-2-034,RUN-VAS-P-2-034-1,부가서비스 변경,부가서비스 조회/해지 화면으로 이동할 수 있습니다.,2026-09-12T18:39:00,failed,560.0,False,initial,부가서비스 조회/해지,VAS_GUIDE_NO_CTA,N,2026-09-12T20:39:00,synthetic-seeder
120135,2026-09-12,301351,THREAD-VAS-P-2-035,RUN-VAS-P-2-035-1,부가서비스 해지,부가서비스 조회/해지 화면으로 이동할 수 있습니다.,2026-09-12T18:40:00,failed,580.0,False,initial,부가서비스 조회/해지,VAS_GUIDE_NO_CTA,N,2026-09-12T20:40:00,synthetic-seeder
120136,2026-09-12,301361,THREAD-VAS-P-2-036,RUN-VAS-P-2-036-1,부가서비스 끄기,부가서비스 조회/해지 화면으로 이동할 수 있습니다.,2026-09-12T18:41:00,failed,600.0,False,initial,부가서비스 조회/해지,VAS_GUIDE_NO_CTA,N,2026-09-12T20:41:00,synthetic-seeder
120137,2026-09-12,301371,THREAD-VAS-P-2-037,RUN-VAS-P-2-037-1,안 쓰는 서비스 빼기,부가서비스 조회/해지 화면으로 이동할 수 있습니다.,2026-09-12T18:42:00,failed,620.0,False,initial,부가서비스 조회/해지,VAS_GUIDE_NO_CTA,N,2026-09-12T20:42:00,synthetic-seeder
120138,2026-09-12,301381,THREAD-VAS-P-2-038,RUN-VAS-P-2-038-1,내가 가입한 부가서비스,부가서비스 조회/해지 화면으로 이동할 수 있습니다.,2026-09-12T18:43:00,failed,640.0,False,initial,부가서비스 조회/해지,VAS_GUIDE_NO_CTA,N,2026-09-12T20:43:00,synthetic-seeder
120139,2026-09-12,301391,THREAD-VAS-P-2-039,RUN-VAS-P-2-039-1,부가서비스 확인,부가서비스 조회/해지 화면으로 이동할 수 있습니다.,2026-09-12T18:44:00,failed,660.0,False,initial,부가서비스 조회/해지,VAS_GUIDE_NO_CTA,N,2026-09-12T20:44:00,synthetic-seeder
120140,2026-09-12,301401,THREAD-VAS-P-2-040,RUN-VAS-P-2-040-1,부가서비스 변경,부가서비스 조회/해지 화면으로 이동할 수 있습니다.,2026-09-12T18:45:00,failed,520.0,False,initial,부가서비스 조회/해지,VAS_GUIDE_NO_CTA,N,2026-09-12T20:45:00,synthetic-seeder
120141,2026-09-12,301411,THREAD-VAS-P-2-041,RUN-VAS-P-2-041-1,부가서비스 해지,부가서비스 조회/해지 화면으로 이동할 수 있습니다.,2026-09-12T18:46:00,failed,540.0,False,initial,부가서비스 조회/해지,VAS_GUIDE_NO_CTA,N,2026-09-12T20:46:00,synthetic-seeder
120142,2026-09-12,301421,THREAD-VAS-P-2-042,RUN-VAS-P-2-042-1,부가서비스 끄기,부가서비스 조회/해지 화면으로 이동할 수 있습니다.,2026-09-12T18:47:00,failed,560.0,False,initial,부가서비스 조회/해지,VAS_GUIDE_NO_CTA,N,2026-09-12T20:47:00,synthetic-seeder
120143,2026-09-12,301431,THREAD-VAS-P-2-043,RUN-VAS-P-2-043-1,안 쓰는 서비스 빼기,부가서비스 조회/해지 화면으로 이동할 수 있습니다.,2026-09-12T18:48:00,failed,580.0,False,initial,부가서비스 조회/해지,VAS_GUIDE_NO_CTA,N,2026-09-12T20:48:00,synthetic-seeder
120144,2026-09-12,301441,THREAD-VAS-P-2-044,RUN-VAS-P-2-044-1,내가 가입한 부가서비스,부가서비스 조회/해지 화면으로 이동할 수 있습니다.,2026-09-12T18:49:00,failed,600.0,False,initial,부가서비스 조회/해지,VAS_GUIDE_NO_CTA,N,2026-09-12T20:49:00,synthetic-seeder
120145,2026-09-12,301451,THREAD-VAS-P-2-045,RUN-VAS-P-2-045-1,부가서비스 확인,부가서비스 조회/해지 화면으로 이동할 수 있습니다.,2026-09-12T18:50:00,failed,620.0,False,initial,부가서비스 조회/해지,VAS_GUIDE_NO_CTA,N,2026-09-12T20:50:00,synthetic-seeder
120146,2026-09-12,301461,THREAD-VAS-P-2-046,RUN-VAS-P-2-046-1,부가서비스 변경,부가서비스 조회/해지 화면으로 이동할 수 있습니다.,2026-09-12T18:51:00,failed,640.0,False,initial,부가서비스 조회/해지,VAS_GUIDE_NO_CTA,N,2026-09-12T20:51:00,synthetic-seeder
120147,2026-09-12,301471,THREAD-VAS-P-2-047,RUN-VAS-P-2-047-1,부가서비스 해지,부가서비스 조회/해지 화면으로 이동할 수 있습니다.,2026-09-12T18:52:00,failed,660.0,False,initial,부가서비스 조회/해지,VAS_GUIDE_NO_CTA,N,2026-09-12T20:52:00,synthetic-seeder
120148,2026-09-12,301481,THREAD-VAS-P-2-048,RUN-VAS-P-2-048-1,부가서비스 끄기,부가서비스 조회/해지 화면으로 이동할 수 있습니다.,2026-09-12T18:53:00,failed,520.0,False,initial,부가서비스 조회/해지,VAS_GUIDE_NO_CTA,N,2026-09-12T20:53:00,synthetic-seeder
120149,2026-09-12,301491,THREAD-VAS-P-2-049,RUN-VAS-P-2-049-1,안 쓰는 서비스 빼기,부가서비스 조회/해지 화면으로 이동할 수 있습니다.,2026-09-12T18:54:00,failed,540.0,False,initial,부가서비스 조회/해지,VAS_GUIDE_NO_CTA,N,2026-09-12T20:54:00,synthetic-seeder
120150,2026-09-12,301501,THREAD-VAS-P-2-050,RUN-VAS-P-2-050-1,내가 가입한 부가서비스,부가서비스 조회/해지 화면으로 이동할 수 있습니다.,2026-09-12T18:55:00,failed,560.0,False,initial,부가서비스 조회/해지,VAS_GUIDE_NO_CTA,N,2026-09-12T20:55:00,synthetic-seeder
120201,2026-09-13,302011,THREAD-VAS-P-3-001,RUN-VAS-P-3-001-1,안 쓰는 서비스 빼기,부가서비스 조회/해지 화면으로 이동할 수 있습니다.,2026-09-13T18:06:00,completed,540.0,False,initial,부가서비스 조회/해지,VAS_GUIDE_WITH_CTA,N,2026-09-13T20:06:00,synthetic-seeder
120201,2026-09-13,302012,THREAD-VAS-P-3-001,RUN-VAS-P-3-001-2,내가 가입한 부가서비스,부가서비스 조회/해지 화면으로 이동할 수 있습니다.,2026-09-13T18:11:00,completed,540.0,True,repeat,부가서비스 조회/해지,VAS_GUIDE_WITH_CTA,N,2026-09-13T20:11:00,synthetic-seeder
120202,2026-09-13,302021,THREAD-VAS-P-3-002,RUN-VAS-P-3-002-1,내가 가입한 부가서비스,부가서비스 조회/해지 화면으로 이동할 수 있습니다.,2026-09-13T18:07:00,completed,560.0,False,initial,부가서비스 조회/해지,VAS_GUIDE_WITH_CTA,N,2026-09-13T20:07:00,synthetic-seeder
120202,2026-09-13,302022,THREAD-VAS-P-3-002,RUN-VAS-P-3-002-2,부가서비스 확인,부가서비스 조회/해지 화면으로 이동할 수 있습니다.,2026-09-13T18:12:00,completed,560.0,True,repeat,부가서비스 조회/해지,VAS_GUIDE_WITH_CTA,N,2026-09-13T20:12:00,synthetic-seeder
120203,2026-09-13,302031,THREAD-VAS-P-3-003,RUN-VAS-P-3-003-1,부가서비스 확인,부가서비스 조회/해지 화면으로 이동할 수 있습니다.,2026-09-13T18:08:00,completed,580.0,False,initial,부가서비스 조회/해지,VAS_GUIDE_WITH_CTA,N,2026-09-13T20:08:00,synthetic-seeder
120203,2026-09-13,302032,THREAD-VAS-P-3-003,RUN-VAS-P-3-003-2,부가서비스 변경,부가서비스 조회/해지 화면으로 이동할 수 있습니다.,2026-09-13T18:13:00,completed,580.0,True,repeat,부가서비스 조회/해지,VAS_GUIDE_WITH_CTA,N,2026-09-13T20:13:00,synthetic-seeder
120204,2026-09-13,302041,THREAD-VAS-P-3-004,RUN-VAS-P-3-004-1,부가서비스 변경,부가서비스 조회/해지 화면으로 이동할 수 있습니다.,2026-09-13T18:09:00,completed,600.0,False,initial,부가서비스 조회/해지,VAS_GUIDE_WITH_CTA,N,2026-09-13T20:09:00,synthetic-seeder
120204,2026-09-13,302042,THREAD-VAS-P-3-004,RUN-VAS-P-3-004-2,부가서비스 해지,부가서비스 조회/해지 화면으로 이동할 수 있습니다.,2026-09-13T18:14:00,completed,600.0,True,repeat,부가서비스 조회/해지,VAS_GUIDE_WITH_CTA,N,2026-09-13T20:14:00,synthetic-seeder
120205,2026-09-13,302051,THREAD-VAS-P-3-005,RUN-VAS-P-3-005-1,부가서비스 해지,부가서비스 조회/해지 화면으로 이동할 수 있습니다.,2026-09-13T18:10:00,completed,620.0,False,initial,부가서비스 조회/해지,VAS_GUIDE_WITH_CTA,N,2026-09-13T20:10:00,synthetic-seeder
120205,2026-09-13,302052,THREAD-VAS-P-3-005,RUN-VAS-P-3-005-2,부가서비스 끄기,부가서비스 조회/해지 화면으로 이동할 수 있습니다.,2026-09-13T18:15:00,completed,620.0,True,repeat,부가서비스 조회/해지,VAS_GUIDE_WITH_CTA,N,2026-09-13T20:15:00,synthetic-seeder
120206,2026-09-13,302061,THREAD-VAS-P-3-006,RUN-VAS-P-3-006-1,부가서비스 끄기,부가서비스 조회/해지 화면으로 이동할 수 있습니다.,2026-09-13T18:11:00,completed,640.0,False,initial,부가서비스 조회/해지,VAS_GUIDE_WITH_CTA,N,2026-09-13T20:11:00,synthetic-seeder
120206,2026-09-13,302062,THREAD-VAS-P-3-006,RUN-VAS-P-3-006-2,안 쓰는 서비스 빼기,부가서비스 조회/해지 화면으로 이동할 수 있습니다.,2026-09-13T18:16:00,completed,640.0,True,repeat,부가서비스 조회/해지,VAS_GUIDE_WITH_CTA,N,2026-09-13T20:16:00,synthetic-seeder
120207,2026-09-13,302071,THREAD-VAS-P-3-007,RUN-VAS-P-3-007-1,안 쓰는 서비스 빼기,부가서비스 조회/해지 화면으로 이동할 수 있습니다.,2026-09-13T18:12:00,completed,660.0,False,initial,부가서비스 조회/해지,VAS_GUIDE_WITH_CTA,N,2026-09-13T20:12:00,synthetic-seeder
120207,2026-09-13,302072,THREAD-VAS-P-3-007,RUN-VAS-P-3-007-2,내가 가입한 부가서비스,부가서비스 조회/해지 화면으로 이동할 수 있습니다.,2026-09-13T18:17:00,completed,660.0,True,repeat,부가서비스 조회/해지,VAS_GUIDE_WITH_CTA,N,2026-09-13T20:17:00,synthetic-seeder
120208,2026-09-13,302081,THREAD-VAS-P-3-008,RUN-VAS-P-3-008-1,내가 가입한 부가서비스,부가서비스 조회/해지 화면으로 이동할 수 있습니다.,2026-09-13T18:13:00,completed,520.0,False,initial,부가서비스 조회/해지,VAS_GUIDE_WITH_CTA,N,2026-09-13T20:13:00,synthetic-seeder
120208,2026-09-13,302082,THREAD-VAS-P-3-008,RUN-VAS-P-3-008-2,부가서비스 확인,부가서비스 조회/해지 화면으로 이동할 수 있습니다.,2026-09-13T18:18:00,completed,520.0,True,repeat,부가서비스 조회/해지,VAS_GUIDE_WITH_CTA,N,2026-09-13T20:18:00,synthetic-seeder
120209,2026-09-13,302091,THREAD-VAS-P-3-009,RUN-VAS-P-3-009-1,부가서비스 확인,부가서비스 조회/해지 화면으로 이동할 수 있습니다.,2026-09-13T18:14:00,completed,540.0,False,initial,부가서비스 조회/해지,VAS_GUIDE_WITH_CTA,N,2026-09-13T20:14:00,synthetic-seeder
120209,2026-09-13,302092,THREAD-VAS-P-3-009,RUN-VAS-P-3-009-2,부가서비스 변경,부가서비스 조회/해지 화면으로 이동할 수 있습니다.,2026-09-13T18:19:00,completed,540.0,True,repeat,부가서비스 조회/해지,VAS_GUIDE_WITH_CTA,N,2026-09-13T20:19:00,synthetic-seeder
120210,2026-09-13,302101,THREAD-VAS-P-3-010,RUN-VAS-P-3-010-1,부가서비스 변경,부가서비스 조회/해지 화면으로 이동할 수 있습니다.,2026-09-13T18:15:00,completed,560.0,False,initial,부가서비스 조회/해지,VAS_GUIDE_WITH_CTA,N,2026-09-13T20:15:00,synthetic-seeder
120210,2026-09-13,302102,THREAD-VAS-P-3-010,RUN-VAS-P-3-010-2,부가서비스 해지,부가서비스 조회/해지 화면으로 이동할 수 있습니다.,2026-09-13T18:20:00,completed,560.0,True,repeat,부가서비스 조회/해지,VAS_GUIDE_WITH_CTA,N,2026-09-13T20:20:00,synthetic-seeder
120211,2026-09-13,302111,THREAD-VAS-P-3-011,RUN-VAS-P-3-011-1,부가서비스 해지,부가서비스 조회/해지 화면으로 이동할 수 있습니다.,2026-09-13T18:16:00,completed,580.0,False,initial,부가서비스 조회/해지,VAS_GUIDE_WITH_CTA,N,2026-09-13T20:16:00,synthetic-seeder
120211,2026-09-13,302112,THREAD-VAS-P-3-011,RUN-VAS-P-3-011-2,부가서비스 끄기,부가서비스 조회/해지 화면으로 이동할 수 있습니다.,2026-09-13T18:21:00,completed,580.0,True,repeat,부가서비스 조회/해지,VAS_GUIDE_WITH_CTA,N,2026-09-13T20:21:00,synthetic-seeder
120212,2026-09-13,302121,THREAD-VAS-P-3-012,RUN-VAS-P-3-012-1,부가서비스 끄기,부가서비스 조회/해지 화면으로 이동할 수 있습니다.,2026-09-13T18:17:00,completed,600.0,False,initial,부가서비스 조회/해지,VAS_GUIDE_WITH_CTA,N,2026-09-13T20:17:00,synthetic-seeder
120212,2026-09-13,302122,THREAD-VAS-P-3-012,RUN-VAS-P-3-012-2,안 쓰는 서비스 빼기,부가서비스 조회/해지 화면으로 이동할 수 있습니다.,2026-09-13T18:22:00,completed,600.0,True,repeat,부가서비스 조회/해지,VAS_GUIDE_WITH_CTA,N,2026-09-13T20:22:00,synthetic-seeder
120213,2026-09-13,302131,THREAD-VAS-P-3-013,RUN-VAS-P-3-013-1,안 쓰는 서비스 빼기,부가서비스 조회/해지 화면으로 이동할 수 있습니다.,2026-09-13T18:18:00,completed,620.0,False,initial,부가서비스 조회/해지,VAS_GUIDE_WITH_CTA,N,2026-09-13T20:18:00,synthetic-seeder
120213,2026-09-13,302132,THREAD-VAS-P-3-013,RUN-VAS-P-3-013-2,내가 가입한 부가서비스,부가서비스 조회/해지 화면으로 이동할 수 있습니다.,2026-09-13T18:23:00,completed,620.0,True,repeat,부가서비스 조회/해지,VAS_GUIDE_WITH_CTA,N,2026-09-13T20:23:00,synthetic-seeder
120214,2026-09-13,302141,THREAD-VAS-P-3-014,RUN-VAS-P-3-014-1,내가 가입한 부가서비스,부가서비스 조회/해지 화면으로 이동할 수 있습니다.,2026-09-13T18:19:00,completed,640.0,False,initial,부가서비스 조회/해지,VAS_GUIDE_WITH_CTA,N,2026-09-13T20:19:00,synthetic-seeder
120214,2026-09-13,302142,THREAD-VAS-P-3-014,RUN-VAS-P-3-014-2,부가서비스 확인,부가서비스 조회/해지 화면으로 이동할 수 있습니다.,2026-09-13T18:24:00,completed,640.0,True,repeat,부가서비스 조회/해지,VAS_GUIDE_WITH_CTA,N,2026-09-13T20:24:00,synthetic-seeder
120215,2026-09-13,302151,THREAD-VAS-P-3-015,RUN-VAS-P-3-015-1,부가서비스 확인,부가서비스 조회/해지 화면으로 이동할 수 있습니다.,2026-09-13T18:20:00,completed,660.0,False,initial,부가서비스 조회/해지,VAS_GUIDE_WITH_CTA,N,2026-09-13T20:20:00,synthetic-seeder
120215,2026-09-13,302152,THREAD-VAS-P-3-015,RUN-VAS-P-3-015-2,부가서비스 변경,부가서비스 조회/해지 화면으로 이동할 수 있습니다.,2026-09-13T18:25:00,completed,660.0,True,repeat,부가서비스 조회/해지,VAS_GUIDE_WITH_CTA,N,2026-09-13T20:25:00,synthetic-seeder
120216,2026-09-13,302161,THREAD-VAS-P-3-016,RUN-VAS-P-3-016-1,부가서비스 변경,부가서비스 조회/해지 화면으로 이동할 수 있습니다.,2026-09-13T18:21:00,completed,520.0,False,initial,부가서비스 조회/해지,VAS_GUIDE_WITH_CTA,N,2026-09-13T20:21:00,synthetic-seeder
120216,2026-09-13,302162,THREAD-VAS-P-3-016,RUN-VAS-P-3-016-2,부가서비스 해지,부가서비스 조회/해지 화면으로 이동할 수 있습니다.,2026-09-13T18:26:00,completed,520.0,True,repeat,부가서비스 조회/해지,VAS_GUIDE_WITH_CTA,N,2026-09-13T20:26:00,synthetic-seeder
120217,2026-09-13,302171,THREAD-VAS-P-3-017,RUN-VAS-P-3-017-1,부가서비스 해지,부가서비스 조회/해지 화면으로 이동할 수 있습니다.,2026-09-13T18:22:00,completed,540.0,False,initial,부가서비스 조회/해지,VAS_GUIDE_WITH_CTA,N,2026-09-13T20:22:00,synthetic-seeder
120217,2026-09-13,302172,THREAD-VAS-P-3-017,RUN-VAS-P-3-017-2,부가서비스 끄기,부가서비스 조회/해지 화면으로 이동할 수 있습니다.,2026-09-13T18:27:00,completed,540.0,True,repeat,부가서비스 조회/해지,VAS_GUIDE_WITH_CTA,N,2026-09-13T20:27:00,synthetic-seeder
120218,2026-09-13,302181,THREAD-VAS-P-3-018,RUN-VAS-P-3-018-1,부가서비스 끄기,부가서비스 조회/해지 화면으로 이동할 수 있습니다.,2026-09-13T18:23:00,completed,560.0,False,initial,부가서비스 조회/해지,VAS_GUIDE_WITH_CTA,N,2026-09-13T20:23:00,synthetic-seeder
120218,2026-09-13,302182,THREAD-VAS-P-3-018,RUN-VAS-P-3-018-2,안 쓰는 서비스 빼기,부가서비스 조회/해지 화면으로 이동할 수 있습니다.,2026-09-13T18:28:00,completed,560.0,True,repeat,부가서비스 조회/해지,VAS_GUIDE_WITH_CTA,N,2026-09-13T20:28:00,synthetic-seeder
120219,2026-09-13,302191,THREAD-VAS-P-3-019,RUN-VAS-P-3-019-1,안 쓰는 서비스 빼기,부가서비스 조회/해지 화면으로 이동할 수 있습니다.,2026-09-13T18:24:00,completed,580.0,False,initial,부가서비스 조회/해지,VAS_GUIDE_WITH_CTA,N,2026-09-13T20:24:00,synthetic-seeder
120219,2026-09-13,302192,THREAD-VAS-P-3-019,RUN-VAS-P-3-019-2,내가 가입한 부가서비스,부가서비스 조회/해지 화면으로 이동할 수 있습니다.,2026-09-13T18:29:00,completed,580.0,True,repeat,부가서비스 조회/해지,VAS_GUIDE_WITH_CTA,N,2026-09-13T20:29:00,synthetic-seeder
120220,2026-09-13,302201,THREAD-VAS-P-3-020,RUN-VAS-P-3-020-1,내가 가입한 부가서비스,부가서비스 조회/해지 화면으로 이동할 수 있습니다.,2026-09-13T18:25:00,completed,600.0,False,initial,부가서비스 조회/해지,VAS_GUIDE_WITH_CTA,N,2026-09-13T20:25:00,synthetic-seeder
120220,2026-09-13,302202,THREAD-VAS-P-3-020,RUN-VAS-P-3-020-2,부가서비스 확인,부가서비스 조회/해지 화면으로 이동할 수 있습니다.,2026-09-13T18:30:00,completed,600.0,True,repeat,부가서비스 조회/해지,VAS_GUIDE_WITH_CTA,N,2026-09-13T20:30:00,synthetic-seeder
120221,2026-09-13,302211,THREAD-VAS-P-3-021,RUN-VAS-P-3-021-1,부가서비스 확인,부가서비스 조회/해지 화면으로 이동할 수 있습니다.,2026-09-13T18:26:00,completed,620.0,False,initial,부가서비스 조회/해지,VAS_GUIDE_WITH_CTA,N,2026-09-13T20:26:00,synthetic-seeder
120222,2026-09-13,302221,THREAD-VAS-P-3-022,RUN-VAS-P-3-022-1,부가서비스 변경,부가서비스 조회/해지 화면으로 이동할 수 있습니다.,2026-09-13T18:27:00,completed,640.0,False,initial,부가서비스 조회/해지,VAS_GUIDE_WITH_CTA,N,2026-09-13T20:27:00,synthetic-seeder
120223,2026-09-13,302231,THREAD-VAS-P-3-023,RUN-VAS-P-3-023-1,부가서비스 해지,부가서비스 조회/해지 화면으로 이동할 수 있습니다.,2026-09-13T18:28:00,completed,660.0,False,initial,부가서비스 조회/해지,VAS_GUIDE_WITH_CTA,N,2026-09-13T20:28:00,synthetic-seeder
120224,2026-09-13,302241,THREAD-VAS-P-3-024,RUN-VAS-P-3-024-1,부가서비스 끄기,부가서비스 조회/해지 화면으로 이동할 수 있습니다.,2026-09-13T18:29:00,completed,520.0,False,initial,부가서비스 조회/해지,VAS_GUIDE_WITH_CTA,N,2026-09-13T20:29:00,synthetic-seeder
120225,2026-09-13,302251,THREAD-VAS-P-3-025,RUN-VAS-P-3-025-1,안 쓰는 서비스 빼기,부가서비스 조회/해지 화면으로 이동할 수 있습니다.,2026-09-13T18:30:00,completed,540.0,False,initial,부가서비스 조회/해지,VAS_GUIDE_WITH_CTA,N,2026-09-13T20:30:00,synthetic-seeder
120226,2026-09-13,302261,THREAD-VAS-P-3-026,RUN-VAS-P-3-026-1,내가 가입한 부가서비스,부가서비스 조회/해지 화면으로 이동할 수 있습니다.,2026-09-13T18:31:00,failed,560.0,False,initial,부가서비스 조회/해지,VAS_GUIDE_NO_CTA,N,2026-09-13T20:31:00,synthetic-seeder
120227,2026-09-13,302271,THREAD-VAS-P-3-027,RUN-VAS-P-3-027-1,부가서비스 확인,부가서비스 조회/해지 화면으로 이동할 수 있습니다.,2026-09-13T18:32:00,failed,580.0,False,initial,부가서비스 조회/해지,VAS_GUIDE_NO_CTA,N,2026-09-13T20:32:00,synthetic-seeder
120228,2026-09-13,302281,THREAD-VAS-P-3-028,RUN-VAS-P-3-028-1,부가서비스 변경,부가서비스 조회/해지 화면으로 이동할 수 있습니다.,2026-09-13T18:33:00,failed,600.0,False,initial,부가서비스 조회/해지,VAS_GUIDE_NO_CTA,N,2026-09-13T20:33:00,synthetic-seeder
120229,2026-09-13,302291,THREAD-VAS-P-3-029,RUN-VAS-P-3-029-1,부가서비스 해지,부가서비스 조회/해지 화면으로 이동할 수 있습니다.,2026-09-13T18:34:00,failed,620.0,False,initial,부가서비스 조회/해지,VAS_GUIDE_NO_CTA,N,2026-09-13T20:34:00,synthetic-seeder
120230,2026-09-13,302301,THREAD-VAS-P-3-030,RUN-VAS-P-3-030-1,부가서비스 끄기,부가서비스 조회/해지 화면으로 이동할 수 있습니다.,2026-09-13T18:35:00,failed,640.0,False,initial,부가서비스 조회/해지,VAS_GUIDE_NO_CTA,N,2026-09-13T20:35:00,synthetic-seeder
120231,2026-09-13,302311,THREAD-VAS-P-3-031,RUN-VAS-P-3-031-1,안 쓰는 서비스 빼기,부가서비스 조회/해지 화면으로 이동할 수 있습니다.,2026-09-13T18:36:00,failed,660.0,False,initial,부가서비스 조회/해지,VAS_GUIDE_NO_CTA,N,2026-09-13T20:36:00,synthetic-seeder
120232,2026-09-13,302321,THREAD-VAS-P-3-032,RUN-VAS-P-3-032-1,내가 가입한 부가서비스,부가서비스 조회/해지 화면으로 이동할 수 있습니다.,2026-09-13T18:37:00,failed,520.0,False,initial,부가서비스 조회/해지,VAS_GUIDE_NO_CTA,N,2026-09-13T20:37:00,synthetic-seeder
120233,2026-09-13,302331,THREAD-VAS-P-3-033,RUN-VAS-P-3-033-1,부가서비스 확인,부가서비스 조회/해지 화면으로 이동할 수 있습니다.,2026-09-13T18:38:00,failed,540.0,False,initial,부가서비스 조회/해지,VAS_GUIDE_NO_CTA,N,2026-09-13T20:38:00,synthetic-seeder
120234,2026-09-13,302341,THREAD-VAS-P-3-034,RUN-VAS-P-3-034-1,부가서비스 변경,부가서비스 조회/해지 화면으로 이동할 수 있습니다.,2026-09-13T18:39:00,failed,560.0,False,initial,부가서비스 조회/해지,VAS_GUIDE_NO_CTA,N,2026-09-13T20:39:00,synthetic-seeder
120235,2026-09-13,302351,THREAD-VAS-P-3-035,RUN-VAS-P-3-035-1,부가서비스 해지,부가서비스 조회/해지 화면으로 이동할 수 있습니다.,2026-09-13T18:40:00,failed,580.0,False,initial,부가서비스 조회/해지,VAS_GUIDE_NO_CTA,N,2026-09-13T20:40:00,synthetic-seeder
120236,2026-09-13,302361,THREAD-VAS-P-3-036,RUN-VAS-P-3-036-1,부가서비스 끄기,부가서비스 조회/해지 화면으로 이동할 수 있습니다.,2026-09-13T18:41:00,failed,600.0,False,initial,부가서비스 조회/해지,VAS_GUIDE_NO_CTA,N,2026-09-13T20:41:00,synthetic-seeder
120237,2026-09-13,302371,THREAD-VAS-P-3-037,RUN-VAS-P-3-037-1,안 쓰는 서비스 빼기,부가서비스 조회/해지 화면으로 이동할 수 있습니다.,2026-09-13T18:42:00,failed,620.0,False,initial,부가서비스 조회/해지,VAS_GUIDE_NO_CTA,N,2026-09-13T20:42:00,synthetic-seeder
120238,2026-09-13,302381,THREAD-VAS-P-3-038,RUN-VAS-P-3-038-1,내가 가입한 부가서비스,부가서비스 조회/해지 화면으로 이동할 수 있습니다.,2026-09-13T18:43:00,failed,640.0,False,initial,부가서비스 조회/해지,VAS_GUIDE_NO_CTA,N,2026-09-13T20:43:00,synthetic-seeder
120239,2026-09-13,302391,THREAD-VAS-P-3-039,RUN-VAS-P-3-039-1,부가서비스 확인,부가서비스 조회/해지 화면으로 이동할 수 있습니다.,2026-09-13T18:44:00,failed,660.0,False,initial,부가서비스 조회/해지,VAS_GUIDE_NO_CTA,N,2026-09-13T20:44:00,synthetic-seeder
120240,2026-09-13,302401,THREAD-VAS-P-3-040,RUN-VAS-P-3-040-1,부가서비스 변경,부가서비스 조회/해지 화면으로 이동할 수 있습니다.,2026-09-13T18:45:00,failed,520.0,False,initial,부가서비스 조회/해지,VAS_GUIDE_NO_CTA,N,2026-09-13T20:45:00,synthetic-seeder
120241,2026-09-13,302411,THREAD-VAS-P-3-041,RUN-VAS-P-3-041-1,부가서비스 해지,부가서비스 조회/해지 화면으로 이동할 수 있습니다.,2026-09-13T18:46:00,failed,540.0,False,initial,부가서비스 조회/해지,VAS_GUIDE_NO_CTA,N,2026-09-13T20:46:00,synthetic-seeder
120242,2026-09-13,302421,THREAD-VAS-P-3-042,RUN-VAS-P-3-042-1,부가서비스 끄기,부가서비스 조회/해지 화면으로 이동할 수 있습니다.,2026-09-13T18:47:00,failed,560.0,False,initial,부가서비스 조회/해지,VAS_GUIDE_NO_CTA,N,2026-09-13T20:47:00,synthetic-seeder
120243,2026-09-13,302431,THREAD-VAS-P-3-043,RUN-VAS-P-3-043-1,안 쓰는 서비스 빼기,부가서비스 조회/해지 화면으로 이동할 수 있습니다.,2026-09-13T18:48:00,failed,580.0,False,initial,부가서비스 조회/해지,VAS_GUIDE_NO_CTA,N,2026-09-13T20:48:00,synthetic-seeder
120244,2026-09-13,302441,THREAD-VAS-P-3-044,RUN-VAS-P-3-044-1,내가 가입한 부가서비스,부가서비스 조회/해지 화면으로 이동할 수 있습니다.,2026-09-13T18:49:00,failed,600.0,False,initial,부가서비스 조회/해지,VAS_GUIDE_NO_CTA,N,2026-09-13T20:49:00,synthetic-seeder
120245,2026-09-13,302451,THREAD-VAS-P-3-045,RUN-VAS-P-3-045-1,부가서비스 확인,부가서비스 조회/해지 화면으로 이동할 수 있습니다.,2026-09-13T18:50:00,failed,620.0,False,initial,부가서비스 조회/해지,VAS_GUIDE_NO_CTA,N,2026-09-13T20:50:00,synthetic-seeder
120246,2026-09-13,302461,THREAD-VAS-P-3-046,RUN-VAS-P-3-046-1,부가서비스 변경,부가서비스 조회/해지 화면으로 이동할 수 있습니다.,2026-09-13T18:51:00,failed,640.0,False,initial,부가서비스 조회/해지,VAS_GUIDE_NO_CTA,N,2026-09-13T20:51:00,synthetic-seeder
120247,2026-09-13,302471,THREAD-VAS-P-3-047,RUN-VAS-P-3-047-1,부가서비스 해지,부가서비스 조회/해지 화면으로 이동할 수 있습니다.,2026-09-13T18:52:00,failed,660.0,False,initial,부가서비스 조회/해지,VAS_GUIDE_NO_CTA,N,2026-09-13T20:52:00,synthetic-seeder
120248,2026-09-13,302481,THREAD-VAS-P-3-048,RUN-VAS-P-3-048-1,부가서비스 끄기,부가서비스 조회/해지 화면으로 이동할 수 있습니다.,2026-09-13T18:53:00,failed,520.0,False,initial,부가서비스 조회/해지,VAS_GUIDE_NO_CTA,N,2026-09-13T20:53:00,synthetic-seeder
120249,2026-09-13,302491,THREAD-VAS-P-3-049,RUN-VAS-P-3-049-1,안 쓰는 서비스 빼기,부가서비스 조회/해지 화면으로 이동할 수 있습니다.,2026-09-13T18:54:00,failed,540.0,False,initial,부가서비스 조회/해지,VAS_GUIDE_NO_CTA,N,2026-09-13T20:54:00,synthetic-seeder
120250,2026-09-13,302501,THREAD-VAS-P-3-050,RUN-VAS-P-3-050-1,내가 가입한 부가서비스,부가서비스 조회/해지 화면으로 이동할 수 있습니다.,2026-09-13T18:55:00,failed,560.0,False,initial,부가서비스 조회/해지,VAS_GUIDE_NO_CTA,N,2026-09-13T20:55:00,synthetic-seeder
120301,2026-09-14,303011,THREAD-VAS-P-4-001,RUN-VAS-P-4-001-1,안 쓰는 서비스 빼기,부가서비스 조회/해지 화면으로 이동할 수 있습니다.,2026-09-14T18:06:00,completed,540.0,False,initial,부가서비스 조회/해지,VAS_GUIDE_WITH_CTA,N,2026-09-14T20:06:00,synthetic-seeder
120301,2026-09-14,303012,THREAD-VAS-P-4-001,RUN-VAS-P-4-001-2,내가 가입한 부가서비스,부가서비스 조회/해지 화면으로 이동할 수 있습니다.,2026-09-14T18:11:00,completed,540.0,True,repeat,부가서비스 조회/해지,VAS_GUIDE_WITH_CTA,N,2026-09-14T20:11:00,synthetic-seeder
120302,2026-09-14,303021,THREAD-VAS-P-4-002,RUN-VAS-P-4-002-1,내가 가입한 부가서비스,부가서비스 조회/해지 화면으로 이동할 수 있습니다.,2026-09-14T18:07:00,completed,560.0,False,initial,부가서비스 조회/해지,VAS_GUIDE_WITH_CTA,N,2026-09-14T20:07:00,synthetic-seeder
120302,2026-09-14,303022,THREAD-VAS-P-4-002,RUN-VAS-P-4-002-2,부가서비스 확인,부가서비스 조회/해지 화면으로 이동할 수 있습니다.,2026-09-14T18:12:00,completed,560.0,True,repeat,부가서비스 조회/해지,VAS_GUIDE_WITH_CTA,N,2026-09-14T20:12:00,synthetic-seeder
120303,2026-09-14,303031,THREAD-VAS-P-4-003,RUN-VAS-P-4-003-1,부가서비스 확인,부가서비스 조회/해지 화면으로 이동할 수 있습니다.,2026-09-14T18:08:00,completed,580.0,False,initial,부가서비스 조회/해지,VAS_GUIDE_WITH_CTA,N,2026-09-14T20:08:00,synthetic-seeder
120303,2026-09-14,303032,THREAD-VAS-P-4-003,RUN-VAS-P-4-003-2,부가서비스 변경,부가서비스 조회/해지 화면으로 이동할 수 있습니다.,2026-09-14T18:13:00,completed,580.0,True,repeat,부가서비스 조회/해지,VAS_GUIDE_WITH_CTA,N,2026-09-14T20:13:00,synthetic-seeder
120304,2026-09-14,303041,THREAD-VAS-P-4-004,RUN-VAS-P-4-004-1,부가서비스 변경,부가서비스 조회/해지 화면으로 이동할 수 있습니다.,2026-09-14T18:09:00,completed,600.0,False,initial,부가서비스 조회/해지,VAS_GUIDE_WITH_CTA,N,2026-09-14T20:09:00,synthetic-seeder
120304,2026-09-14,303042,THREAD-VAS-P-4-004,RUN-VAS-P-4-004-2,부가서비스 해지,부가서비스 조회/해지 화면으로 이동할 수 있습니다.,2026-09-14T18:14:00,completed,600.0,True,repeat,부가서비스 조회/해지,VAS_GUIDE_WITH_CTA,N,2026-09-14T20:14:00,synthetic-seeder
120305,2026-09-14,303051,THREAD-VAS-P-4-005,RUN-VAS-P-4-005-1,부가서비스 해지,부가서비스 조회/해지 화면으로 이동할 수 있습니다.,2026-09-14T18:10:00,completed,620.0,False,initial,부가서비스 조회/해지,VAS_GUIDE_WITH_CTA,N,2026-09-14T20:10:00,synthetic-seeder
120305,2026-09-14,303052,THREAD-VAS-P-4-005,RUN-VAS-P-4-005-2,부가서비스 끄기,부가서비스 조회/해지 화면으로 이동할 수 있습니다.,2026-09-14T18:15:00,completed,620.0,True,repeat,부가서비스 조회/해지,VAS_GUIDE_WITH_CTA,N,2026-09-14T20:15:00,synthetic-seeder
120306,2026-09-14,303061,THREAD-VAS-P-4-006,RUN-VAS-P-4-006-1,부가서비스 끄기,부가서비스 조회/해지 화면으로 이동할 수 있습니다.,2026-09-14T18:11:00,completed,640.0,False,initial,부가서비스 조회/해지,VAS_GUIDE_WITH_CTA,N,2026-09-14T20:11:00,synthetic-seeder
120306,2026-09-14,303062,THREAD-VAS-P-4-006,RUN-VAS-P-4-006-2,안 쓰는 서비스 빼기,부가서비스 조회/해지 화면으로 이동할 수 있습니다.,2026-09-14T18:16:00,completed,640.0,True,repeat,부가서비스 조회/해지,VAS_GUIDE_WITH_CTA,N,2026-09-14T20:16:00,synthetic-seeder
120307,2026-09-14,303071,THREAD-VAS-P-4-007,RUN-VAS-P-4-007-1,안 쓰는 서비스 빼기,부가서비스 조회/해지 화면으로 이동할 수 있습니다.,2026-09-14T18:12:00,completed,660.0,False,initial,부가서비스 조회/해지,VAS_GUIDE_WITH_CTA,N,2026-09-14T20:12:00,synthetic-seeder
120307,2026-09-14,303072,THREAD-VAS-P-4-007,RUN-VAS-P-4-007-2,내가 가입한 부가서비스,부가서비스 조회/해지 화면으로 이동할 수 있습니다.,2026-09-14T18:17:00,completed,660.0,True,repeat,부가서비스 조회/해지,VAS_GUIDE_WITH_CTA,N,2026-09-14T20:17:00,synthetic-seeder
120308,2026-09-14,303081,THREAD-VAS-P-4-008,RUN-VAS-P-4-008-1,내가 가입한 부가서비스,부가서비스 조회/해지 화면으로 이동할 수 있습니다.,2026-09-14T18:13:00,completed,520.0,False,initial,부가서비스 조회/해지,VAS_GUIDE_WITH_CTA,N,2026-09-14T20:13:00,synthetic-seeder
120308,2026-09-14,303082,THREAD-VAS-P-4-008,RUN-VAS-P-4-008-2,부가서비스 확인,부가서비스 조회/해지 화면으로 이동할 수 있습니다.,2026-09-14T18:18:00,completed,520.0,True,repeat,부가서비스 조회/해지,VAS_GUIDE_WITH_CTA,N,2026-09-14T20:18:00,synthetic-seeder
120309,2026-09-14,303091,THREAD-VAS-P-4-009,RUN-VAS-P-4-009-1,부가서비스 확인,부가서비스 조회/해지 화면으로 이동할 수 있습니다.,2026-09-14T18:14:00,completed,540.0,False,initial,부가서비스 조회/해지,VAS_GUIDE_WITH_CTA,N,2026-09-14T20:14:00,synthetic-seeder
120309,2026-09-14,303092,THREAD-VAS-P-4-009,RUN-VAS-P-4-009-2,부가서비스 변경,부가서비스 조회/해지 화면으로 이동할 수 있습니다.,2026-09-14T18:19:00,completed,540.0,True,repeat,부가서비스 조회/해지,VAS_GUIDE_WITH_CTA,N,2026-09-14T20:19:00,synthetic-seeder
120310,2026-09-14,303101,THREAD-VAS-P-4-010,RUN-VAS-P-4-010-1,부가서비스 변경,부가서비스 조회/해지 화면으로 이동할 수 있습니다.,2026-09-14T18:15:00,completed,560.0,False,initial,부가서비스 조회/해지,VAS_GUIDE_WITH_CTA,N,2026-09-14T20:15:00,synthetic-seeder
120310,2026-09-14,303102,THREAD-VAS-P-4-010,RUN-VAS-P-4-010-2,부가서비스 해지,부가서비스 조회/해지 화면으로 이동할 수 있습니다.,2026-09-14T18:20:00,completed,560.0,True,repeat,부가서비스 조회/해지,VAS_GUIDE_WITH_CTA,N,2026-09-14T20:20:00,synthetic-seeder
120311,2026-09-14,303111,THREAD-VAS-P-4-011,RUN-VAS-P-4-011-1,부가서비스 해지,부가서비스 조회/해지 화면으로 이동할 수 있습니다.,2026-09-14T18:16:00,completed,580.0,False,initial,부가서비스 조회/해지,VAS_GUIDE_WITH_CTA,N,2026-09-14T20:16:00,synthetic-seeder
120311,2026-09-14,303112,THREAD-VAS-P-4-011,RUN-VAS-P-4-011-2,부가서비스 끄기,부가서비스 조회/해지 화면으로 이동할 수 있습니다.,2026-09-14T18:21:00,completed,580.0,True,repeat,부가서비스 조회/해지,VAS_GUIDE_WITH_CTA,N,2026-09-14T20:21:00,synthetic-seeder
120312,2026-09-14,303121,THREAD-VAS-P-4-012,RUN-VAS-P-4-012-1,부가서비스 끄기,부가서비스 조회/해지 화면으로 이동할 수 있습니다.,2026-09-14T18:17:00,completed,600.0,False,initial,부가서비스 조회/해지,VAS_GUIDE_WITH_CTA,N,2026-09-14T20:17:00,synthetic-seeder
120312,2026-09-14,303122,THREAD-VAS-P-4-012,RUN-VAS-P-4-012-2,안 쓰는 서비스 빼기,부가서비스 조회/해지 화면으로 이동할 수 있습니다.,2026-09-14T18:22:00,completed,600.0,True,repeat,부가서비스 조회/해지,VAS_GUIDE_WITH_CTA,N,2026-09-14T20:22:00,synthetic-seeder
120313,2026-09-14,303131,THREAD-VAS-P-4-013,RUN-VAS-P-4-013-1,안 쓰는 서비스 빼기,부가서비스 조회/해지 화면으로 이동할 수 있습니다.,2026-09-14T18:18:00,completed,620.0,False,initial,부가서비스 조회/해지,VAS_GUIDE_WITH_CTA,N,2026-09-14T20:18:00,synthetic-seeder
120313,2026-09-14,303132,THREAD-VAS-P-4-013,RUN-VAS-P-4-013-2,내가 가입한 부가서비스,부가서비스 조회/해지 화면으로 이동할 수 있습니다.,2026-09-14T18:23:00,completed,620.0,True,repeat,부가서비스 조회/해지,VAS_GUIDE_WITH_CTA,N,2026-09-14T20:23:00,synthetic-seeder
120314,2026-09-14,303141,THREAD-VAS-P-4-014,RUN-VAS-P-4-014-1,내가 가입한 부가서비스,부가서비스 조회/해지 화면으로 이동할 수 있습니다.,2026-09-14T18:19:00,completed,640.0,False,initial,부가서비스 조회/해지,VAS_GUIDE_WITH_CTA,N,2026-09-14T20:19:00,synthetic-seeder
120314,2026-09-14,303142,THREAD-VAS-P-4-014,RUN-VAS-P-4-014-2,부가서비스 확인,부가서비스 조회/해지 화면으로 이동할 수 있습니다.,2026-09-14T18:24:00,completed,640.0,True,repeat,부가서비스 조회/해지,VAS_GUIDE_WITH_CTA,N,2026-09-14T20:24:00,synthetic-seeder
120315,2026-09-14,303151,THREAD-VAS-P-4-015,RUN-VAS-P-4-015-1,부가서비스 확인,부가서비스 조회/해지 화면으로 이동할 수 있습니다.,2026-09-14T18:20:00,completed,660.0,False,initial,부가서비스 조회/해지,VAS_GUIDE_WITH_CTA,N,2026-09-14T20:20:00,synthetic-seeder
120315,2026-09-14,303152,THREAD-VAS-P-4-015,RUN-VAS-P-4-015-2,부가서비스 변경,부가서비스 조회/해지 화면으로 이동할 수 있습니다.,2026-09-14T18:25:00,completed,660.0,True,repeat,부가서비스 조회/해지,VAS_GUIDE_WITH_CTA,N,2026-09-14T20:25:00,synthetic-seeder
120316,2026-09-14,303161,THREAD-VAS-P-4-016,RUN-VAS-P-4-016-1,부가서비스 변경,부가서비스 조회/해지 화면으로 이동할 수 있습니다.,2026-09-14T18:21:00,completed,520.0,False,initial,부가서비스 조회/해지,VAS_GUIDE_WITH_CTA,N,2026-09-14T20:21:00,synthetic-seeder
120316,2026-09-14,303162,THREAD-VAS-P-4-016,RUN-VAS-P-4-016-2,부가서비스 해지,부가서비스 조회/해지 화면으로 이동할 수 있습니다.,2026-09-14T18:26:00,completed,520.0,True,repeat,부가서비스 조회/해지,VAS_GUIDE_WITH_CTA,N,2026-09-14T20:26:00,synthetic-seeder
120317,2026-09-14,303171,THREAD-VAS-P-4-017,RUN-VAS-P-4-017-1,부가서비스 해지,부가서비스 조회/해지 화면으로 이동할 수 있습니다.,2026-09-14T18:22:00,completed,540.0,False,initial,부가서비스 조회/해지,VAS_GUIDE_WITH_CTA,N,2026-09-14T20:22:00,synthetic-seeder
120318,2026-09-14,303181,THREAD-VAS-P-4-018,RUN-VAS-P-4-018-1,부가서비스 끄기,부가서비스 조회/해지 화면으로 이동할 수 있습니다.,2026-09-14T18:23:00,completed,560.0,False,initial,부가서비스 조회/해지,VAS_GUIDE_WITH_CTA,N,2026-09-14T20:23:00,synthetic-seeder
120319,2026-09-14,303191,THREAD-VAS-P-4-019,RUN-VAS-P-4-019-1,안 쓰는 서비스 빼기,부가서비스 조회/해지 화면으로 이동할 수 있습니다.,2026-09-14T18:24:00,completed,580.0,False,initial,부가서비스 조회/해지,VAS_GUIDE_WITH_CTA,N,2026-09-14T20:24:00,synthetic-seeder
120320,2026-09-14,303201,THREAD-VAS-P-4-020,RUN-VAS-P-4-020-1,내가 가입한 부가서비스,부가서비스 조회/해지 화면으로 이동할 수 있습니다.,2026-09-14T18:25:00,completed,600.0,False,initial,부가서비스 조회/해지,VAS_GUIDE_WITH_CTA,N,2026-09-14T20:25:00,synthetic-seeder
120321,2026-09-14,303211,THREAD-VAS-P-4-021,RUN-VAS-P-4-021-1,부가서비스 확인,부가서비스 조회/해지 화면으로 이동할 수 있습니다.,2026-09-14T18:26:00,completed,620.0,False,initial,부가서비스 조회/해지,VAS_GUIDE_WITH_CTA,N,2026-09-14T20:26:00,synthetic-seeder
120322,2026-09-14,303221,THREAD-VAS-P-4-022,RUN-VAS-P-4-022-1,부가서비스 변경,부가서비스 조회/해지 화면으로 이동할 수 있습니다.,2026-09-14T18:27:00,completed,640.0,False,initial,부가서비스 조회/해지,VAS_GUIDE_WITH_CTA,N,2026-09-14T20:27:00,synthetic-seeder
120323,2026-09-14,303231,THREAD-VAS-P-4-023,RUN-VAS-P-4-023-1,부가서비스 해지,부가서비스 조회/해지 화면으로 이동할 수 있습니다.,2026-09-14T18:28:00,completed,660.0,False,initial,부가서비스 조회/해지,VAS_GUIDE_WITH_CTA,N,2026-09-14T20:28:00,synthetic-seeder
120324,2026-09-14,303241,THREAD-VAS-P-4-024,RUN-VAS-P-4-024-1,부가서비스 끄기,부가서비스 조회/해지 화면으로 이동할 수 있습니다.,2026-09-14T18:29:00,completed,520.0,False,initial,부가서비스 조회/해지,VAS_GUIDE_WITH_CTA,N,2026-09-14T20:29:00,synthetic-seeder
120325,2026-09-14,303251,THREAD-VAS-P-4-025,RUN-VAS-P-4-025-1,안 쓰는 서비스 빼기,부가서비스 조회/해지 화면으로 이동할 수 있습니다.,2026-09-14T18:30:00,completed,540.0,False,initial,부가서비스 조회/해지,VAS_GUIDE_WITH_CTA,N,2026-09-14T20:30:00,synthetic-seeder
120326,2026-09-14,303261,THREAD-VAS-P-4-026,RUN-VAS-P-4-026-1,내가 가입한 부가서비스,부가서비스 조회/해지 화면으로 이동할 수 있습니다.,2026-09-14T18:31:00,completed,560.0,False,initial,부가서비스 조회/해지,VAS_GUIDE_WITH_CTA,N,2026-09-14T20:31:00,synthetic-seeder
120327,2026-09-14,303271,THREAD-VAS-P-4-027,RUN-VAS-P-4-027-1,부가서비스 확인,부가서비스 조회/해지 화면으로 이동할 수 있습니다.,2026-09-14T18:32:00,completed,580.0,False,initial,부가서비스 조회/해지,VAS_GUIDE_WITH_CTA,N,2026-09-14T20:32:00,synthetic-seeder
120328,2026-09-14,303281,THREAD-VAS-P-4-028,RUN-VAS-P-4-028-1,부가서비스 변경,부가서비스 조회/해지 화면으로 이동할 수 있습니다.,2026-09-14T18:33:00,completed,600.0,False,initial,부가서비스 조회/해지,VAS_GUIDE_WITH_CTA,N,2026-09-14T20:33:00,synthetic-seeder
120329,2026-09-14,303291,THREAD-VAS-P-4-029,RUN-VAS-P-4-029-1,부가서비스 해지,부가서비스 조회/해지 화면으로 이동할 수 있습니다.,2026-09-14T18:34:00,completed,620.0,False,initial,부가서비스 조회/해지,VAS_GUIDE_WITH_CTA,N,2026-09-14T20:34:00,synthetic-seeder
120330,2026-09-14,303301,THREAD-VAS-P-4-030,RUN-VAS-P-4-030-1,부가서비스 끄기,부가서비스 조회/해지 화면으로 이동할 수 있습니다.,2026-09-14T18:35:00,completed,640.0,False,initial,부가서비스 조회/해지,VAS_GUIDE_WITH_CTA,N,2026-09-14T20:35:00,synthetic-seeder
120331,2026-09-14,303311,THREAD-VAS-P-4-031,RUN-VAS-P-4-031-1,안 쓰는 서비스 빼기,부가서비스 조회/해지 화면으로 이동할 수 있습니다.,2026-09-14T18:36:00,completed,660.0,False,initial,부가서비스 조회/해지,VAS_GUIDE_WITH_CTA,N,2026-09-14T20:36:00,synthetic-seeder
120332,2026-09-14,303321,THREAD-VAS-P-4-032,RUN-VAS-P-4-032-1,내가 가입한 부가서비스,부가서비스 조회/해지 화면으로 이동할 수 있습니다.,2026-09-14T18:37:00,completed,520.0,False,initial,부가서비스 조회/해지,VAS_GUIDE_WITH_CTA,N,2026-09-14T20:37:00,synthetic-seeder
120333,2026-09-14,303331,THREAD-VAS-P-4-033,RUN-VAS-P-4-033-1,부가서비스 확인,부가서비스 조회/해지 화면으로 이동할 수 있습니다.,2026-09-14T18:38:00,failed,540.0,False,initial,부가서비스 조회/해지,VAS_GUIDE_NO_CTA,N,2026-09-14T20:38:00,synthetic-seeder
120334,2026-09-14,303341,THREAD-VAS-P-4-034,RUN-VAS-P-4-034-1,부가서비스 변경,부가서비스 조회/해지 화면으로 이동할 수 있습니다.,2026-09-14T18:39:00,failed,560.0,False,initial,부가서비스 조회/해지,VAS_GUIDE_NO_CTA,N,2026-09-14T20:39:00,synthetic-seeder
120335,2026-09-14,303351,THREAD-VAS-P-4-035,RUN-VAS-P-4-035-1,부가서비스 해지,부가서비스 조회/해지 화면으로 이동할 수 있습니다.,2026-09-14T18:40:00,failed,580.0,False,initial,부가서비스 조회/해지,VAS_GUIDE_NO_CTA,N,2026-09-14T20:40:00,synthetic-seeder
120336,2026-09-14,303361,THREAD-VAS-P-4-036,RUN-VAS-P-4-036-1,부가서비스 끄기,부가서비스 조회/해지 화면으로 이동할 수 있습니다.,2026-09-14T18:41:00,failed,600.0,False,initial,부가서비스 조회/해지,VAS_GUIDE_NO_CTA,N,2026-09-14T20:41:00,synthetic-seeder
120337,2026-09-14,303371,THREAD-VAS-P-4-037,RUN-VAS-P-4-037-1,안 쓰는 서비스 빼기,부가서비스 조회/해지 화면으로 이동할 수 있습니다.,2026-09-14T18:42:00,failed,620.0,False,initial,부가서비스 조회/해지,VAS_GUIDE_NO_CTA,N,2026-09-14T20:42:00,synthetic-seeder
120338,2026-09-14,303381,THREAD-VAS-P-4-038,RUN-VAS-P-4-038-1,내가 가입한 부가서비스,부가서비스 조회/해지 화면으로 이동할 수 있습니다.,2026-09-14T18:43:00,failed,640.0,False,initial,부가서비스 조회/해지,VAS_GUIDE_NO_CTA,N,2026-09-14T20:43:00,synthetic-seeder
120339,2026-09-14,303391,THREAD-VAS-P-4-039,RUN-VAS-P-4-039-1,부가서비스 확인,부가서비스 조회/해지 화면으로 이동할 수 있습니다.,2026-09-14T18:44:00,failed,660.0,False,initial,부가서비스 조회/해지,VAS_GUIDE_NO_CTA,N,2026-09-14T20:44:00,synthetic-seeder
120340,2026-09-14,303401,THREAD-VAS-P-4-040,RUN-VAS-P-4-040-1,부가서비스 변경,부가서비스 조회/해지 화면으로 이동할 수 있습니다.,2026-09-14T18:45:00,failed,520.0,False,initial,부가서비스 조회/해지,VAS_GUIDE_NO_CTA,N,2026-09-14T20:45:00,synthetic-seeder
120341,2026-09-14,303411,THREAD-VAS-P-4-041,RUN-VAS-P-4-041-1,부가서비스 해지,부가서비스 조회/해지 화면으로 이동할 수 있습니다.,2026-09-14T18:46:00,failed,540.0,False,initial,부가서비스 조회/해지,VAS_GUIDE_NO_CTA,N,2026-09-14T20:46:00,synthetic-seeder
120342,2026-09-14,303421,THREAD-VAS-P-4-042,RUN-VAS-P-4-042-1,부가서비스 끄기,부가서비스 조회/해지 화면으로 이동할 수 있습니다.,2026-09-14T18:47:00,failed,560.0,False,initial,부가서비스 조회/해지,VAS_GUIDE_NO_CTA,N,2026-09-14T20:47:00,synthetic-seeder
120343,2026-09-14,303431,THREAD-VAS-P-4-043,RUN-VAS-P-4-043-1,안 쓰는 서비스 빼기,부가서비스 조회/해지 화면으로 이동할 수 있습니다.,2026-09-14T18:48:00,failed,580.0,False,initial,부가서비스 조회/해지,VAS_GUIDE_NO_CTA,N,2026-09-14T20:48:00,synthetic-seeder
120344,2026-09-14,303441,THREAD-VAS-P-4-044,RUN-VAS-P-4-044-1,내가 가입한 부가서비스,부가서비스 조회/해지 화면으로 이동할 수 있습니다.,2026-09-14T18:49:00,failed,600.0,False,initial,부가서비스 조회/해지,VAS_GUIDE_NO_CTA,N,2026-09-14T20:49:00,synthetic-seeder
120345,2026-09-14,303451,THREAD-VAS-P-4-045,RUN-VAS-P-4-045-1,부가서비스 확인,부가서비스 조회/해지 화면으로 이동할 수 있습니다.,2026-09-14T18:50:00,failed,620.0,False,initial,부가서비스 조회/해지,VAS_GUIDE_NO_CTA,N,2026-09-14T20:50:00,synthetic-seeder
120346,2026-09-14,303461,THREAD-VAS-P-4-046,RUN-VAS-P-4-046-1,부가서비스 변경,부가서비스 조회/해지 화면으로 이동할 수 있습니다.,2026-09-14T18:51:00,failed,640.0,False,initial,부가서비스 조회/해지,VAS_GUIDE_NO_CTA,N,2026-09-14T20:51:00,synthetic-seeder
120347,2026-09-14,303471,THREAD-VAS-P-4-047,RUN-VAS-P-4-047-1,부가서비스 해지,부가서비스 조회/해지 화면으로 이동할 수 있습니다.,2026-09-14T18:52:00,failed,660.0,False,initial,부가서비스 조회/해지,VAS_GUIDE_NO_CTA,N,2026-09-14T20:52:00,synthetic-seeder
120348,2026-09-14,303481,THREAD-VAS-P-4-048,RUN-VAS-P-4-048-1,부가서비스 끄기,부가서비스 조회/해지 화면으로 이동할 수 있습니다.,2026-09-14T18:53:00,failed,520.0,False,initial,부가서비스 조회/해지,VAS_GUIDE_NO_CTA,N,2026-09-14T20:53:00,synthetic-seeder
120349,2026-09-14,303491,THREAD-VAS-P-4-049,RUN-VAS-P-4-049-1,안 쓰는 서비스 빼기,부가서비스 조회/해지 화면으로 이동할 수 있습니다.,2026-09-14T18:54:00,failed,540.0,False,initial,부가서비스 조회/해지,VAS_GUIDE_NO_CTA,N,2026-09-14T20:54:00,synthetic-seeder
120350,2026-09-14,303501,THREAD-VAS-P-4-050,RUN-VAS-P-4-050-1,내가 가입한 부가서비스,부가서비스 조회/해지 화면으로 이동할 수 있습니다.,2026-09-14T18:55:00,failed,560.0,False,initial,부가서비스 조회/해지,VAS_GUIDE_NO_CTA,N,2026-09-14T20:55:00,synthetic-seeder
120401,2026-09-15,304011,THREAD-VAS-P-5-001,RUN-VAS-P-5-001-1,안 쓰는 서비스 빼기,부가서비스 조회/해지 화면으로 이동할 수 있습니다.,2026-09-15T18:06:00,completed,540.0,False,initial,부가서비스 조회/해지,VAS_GUIDE_WITH_CTA,N,2026-09-15T20:06:00,synthetic-seeder
120401,2026-09-15,304012,THREAD-VAS-P-5-001,RUN-VAS-P-5-001-2,내가 가입한 부가서비스,부가서비스 조회/해지 화면으로 이동할 수 있습니다.,2026-09-15T18:11:00,completed,540.0,True,repeat,부가서비스 조회/해지,VAS_GUIDE_WITH_CTA,N,2026-09-15T20:11:00,synthetic-seeder
120402,2026-09-15,304021,THREAD-VAS-P-5-002,RUN-VAS-P-5-002-1,내가 가입한 부가서비스,부가서비스 조회/해지 화면으로 이동할 수 있습니다.,2026-09-15T18:07:00,completed,560.0,False,initial,부가서비스 조회/해지,VAS_GUIDE_WITH_CTA,N,2026-09-15T20:07:00,synthetic-seeder
120402,2026-09-15,304022,THREAD-VAS-P-5-002,RUN-VAS-P-5-002-2,부가서비스 확인,부가서비스 조회/해지 화면으로 이동할 수 있습니다.,2026-09-15T18:12:00,completed,560.0,True,repeat,부가서비스 조회/해지,VAS_GUIDE_WITH_CTA,N,2026-09-15T20:12:00,synthetic-seeder
120403,2026-09-15,304031,THREAD-VAS-P-5-003,RUN-VAS-P-5-003-1,부가서비스 확인,부가서비스 조회/해지 화면으로 이동할 수 있습니다.,2026-09-15T18:08:00,completed,580.0,False,initial,부가서비스 조회/해지,VAS_GUIDE_WITH_CTA,N,2026-09-15T20:08:00,synthetic-seeder
120403,2026-09-15,304032,THREAD-VAS-P-5-003,RUN-VAS-P-5-003-2,부가서비스 변경,부가서비스 조회/해지 화면으로 이동할 수 있습니다.,2026-09-15T18:13:00,completed,580.0,True,repeat,부가서비스 조회/해지,VAS_GUIDE_WITH_CTA,N,2026-09-15T20:13:00,synthetic-seeder
120404,2026-09-15,304041,THREAD-VAS-P-5-004,RUN-VAS-P-5-004-1,부가서비스 변경,부가서비스 조회/해지 화면으로 이동할 수 있습니다.,2026-09-15T18:09:00,completed,600.0,False,initial,부가서비스 조회/해지,VAS_GUIDE_WITH_CTA,N,2026-09-15T20:09:00,synthetic-seeder
120404,2026-09-15,304042,THREAD-VAS-P-5-004,RUN-VAS-P-5-004-2,부가서비스 해지,부가서비스 조회/해지 화면으로 이동할 수 있습니다.,2026-09-15T18:14:00,completed,600.0,True,repeat,부가서비스 조회/해지,VAS_GUIDE_WITH_CTA,N,2026-09-15T20:14:00,synthetic-seeder
120405,2026-09-15,304051,THREAD-VAS-P-5-005,RUN-VAS-P-5-005-1,부가서비스 해지,부가서비스 조회/해지 화면으로 이동할 수 있습니다.,2026-09-15T18:10:00,completed,620.0,False,initial,부가서비스 조회/해지,VAS_GUIDE_WITH_CTA,N,2026-09-15T20:10:00,synthetic-seeder
120405,2026-09-15,304052,THREAD-VAS-P-5-005,RUN-VAS-P-5-005-2,부가서비스 끄기,부가서비스 조회/해지 화면으로 이동할 수 있습니다.,2026-09-15T18:15:00,completed,620.0,True,repeat,부가서비스 조회/해지,VAS_GUIDE_WITH_CTA,N,2026-09-15T20:15:00,synthetic-seeder
120406,2026-09-15,304061,THREAD-VAS-P-5-006,RUN-VAS-P-5-006-1,부가서비스 끄기,부가서비스 조회/해지 화면으로 이동할 수 있습니다.,2026-09-15T18:11:00,completed,640.0,False,initial,부가서비스 조회/해지,VAS_GUIDE_WITH_CTA,N,2026-09-15T20:11:00,synthetic-seeder
120406,2026-09-15,304062,THREAD-VAS-P-5-006,RUN-VAS-P-5-006-2,안 쓰는 서비스 빼기,부가서비스 조회/해지 화면으로 이동할 수 있습니다.,2026-09-15T18:16:00,completed,640.0,True,repeat,부가서비스 조회/해지,VAS_GUIDE_WITH_CTA,N,2026-09-15T20:16:00,synthetic-seeder
120407,2026-09-15,304071,THREAD-VAS-P-5-007,RUN-VAS-P-5-007-1,안 쓰는 서비스 빼기,부가서비스 조회/해지 화면으로 이동할 수 있습니다.,2026-09-15T18:12:00,completed,660.0,False,initial,부가서비스 조회/해지,VAS_GUIDE_WITH_CTA,N,2026-09-15T20:12:00,synthetic-seeder
120407,2026-09-15,304072,THREAD-VAS-P-5-007,RUN-VAS-P-5-007-2,내가 가입한 부가서비스,부가서비스 조회/해지 화면으로 이동할 수 있습니다.,2026-09-15T18:17:00,completed,660.0,True,repeat,부가서비스 조회/해지,VAS_GUIDE_WITH_CTA,N,2026-09-15T20:17:00,synthetic-seeder
120408,2026-09-15,304081,THREAD-VAS-P-5-008,RUN-VAS-P-5-008-1,내가 가입한 부가서비스,부가서비스 조회/해지 화면으로 이동할 수 있습니다.,2026-09-15T18:13:00,completed,520.0,False,initial,부가서비스 조회/해지,VAS_GUIDE_WITH_CTA,N,2026-09-15T20:13:00,synthetic-seeder
120408,2026-09-15,304082,THREAD-VAS-P-5-008,RUN-VAS-P-5-008-2,부가서비스 확인,부가서비스 조회/해지 화면으로 이동할 수 있습니다.,2026-09-15T18:18:00,completed,520.0,True,repeat,부가서비스 조회/해지,VAS_GUIDE_WITH_CTA,N,2026-09-15T20:18:00,synthetic-seeder
120409,2026-09-15,304091,THREAD-VAS-P-5-009,RUN-VAS-P-5-009-1,부가서비스 확인,부가서비스 조회/해지 화면으로 이동할 수 있습니다.,2026-09-15T18:14:00,completed,540.0,False,initial,부가서비스 조회/해지,VAS_GUIDE_WITH_CTA,N,2026-09-15T20:14:00,synthetic-seeder
120409,2026-09-15,304092,THREAD-VAS-P-5-009,RUN-VAS-P-5-009-2,부가서비스 변경,부가서비스 조회/해지 화면으로 이동할 수 있습니다.,2026-09-15T18:19:00,completed,540.0,True,repeat,부가서비스 조회/해지,VAS_GUIDE_WITH_CTA,N,2026-09-15T20:19:00,synthetic-seeder
120410,2026-09-15,304101,THREAD-VAS-P-5-010,RUN-VAS-P-5-010-1,부가서비스 변경,부가서비스 조회/해지 화면으로 이동할 수 있습니다.,2026-09-15T18:15:00,completed,560.0,False,initial,부가서비스 조회/해지,VAS_GUIDE_WITH_CTA,N,2026-09-15T20:15:00,synthetic-seeder
120410,2026-09-15,304102,THREAD-VAS-P-5-010,RUN-VAS-P-5-010-2,부가서비스 해지,부가서비스 조회/해지 화면으로 이동할 수 있습니다.,2026-09-15T18:20:00,completed,560.0,True,repeat,부가서비스 조회/해지,VAS_GUIDE_WITH_CTA,N,2026-09-15T20:20:00,synthetic-seeder
120411,2026-09-15,304111,THREAD-VAS-P-5-011,RUN-VAS-P-5-011-1,부가서비스 해지,부가서비스 조회/해지 화면으로 이동할 수 있습니다.,2026-09-15T18:16:00,completed,580.0,False,initial,부가서비스 조회/해지,VAS_GUIDE_WITH_CTA,N,2026-09-15T20:16:00,synthetic-seeder
120411,2026-09-15,304112,THREAD-VAS-P-5-011,RUN-VAS-P-5-011-2,부가서비스 끄기,부가서비스 조회/해지 화면으로 이동할 수 있습니다.,2026-09-15T18:21:00,completed,580.0,True,repeat,부가서비스 조회/해지,VAS_GUIDE_WITH_CTA,N,2026-09-15T20:21:00,synthetic-seeder
120412,2026-09-15,304121,THREAD-VAS-P-5-012,RUN-VAS-P-5-012-1,부가서비스 끄기,부가서비스 조회/해지 화면으로 이동할 수 있습니다.,2026-09-15T18:17:00,completed,600.0,False,initial,부가서비스 조회/해지,VAS_GUIDE_WITH_CTA,N,2026-09-15T20:17:00,synthetic-seeder
120412,2026-09-15,304122,THREAD-VAS-P-5-012,RUN-VAS-P-5-012-2,안 쓰는 서비스 빼기,부가서비스 조회/해지 화면으로 이동할 수 있습니다.,2026-09-15T18:22:00,completed,600.0,True,repeat,부가서비스 조회/해지,VAS_GUIDE_WITH_CTA,N,2026-09-15T20:22:00,synthetic-seeder
120413,2026-09-15,304131,THREAD-VAS-P-5-013,RUN-VAS-P-5-013-1,안 쓰는 서비스 빼기,부가서비스 조회/해지 화면으로 이동할 수 있습니다.,2026-09-15T18:18:00,completed,620.0,False,initial,부가서비스 조회/해지,VAS_GUIDE_WITH_CTA,N,2026-09-15T20:18:00,synthetic-seeder
120414,2026-09-15,304141,THREAD-VAS-P-5-014,RUN-VAS-P-5-014-1,내가 가입한 부가서비스,부가서비스 조회/해지 화면으로 이동할 수 있습니다.,2026-09-15T18:19:00,completed,640.0,False,initial,부가서비스 조회/해지,VAS_GUIDE_WITH_CTA,N,2026-09-15T20:19:00,synthetic-seeder
120415,2026-09-15,304151,THREAD-VAS-P-5-015,RUN-VAS-P-5-015-1,부가서비스 확인,부가서비스 조회/해지 화면으로 이동할 수 있습니다.,2026-09-15T18:20:00,completed,660.0,False,initial,부가서비스 조회/해지,VAS_GUIDE_WITH_CTA,N,2026-09-15T20:20:00,synthetic-seeder
120416,2026-09-15,304161,THREAD-VAS-P-5-016,RUN-VAS-P-5-016-1,부가서비스 변경,부가서비스 조회/해지 화면으로 이동할 수 있습니다.,2026-09-15T18:21:00,completed,520.0,False,initial,부가서비스 조회/해지,VAS_GUIDE_WITH_CTA,N,2026-09-15T20:21:00,synthetic-seeder
120417,2026-09-15,304171,THREAD-VAS-P-5-017,RUN-VAS-P-5-017-1,부가서비스 해지,부가서비스 조회/해지 화면으로 이동할 수 있습니다.,2026-09-15T18:22:00,completed,540.0,False,initial,부가서비스 조회/해지,VAS_GUIDE_WITH_CTA,N,2026-09-15T20:22:00,synthetic-seeder
120418,2026-09-15,304181,THREAD-VAS-P-5-018,RUN-VAS-P-5-018-1,부가서비스 끄기,부가서비스 조회/해지 화면으로 이동할 수 있습니다.,2026-09-15T18:23:00,completed,560.0,False,initial,부가서비스 조회/해지,VAS_GUIDE_WITH_CTA,N,2026-09-15T20:23:00,synthetic-seeder
120419,2026-09-15,304191,THREAD-VAS-P-5-019,RUN-VAS-P-5-019-1,안 쓰는 서비스 빼기,부가서비스 조회/해지 화면으로 이동할 수 있습니다.,2026-09-15T18:24:00,completed,580.0,False,initial,부가서비스 조회/해지,VAS_GUIDE_WITH_CTA,N,2026-09-15T20:24:00,synthetic-seeder
120420,2026-09-15,304201,THREAD-VAS-P-5-020,RUN-VAS-P-5-020-1,내가 가입한 부가서비스,부가서비스 조회/해지 화면으로 이동할 수 있습니다.,2026-09-15T18:25:00,completed,600.0,False,initial,부가서비스 조회/해지,VAS_GUIDE_WITH_CTA,N,2026-09-15T20:25:00,synthetic-seeder
120421,2026-09-15,304211,THREAD-VAS-P-5-021,RUN-VAS-P-5-021-1,부가서비스 확인,부가서비스 조회/해지 화면으로 이동할 수 있습니다.,2026-09-15T18:26:00,completed,620.0,False,initial,부가서비스 조회/해지,VAS_GUIDE_WITH_CTA,N,2026-09-15T20:26:00,synthetic-seeder
120422,2026-09-15,304221,THREAD-VAS-P-5-022,RUN-VAS-P-5-022-1,부가서비스 변경,부가서비스 조회/해지 화면으로 이동할 수 있습니다.,2026-09-15T18:27:00,completed,640.0,False,initial,부가서비스 조회/해지,VAS_GUIDE_WITH_CTA,N,2026-09-15T20:27:00,synthetic-seeder
120423,2026-09-15,304231,THREAD-VAS-P-5-023,RUN-VAS-P-5-023-1,부가서비스 해지,부가서비스 조회/해지 화면으로 이동할 수 있습니다.,2026-09-15T18:28:00,completed,660.0,False,initial,부가서비스 조회/해지,VAS_GUIDE_WITH_CTA,N,2026-09-15T20:28:00,synthetic-seeder
120424,2026-09-15,304241,THREAD-VAS-P-5-024,RUN-VAS-P-5-024-1,부가서비스 끄기,부가서비스 조회/해지 화면으로 이동할 수 있습니다.,2026-09-15T18:29:00,completed,520.0,False,initial,부가서비스 조회/해지,VAS_GUIDE_WITH_CTA,N,2026-09-15T20:29:00,synthetic-seeder
120425,2026-09-15,304251,THREAD-VAS-P-5-025,RUN-VAS-P-5-025-1,안 쓰는 서비스 빼기,부가서비스 조회/해지 화면으로 이동할 수 있습니다.,2026-09-15T18:30:00,completed,540.0,False,initial,부가서비스 조회/해지,VAS_GUIDE_WITH_CTA,N,2026-09-15T20:30:00,synthetic-seeder
120426,2026-09-15,304261,THREAD-VAS-P-5-026,RUN-VAS-P-5-026-1,내가 가입한 부가서비스,부가서비스 조회/해지 화면으로 이동할 수 있습니다.,2026-09-15T18:31:00,completed,560.0,False,initial,부가서비스 조회/해지,VAS_GUIDE_WITH_CTA,N,2026-09-15T20:31:00,synthetic-seeder
120427,2026-09-15,304271,THREAD-VAS-P-5-027,RUN-VAS-P-5-027-1,부가서비스 확인,부가서비스 조회/해지 화면으로 이동할 수 있습니다.,2026-09-15T18:32:00,completed,580.0,False,initial,부가서비스 조회/해지,VAS_GUIDE_WITH_CTA,N,2026-09-15T20:32:00,synthetic-seeder
120428,2026-09-15,304281,THREAD-VAS-P-5-028,RUN-VAS-P-5-028-1,부가서비스 변경,부가서비스 조회/해지 화면으로 이동할 수 있습니다.,2026-09-15T18:33:00,completed,600.0,False,initial,부가서비스 조회/해지,VAS_GUIDE_WITH_CTA,N,2026-09-15T20:33:00,synthetic-seeder
120429,2026-09-15,304291,THREAD-VAS-P-5-029,RUN-VAS-P-5-029-1,부가서비스 해지,부가서비스 조회/해지 화면으로 이동할 수 있습니다.,2026-09-15T18:34:00,completed,620.0,False,initial,부가서비스 조회/해지,VAS_GUIDE_WITH_CTA,N,2026-09-15T20:34:00,synthetic-seeder
120430,2026-09-15,304301,THREAD-VAS-P-5-030,RUN-VAS-P-5-030-1,부가서비스 끄기,부가서비스 조회/해지 화면으로 이동할 수 있습니다.,2026-09-15T18:35:00,completed,640.0,False,initial,부가서비스 조회/해지,VAS_GUIDE_WITH_CTA,N,2026-09-15T20:35:00,synthetic-seeder
120431,2026-09-15,304311,THREAD-VAS-P-5-031,RUN-VAS-P-5-031-1,안 쓰는 서비스 빼기,부가서비스 조회/해지 화면으로 이동할 수 있습니다.,2026-09-15T18:36:00,completed,660.0,False,initial,부가서비스 조회/해지,VAS_GUIDE_WITH_CTA,N,2026-09-15T20:36:00,synthetic-seeder
120432,2026-09-15,304321,THREAD-VAS-P-5-032,RUN-VAS-P-5-032-1,내가 가입한 부가서비스,부가서비스 조회/해지 화면으로 이동할 수 있습니다.,2026-09-15T18:37:00,completed,520.0,False,initial,부가서비스 조회/해지,VAS_GUIDE_WITH_CTA,N,2026-09-15T20:37:00,synthetic-seeder
120433,2026-09-15,304331,THREAD-VAS-P-5-033,RUN-VAS-P-5-033-1,부가서비스 확인,부가서비스 조회/해지 화면으로 이동할 수 있습니다.,2026-09-15T18:38:00,completed,540.0,False,initial,부가서비스 조회/해지,VAS_GUIDE_WITH_CTA,N,2026-09-15T20:38:00,synthetic-seeder
120434,2026-09-15,304341,THREAD-VAS-P-5-034,RUN-VAS-P-5-034-1,부가서비스 변경,부가서비스 조회/해지 화면으로 이동할 수 있습니다.,2026-09-15T18:39:00,completed,560.0,False,initial,부가서비스 조회/해지,VAS_GUIDE_WITH_CTA,N,2026-09-15T20:39:00,synthetic-seeder
120435,2026-09-15,304351,THREAD-VAS-P-5-035,RUN-VAS-P-5-035-1,부가서비스 해지,부가서비스 조회/해지 화면으로 이동할 수 있습니다.,2026-09-15T18:40:00,completed,580.0,False,initial,부가서비스 조회/해지,VAS_GUIDE_WITH_CTA,N,2026-09-15T20:40:00,synthetic-seeder
120436,2026-09-15,304361,THREAD-VAS-P-5-036,RUN-VAS-P-5-036-1,부가서비스 끄기,부가서비스 조회/해지 화면으로 이동할 수 있습니다.,2026-09-15T18:41:00,completed,600.0,False,initial,부가서비스 조회/해지,VAS_GUIDE_WITH_CTA,N,2026-09-15T20:41:00,synthetic-seeder
120437,2026-09-15,304371,THREAD-VAS-P-5-037,RUN-VAS-P-5-037-1,안 쓰는 서비스 빼기,부가서비스 조회/해지 화면으로 이동할 수 있습니다.,2026-09-15T18:42:00,completed,620.0,False,initial,부가서비스 조회/해지,VAS_GUIDE_WITH_CTA,N,2026-09-15T20:42:00,synthetic-seeder
120438,2026-09-15,304381,THREAD-VAS-P-5-038,RUN-VAS-P-5-038-1,내가 가입한 부가서비스,부가서비스 조회/해지 화면으로 이동할 수 있습니다.,2026-09-15T18:43:00,completed,640.0,False,initial,부가서비스 조회/해지,VAS_GUIDE_WITH_CTA,N,2026-09-15T20:43:00,synthetic-seeder
120439,2026-09-15,304391,THREAD-VAS-P-5-039,RUN-VAS-P-5-039-1,부가서비스 확인,부가서비스 조회/해지 화면으로 이동할 수 있습니다.,2026-09-15T18:44:00,completed,660.0,False,initial,부가서비스 조회/해지,VAS_GUIDE_WITH_CTA,N,2026-09-15T20:44:00,synthetic-seeder
120440,2026-09-15,304401,THREAD-VAS-P-5-040,RUN-VAS-P-5-040-1,부가서비스 변경,부가서비스 조회/해지 화면으로 이동할 수 있습니다.,2026-09-15T18:45:00,completed,520.0,False,initial,부가서비스 조회/해지,VAS_GUIDE_WITH_CTA,N,2026-09-15T20:45:00,synthetic-seeder
120441,2026-09-15,304411,THREAD-VAS-P-5-041,RUN-VAS-P-5-041-1,부가서비스 해지,부가서비스 조회/해지 화면으로 이동할 수 있습니다.,2026-09-15T18:46:00,failed,540.0,False,initial,부가서비스 조회/해지,VAS_GUIDE_NO_CTA,N,2026-09-15T20:46:00,synthetic-seeder
120442,2026-09-15,304421,THREAD-VAS-P-5-042,RUN-VAS-P-5-042-1,부가서비스 끄기,부가서비스 조회/해지 화면으로 이동할 수 있습니다.,2026-09-15T18:47:00,failed,560.0,False,initial,부가서비스 조회/해지,VAS_GUIDE_NO_CTA,N,2026-09-15T20:47:00,synthetic-seeder
120443,2026-09-15,304431,THREAD-VAS-P-5-043,RUN-VAS-P-5-043-1,안 쓰는 서비스 빼기,부가서비스 조회/해지 화면으로 이동할 수 있습니다.,2026-09-15T18:48:00,failed,580.0,False,initial,부가서비스 조회/해지,VAS_GUIDE_NO_CTA,N,2026-09-15T20:48:00,synthetic-seeder
120444,2026-09-15,304441,THREAD-VAS-P-5-044,RUN-VAS-P-5-044-1,내가 가입한 부가서비스,부가서비스 조회/해지 화면으로 이동할 수 있습니다.,2026-09-15T18:49:00,failed,600.0,False,initial,부가서비스 조회/해지,VAS_GUIDE_NO_CTA,N,2026-09-15T20:49:00,synthetic-seeder
120445,2026-09-15,304451,THREAD-VAS-P-5-045,RUN-VAS-P-5-045-1,부가서비스 확인,부가서비스 조회/해지 화면으로 이동할 수 있습니다.,2026-09-15T18:50:00,failed,620.0,False,initial,부가서비스 조회/해지,VAS_GUIDE_NO_CTA,N,2026-09-15T20:50:00,synthetic-seeder
120446,2026-09-15,304461,THREAD-VAS-P-5-046,RUN-VAS-P-5-046-1,부가서비스 변경,부가서비스 조회/해지 화면으로 이동할 수 있습니다.,2026-09-15T18:51:00,failed,640.0,False,initial,부가서비스 조회/해지,VAS_GUIDE_NO_CTA,N,2026-09-15T20:51:00,synthetic-seeder
120447,2026-09-15,304471,THREAD-VAS-P-5-047,RUN-VAS-P-5-047-1,부가서비스 해지,부가서비스 조회/해지 화면으로 이동할 수 있습니다.,2026-09-15T18:52:00,failed,660.0,False,initial,부가서비스 조회/해지,VAS_GUIDE_NO_CTA,N,2026-09-15T20:52:00,synthetic-seeder
120448,2026-09-15,304481,THREAD-VAS-P-5-048,RUN-VAS-P-5-048-1,부가서비스 끄기,부가서비스 조회/해지 화면으로 이동할 수 있습니다.,2026-09-15T18:53:00,failed,520.0,False,initial,부가서비스 조회/해지,VAS_GUIDE_NO_CTA,N,2026-09-15T20:53:00,synthetic-seeder
120449,2026-09-15,304491,THREAD-VAS-P-5-049,RUN-VAS-P-5-049-1,안 쓰는 서비스 빼기,부가서비스 조회/해지 화면으로 이동할 수 있습니다.,2026-09-15T18:54:00,failed,540.0,False,initial,부가서비스 조회/해지,VAS_GUIDE_NO_CTA,N,2026-09-15T20:54:00,synthetic-seeder
120450,2026-09-15,304501,THREAD-VAS-P-5-050,RUN-VAS-P-5-050-1,내가 가입한 부가서비스,부가서비스 조회/해지 화면으로 이동할 수 있습니다.,2026-09-15T18:55:00,failed,560.0,False,initial,부가서비스 조회/해지,VAS_GUIDE_NO_CTA,N,2026-09-15T20:55:00,synthetic-seeder
120501,2026-09-16,305011,THREAD-VAS-P-6-001,RUN-VAS-P-6-001-1,안 쓰는 서비스 빼기,부가서비스 조회/해지 화면으로 이동할 수 있습니다.,2026-09-16T18:06:00,completed,540.0,False,initial,부가서비스 조회/해지,VAS_GUIDE_WITH_CTA,N,2026-09-16T20:06:00,synthetic-seeder
120501,2026-09-16,305012,THREAD-VAS-P-6-001,RUN-VAS-P-6-001-2,내가 가입한 부가서비스,부가서비스 조회/해지 화면으로 이동할 수 있습니다.,2026-09-16T18:11:00,completed,540.0,True,repeat,부가서비스 조회/해지,VAS_GUIDE_WITH_CTA,N,2026-09-16T20:11:00,synthetic-seeder
120502,2026-09-16,305021,THREAD-VAS-P-6-002,RUN-VAS-P-6-002-1,내가 가입한 부가서비스,부가서비스 조회/해지 화면으로 이동할 수 있습니다.,2026-09-16T18:07:00,completed,560.0,False,initial,부가서비스 조회/해지,VAS_GUIDE_WITH_CTA,N,2026-09-16T20:07:00,synthetic-seeder
120502,2026-09-16,305022,THREAD-VAS-P-6-002,RUN-VAS-P-6-002-2,부가서비스 확인,부가서비스 조회/해지 화면으로 이동할 수 있습니다.,2026-09-16T18:12:00,completed,560.0,True,repeat,부가서비스 조회/해지,VAS_GUIDE_WITH_CTA,N,2026-09-16T20:12:00,synthetic-seeder
120503,2026-09-16,305031,THREAD-VAS-P-6-003,RUN-VAS-P-6-003-1,부가서비스 확인,부가서비스 조회/해지 화면으로 이동할 수 있습니다.,2026-09-16T18:08:00,completed,580.0,False,initial,부가서비스 조회/해지,VAS_GUIDE_WITH_CTA,N,2026-09-16T20:08:00,synthetic-seeder
120503,2026-09-16,305032,THREAD-VAS-P-6-003,RUN-VAS-P-6-003-2,부가서비스 변경,부가서비스 조회/해지 화면으로 이동할 수 있습니다.,2026-09-16T18:13:00,completed,580.0,True,repeat,부가서비스 조회/해지,VAS_GUIDE_WITH_CTA,N,2026-09-16T20:13:00,synthetic-seeder
120504,2026-09-16,305041,THREAD-VAS-P-6-004,RUN-VAS-P-6-004-1,부가서비스 변경,부가서비스 조회/해지 화면으로 이동할 수 있습니다.,2026-09-16T18:09:00,completed,600.0,False,initial,부가서비스 조회/해지,VAS_GUIDE_WITH_CTA,N,2026-09-16T20:09:00,synthetic-seeder
120504,2026-09-16,305042,THREAD-VAS-P-6-004,RUN-VAS-P-6-004-2,부가서비스 해지,부가서비스 조회/해지 화면으로 이동할 수 있습니다.,2026-09-16T18:14:00,completed,600.0,True,repeat,부가서비스 조회/해지,VAS_GUIDE_WITH_CTA,N,2026-09-16T20:14:00,synthetic-seeder
120505,2026-09-16,305051,THREAD-VAS-P-6-005,RUN-VAS-P-6-005-1,부가서비스 해지,부가서비스 조회/해지 화면으로 이동할 수 있습니다.,2026-09-16T18:10:00,completed,620.0,False,initial,부가서비스 조회/해지,VAS_GUIDE_WITH_CTA,N,2026-09-16T20:10:00,synthetic-seeder
120505,2026-09-16,305052,THREAD-VAS-P-6-005,RUN-VAS-P-6-005-2,부가서비스 끄기,부가서비스 조회/해지 화면으로 이동할 수 있습니다.,2026-09-16T18:15:00,completed,620.0,True,repeat,부가서비스 조회/해지,VAS_GUIDE_WITH_CTA,N,2026-09-16T20:15:00,synthetic-seeder
120506,2026-09-16,305061,THREAD-VAS-P-6-006,RUN-VAS-P-6-006-1,부가서비스 끄기,부가서비스 조회/해지 화면으로 이동할 수 있습니다.,2026-09-16T18:11:00,completed,640.0,False,initial,부가서비스 조회/해지,VAS_GUIDE_WITH_CTA,N,2026-09-16T20:11:00,synthetic-seeder
120506,2026-09-16,305062,THREAD-VAS-P-6-006,RUN-VAS-P-6-006-2,안 쓰는 서비스 빼기,부가서비스 조회/해지 화면으로 이동할 수 있습니다.,2026-09-16T18:16:00,completed,640.0,True,repeat,부가서비스 조회/해지,VAS_GUIDE_WITH_CTA,N,2026-09-16T20:16:00,synthetic-seeder
120507,2026-09-16,305071,THREAD-VAS-P-6-007,RUN-VAS-P-6-007-1,안 쓰는 서비스 빼기,부가서비스 조회/해지 화면으로 이동할 수 있습니다.,2026-09-16T18:12:00,completed,660.0,False,initial,부가서비스 조회/해지,VAS_GUIDE_WITH_CTA,N,2026-09-16T20:12:00,synthetic-seeder
120507,2026-09-16,305072,THREAD-VAS-P-6-007,RUN-VAS-P-6-007-2,내가 가입한 부가서비스,부가서비스 조회/해지 화면으로 이동할 수 있습니다.,2026-09-16T18:17:00,completed,660.0,True,repeat,부가서비스 조회/해지,VAS_GUIDE_WITH_CTA,N,2026-09-16T20:17:00,synthetic-seeder
120508,2026-09-16,305081,THREAD-VAS-P-6-008,RUN-VAS-P-6-008-1,내가 가입한 부가서비스,부가서비스 조회/해지 화면으로 이동할 수 있습니다.,2026-09-16T18:13:00,completed,520.0,False,initial,부가서비스 조회/해지,VAS_GUIDE_WITH_CTA,N,2026-09-16T20:13:00,synthetic-seeder
120508,2026-09-16,305082,THREAD-VAS-P-6-008,RUN-VAS-P-6-008-2,부가서비스 확인,부가서비스 조회/해지 화면으로 이동할 수 있습니다.,2026-09-16T18:18:00,completed,520.0,True,repeat,부가서비스 조회/해지,VAS_GUIDE_WITH_CTA,N,2026-09-16T20:18:00,synthetic-seeder
120509,2026-09-16,305091,THREAD-VAS-P-6-009,RUN-VAS-P-6-009-1,부가서비스 확인,부가서비스 조회/해지 화면으로 이동할 수 있습니다.,2026-09-16T18:14:00,completed,540.0,False,initial,부가서비스 조회/해지,VAS_GUIDE_WITH_CTA,N,2026-09-16T20:14:00,synthetic-seeder
120509,2026-09-16,305092,THREAD-VAS-P-6-009,RUN-VAS-P-6-009-2,부가서비스 변경,부가서비스 조회/해지 화면으로 이동할 수 있습니다.,2026-09-16T18:19:00,completed,540.0,True,repeat,부가서비스 조회/해지,VAS_GUIDE_WITH_CTA,N,2026-09-16T20:19:00,synthetic-seeder
120510,2026-09-16,305101,THREAD-VAS-P-6-010,RUN-VAS-P-6-010-1,부가서비스 변경,부가서비스 조회/해지 화면으로 이동할 수 있습니다.,2026-09-16T18:15:00,completed,560.0,False,initial,부가서비스 조회/해지,VAS_GUIDE_WITH_CTA,N,2026-09-16T20:15:00,synthetic-seeder
120510,2026-09-16,305102,THREAD-VAS-P-6-010,RUN-VAS-P-6-010-2,부가서비스 해지,부가서비스 조회/해지 화면으로 이동할 수 있습니다.,2026-09-16T18:20:00,completed,560.0,True,repeat,부가서비스 조회/해지,VAS_GUIDE_WITH_CTA,N,2026-09-16T20:20:00,synthetic-seeder
120511,2026-09-16,305111,THREAD-VAS-P-6-011,RUN-VAS-P-6-011-1,부가서비스 해지,부가서비스 조회/해지 화면으로 이동할 수 있습니다.,2026-09-16T18:16:00,completed,580.0,False,initial,부가서비스 조회/해지,VAS_GUIDE_WITH_CTA,N,2026-09-16T20:16:00,synthetic-seeder
120512,2026-09-16,305121,THREAD-VAS-P-6-012,RUN-VAS-P-6-012-1,부가서비스 끄기,부가서비스 조회/해지 화면으로 이동할 수 있습니다.,2026-09-16T18:17:00,completed,600.0,False,initial,부가서비스 조회/해지,VAS_GUIDE_WITH_CTA,N,2026-09-16T20:17:00,synthetic-seeder
120513,2026-09-16,305131,THREAD-VAS-P-6-013,RUN-VAS-P-6-013-1,안 쓰는 서비스 빼기,부가서비스 조회/해지 화면으로 이동할 수 있습니다.,2026-09-16T18:18:00,completed,620.0,False,initial,부가서비스 조회/해지,VAS_GUIDE_WITH_CTA,N,2026-09-16T20:18:00,synthetic-seeder
120514,2026-09-16,305141,THREAD-VAS-P-6-014,RUN-VAS-P-6-014-1,내가 가입한 부가서비스,부가서비스 조회/해지 화면으로 이동할 수 있습니다.,2026-09-16T18:19:00,completed,640.0,False,initial,부가서비스 조회/해지,VAS_GUIDE_WITH_CTA,N,2026-09-16T20:19:00,synthetic-seeder
120515,2026-09-16,305151,THREAD-VAS-P-6-015,RUN-VAS-P-6-015-1,부가서비스 확인,부가서비스 조회/해지 화면으로 이동할 수 있습니다.,2026-09-16T18:20:00,completed,660.0,False,initial,부가서비스 조회/해지,VAS_GUIDE_WITH_CTA,N,2026-09-16T20:20:00,synthetic-seeder
120516,2026-09-16,305161,THREAD-VAS-P-6-016,RUN-VAS-P-6-016-1,부가서비스 변경,부가서비스 조회/해지 화면으로 이동할 수 있습니다.,2026-09-16T18:21:00,completed,520.0,False,initial,부가서비스 조회/해지,VAS_GUIDE_WITH_CTA,N,2026-09-16T20:21:00,synthetic-seeder
120517,2026-09-16,305171,THREAD-VAS-P-6-017,RUN-VAS-P-6-017-1,부가서비스 해지,부가서비스 조회/해지 화면으로 이동할 수 있습니다.,2026-09-16T18:22:00,completed,540.0,False,initial,부가서비스 조회/해지,VAS_GUIDE_WITH_CTA,N,2026-09-16T20:22:00,synthetic-seeder
120518,2026-09-16,305181,THREAD-VAS-P-6-018,RUN-VAS-P-6-018-1,부가서비스 끄기,부가서비스 조회/해지 화면으로 이동할 수 있습니다.,2026-09-16T18:23:00,completed,560.0,False,initial,부가서비스 조회/해지,VAS_GUIDE_WITH_CTA,N,2026-09-16T20:23:00,synthetic-seeder
120519,2026-09-16,305191,THREAD-VAS-P-6-019,RUN-VAS-P-6-019-1,안 쓰는 서비스 빼기,부가서비스 조회/해지 화면으로 이동할 수 있습니다.,2026-09-16T18:24:00,completed,580.0,False,initial,부가서비스 조회/해지,VAS_GUIDE_WITH_CTA,N,2026-09-16T20:24:00,synthetic-seeder
120520,2026-09-16,305201,THREAD-VAS-P-6-020,RUN-VAS-P-6-020-1,내가 가입한 부가서비스,부가서비스 조회/해지 화면으로 이동할 수 있습니다.,2026-09-16T18:25:00,completed,600.0,False,initial,부가서비스 조회/해지,VAS_GUIDE_WITH_CTA,N,2026-09-16T20:25:00,synthetic-seeder
120521,2026-09-16,305211,THREAD-VAS-P-6-021,RUN-VAS-P-6-021-1,부가서비스 확인,부가서비스 조회/해지 화면으로 이동할 수 있습니다.,2026-09-16T18:26:00,completed,620.0,False,initial,부가서비스 조회/해지,VAS_GUIDE_WITH_CTA,N,2026-09-16T20:26:00,synthetic-seeder
120522,2026-09-16,305221,THREAD-VAS-P-6-022,RUN-VAS-P-6-022-1,부가서비스 변경,부가서비스 조회/해지 화면으로 이동할 수 있습니다.,2026-09-16T18:27:00,completed,640.0,False,initial,부가서비스 조회/해지,VAS_GUIDE_WITH_CTA,N,2026-09-16T20:27:00,synthetic-seeder
120523,2026-09-16,305231,THREAD-VAS-P-6-023,RUN-VAS-P-6-023-1,부가서비스 해지,부가서비스 조회/해지 화면으로 이동할 수 있습니다.,2026-09-16T18:28:00,completed,660.0,False,initial,부가서비스 조회/해지,VAS_GUIDE_WITH_CTA,N,2026-09-16T20:28:00,synthetic-seeder
120524,2026-09-16,305241,THREAD-VAS-P-6-024,RUN-VAS-P-6-024-1,부가서비스 끄기,부가서비스 조회/해지 화면으로 이동할 수 있습니다.,2026-09-16T18:29:00,completed,520.0,False,initial,부가서비스 조회/해지,VAS_GUIDE_WITH_CTA,N,2026-09-16T20:29:00,synthetic-seeder
120525,2026-09-16,305251,THREAD-VAS-P-6-025,RUN-VAS-P-6-025-1,안 쓰는 서비스 빼기,부가서비스 조회/해지 화면으로 이동할 수 있습니다.,2026-09-16T18:30:00,completed,540.0,False,initial,부가서비스 조회/해지,VAS_GUIDE_WITH_CTA,N,2026-09-16T20:30:00,synthetic-seeder
120526,2026-09-16,305261,THREAD-VAS-P-6-026,RUN-VAS-P-6-026-1,내가 가입한 부가서비스,부가서비스 조회/해지 화면으로 이동할 수 있습니다.,2026-09-16T18:31:00,completed,560.0,False,initial,부가서비스 조회/해지,VAS_GUIDE_WITH_CTA,N,2026-09-16T20:31:00,synthetic-seeder
120527,2026-09-16,305271,THREAD-VAS-P-6-027,RUN-VAS-P-6-027-1,부가서비스 확인,부가서비스 조회/해지 화면으로 이동할 수 있습니다.,2026-09-16T18:32:00,completed,580.0,False,initial,부가서비스 조회/해지,VAS_GUIDE_WITH_CTA,N,2026-09-16T20:32:00,synthetic-seeder
120528,2026-09-16,305281,THREAD-VAS-P-6-028,RUN-VAS-P-6-028-1,부가서비스 변경,부가서비스 조회/해지 화면으로 이동할 수 있습니다.,2026-09-16T18:33:00,completed,600.0,False,initial,부가서비스 조회/해지,VAS_GUIDE_WITH_CTA,N,2026-09-16T20:33:00,synthetic-seeder
120529,2026-09-16,305291,THREAD-VAS-P-6-029,RUN-VAS-P-6-029-1,부가서비스 해지,부가서비스 조회/해지 화면으로 이동할 수 있습니다.,2026-09-16T18:34:00,completed,620.0,False,initial,부가서비스 조회/해지,VAS_GUIDE_WITH_CTA,N,2026-09-16T20:34:00,synthetic-seeder
120530,2026-09-16,305301,THREAD-VAS-P-6-030,RUN-VAS-P-6-030-1,부가서비스 끄기,부가서비스 조회/해지 화면으로 이동할 수 있습니다.,2026-09-16T18:35:00,completed,640.0,False,initial,부가서비스 조회/해지,VAS_GUIDE_WITH_CTA,N,2026-09-16T20:35:00,synthetic-seeder
120531,2026-09-16,305311,THREAD-VAS-P-6-031,RUN-VAS-P-6-031-1,안 쓰는 서비스 빼기,부가서비스 조회/해지 화면으로 이동할 수 있습니다.,2026-09-16T18:36:00,completed,660.0,False,initial,부가서비스 조회/해지,VAS_GUIDE_WITH_CTA,N,2026-09-16T20:36:00,synthetic-seeder
120532,2026-09-16,305321,THREAD-VAS-P-6-032,RUN-VAS-P-6-032-1,내가 가입한 부가서비스,부가서비스 조회/해지 화면으로 이동할 수 있습니다.,2026-09-16T18:37:00,completed,520.0,False,initial,부가서비스 조회/해지,VAS_GUIDE_WITH_CTA,N,2026-09-16T20:37:00,synthetic-seeder
120533,2026-09-16,305331,THREAD-VAS-P-6-033,RUN-VAS-P-6-033-1,부가서비스 확인,부가서비스 조회/해지 화면으로 이동할 수 있습니다.,2026-09-16T18:38:00,completed,540.0,False,initial,부가서비스 조회/해지,VAS_GUIDE_WITH_CTA,N,2026-09-16T20:38:00,synthetic-seeder
120534,2026-09-16,305341,THREAD-VAS-P-6-034,RUN-VAS-P-6-034-1,부가서비스 변경,부가서비스 조회/해지 화면으로 이동할 수 있습니다.,2026-09-16T18:39:00,completed,560.0,False,initial,부가서비스 조회/해지,VAS_GUIDE_WITH_CTA,N,2026-09-16T20:39:00,synthetic-seeder
120535,2026-09-16,305351,THREAD-VAS-P-6-035,RUN-VAS-P-6-035-1,부가서비스 해지,부가서비스 조회/해지 화면으로 이동할 수 있습니다.,2026-09-16T18:40:00,completed,580.0,False,initial,부가서비스 조회/해지,VAS_GUIDE_WITH_CTA,N,2026-09-16T20:40:00,synthetic-seeder
120536,2026-09-16,305361,THREAD-VAS-P-6-036,RUN-VAS-P-6-036-1,부가서비스 끄기,부가서비스 조회/해지 화면으로 이동할 수 있습니다.,2026-09-16T18:41:00,completed,600.0,False,initial,부가서비스 조회/해지,VAS_GUIDE_WITH_CTA,N,2026-09-16T20:41:00,synthetic-seeder
120537,2026-09-16,305371,THREAD-VAS-P-6-037,RUN-VAS-P-6-037-1,안 쓰는 서비스 빼기,부가서비스 조회/해지 화면으로 이동할 수 있습니다.,2026-09-16T18:42:00,completed,620.0,False,initial,부가서비스 조회/해지,VAS_GUIDE_WITH_CTA,N,2026-09-16T20:42:00,synthetic-seeder
120538,2026-09-16,305381,THREAD-VAS-P-6-038,RUN-VAS-P-6-038-1,내가 가입한 부가서비스,부가서비스 조회/해지 화면으로 이동할 수 있습니다.,2026-09-16T18:43:00,completed,640.0,False,initial,부가서비스 조회/해지,VAS_GUIDE_WITH_CTA,N,2026-09-16T20:43:00,synthetic-seeder
120539,2026-09-16,305391,THREAD-VAS-P-6-039,RUN-VAS-P-6-039-1,부가서비스 확인,부가서비스 조회/해지 화면으로 이동할 수 있습니다.,2026-09-16T18:44:00,completed,660.0,False,initial,부가서비스 조회/해지,VAS_GUIDE_WITH_CTA,N,2026-09-16T20:44:00,synthetic-seeder
120540,2026-09-16,305401,THREAD-VAS-P-6-040,RUN-VAS-P-6-040-1,부가서비스 변경,부가서비스 조회/해지 화면으로 이동할 수 있습니다.,2026-09-16T18:45:00,completed,520.0,False,initial,부가서비스 조회/해지,VAS_GUIDE_WITH_CTA,N,2026-09-16T20:45:00,synthetic-seeder
120541,2026-09-16,305411,THREAD-VAS-P-6-041,RUN-VAS-P-6-041-1,부가서비스 해지,부가서비스 조회/해지 화면으로 이동할 수 있습니다.,2026-09-16T18:46:00,completed,540.0,False,initial,부가서비스 조회/해지,VAS_GUIDE_WITH_CTA,N,2026-09-16T20:46:00,synthetic-seeder
120542,2026-09-16,305421,THREAD-VAS-P-6-042,RUN-VAS-P-6-042-1,부가서비스 끄기,부가서비스 조회/해지 화면으로 이동할 수 있습니다.,2026-09-16T18:47:00,completed,560.0,False,initial,부가서비스 조회/해지,VAS_GUIDE_WITH_CTA,N,2026-09-16T20:47:00,synthetic-seeder
120543,2026-09-16,305431,THREAD-VAS-P-6-043,RUN-VAS-P-6-043-1,안 쓰는 서비스 빼기,부가서비스 조회/해지 화면으로 이동할 수 있습니다.,2026-09-16T18:48:00,completed,580.0,False,initial,부가서비스 조회/해지,VAS_GUIDE_WITH_CTA,N,2026-09-16T20:48:00,synthetic-seeder
120544,2026-09-16,305441,THREAD-VAS-P-6-044,RUN-VAS-P-6-044-1,내가 가입한 부가서비스,부가서비스 조회/해지 화면으로 이동할 수 있습니다.,2026-09-16T18:49:00,completed,600.0,False,initial,부가서비스 조회/해지,VAS_GUIDE_WITH_CTA,N,2026-09-16T20:49:00,synthetic-seeder
120545,2026-09-16,305451,THREAD-VAS-P-6-045,RUN-VAS-P-6-045-1,부가서비스 확인,부가서비스 조회/해지 화면으로 이동할 수 있습니다.,2026-09-16T18:50:00,completed,620.0,False,initial,부가서비스 조회/해지,VAS_GUIDE_WITH_CTA,N,2026-09-16T20:50:00,synthetic-seeder
120546,2026-09-16,305461,THREAD-VAS-P-6-046,RUN-VAS-P-6-046-1,부가서비스 변경,부가서비스 조회/해지 화면으로 이동할 수 있습니다.,2026-09-16T18:51:00,failed,640.0,False,initial,부가서비스 조회/해지,VAS_GUIDE_NO_CTA,N,2026-09-16T20:51:00,synthetic-seeder
120547,2026-09-16,305471,THREAD-VAS-P-6-047,RUN-VAS-P-6-047-1,부가서비스 해지,부가서비스 조회/해지 화면으로 이동할 수 있습니다.,2026-09-16T18:52:00,failed,660.0,False,initial,부가서비스 조회/해지,VAS_GUIDE_NO_CTA,N,2026-09-16T20:52:00,synthetic-seeder
120548,2026-09-16,305481,THREAD-VAS-P-6-048,RUN-VAS-P-6-048-1,부가서비스 끄기,부가서비스 조회/해지 화면으로 이동할 수 있습니다.,2026-09-16T18:53:00,failed,520.0,False,initial,부가서비스 조회/해지,VAS_GUIDE_NO_CTA,N,2026-09-16T20:53:00,synthetic-seeder
120549,2026-09-16,305491,THREAD-VAS-P-6-049,RUN-VAS-P-6-049-1,안 쓰는 서비스 빼기,부가서비스 조회/해지 화면으로 이동할 수 있습니다.,2026-09-16T18:54:00,failed,540.0,False,initial,부가서비스 조회/해지,VAS_GUIDE_NO_CTA,N,2026-09-16T20:54:00,synthetic-seeder
120550,2026-09-16,305501,THREAD-VAS-P-6-050,RUN-VAS-P-6-050-1,내가 가입한 부가서비스,부가서비스 조회/해지 화면으로 이동할 수 있습니다.,2026-09-16T18:55:00,failed,560.0,False,initial,부가서비스 조회/해지,VAS_GUIDE_NO_CTA,N,2026-09-16T20:55:00,synthetic-seeder
120601,2026-09-17,306011,THREAD-VAS-P-7-001,RUN-VAS-P-7-001-1,안 쓰는 서비스 빼기,부가서비스 조회/해지 화면으로 이동할 수 있습니다.,2026-09-17T18:06:00,completed,540.0,False,initial,부가서비스 조회/해지,VAS_GUIDE_WITH_CTA,N,2026-09-17T20:06:00,synthetic-seeder
120601,2026-09-17,306012,THREAD-VAS-P-7-001,RUN-VAS-P-7-001-2,내가 가입한 부가서비스,부가서비스 조회/해지 화면으로 이동할 수 있습니다.,2026-09-17T18:11:00,completed,540.0,True,repeat,부가서비스 조회/해지,VAS_GUIDE_WITH_CTA,N,2026-09-17T20:11:00,synthetic-seeder
120602,2026-09-17,306021,THREAD-VAS-P-7-002,RUN-VAS-P-7-002-1,내가 가입한 부가서비스,부가서비스 조회/해지 화면으로 이동할 수 있습니다.,2026-09-17T18:07:00,completed,560.0,False,initial,부가서비스 조회/해지,VAS_GUIDE_WITH_CTA,N,2026-09-17T20:07:00,synthetic-seeder
120602,2026-09-17,306022,THREAD-VAS-P-7-002,RUN-VAS-P-7-002-2,부가서비스 확인,부가서비스 조회/해지 화면으로 이동할 수 있습니다.,2026-09-17T18:12:00,completed,560.0,True,repeat,부가서비스 조회/해지,VAS_GUIDE_WITH_CTA,N,2026-09-17T20:12:00,synthetic-seeder
120603,2026-09-17,306031,THREAD-VAS-P-7-003,RUN-VAS-P-7-003-1,부가서비스 확인,부가서비스 조회/해지 화면으로 이동할 수 있습니다.,2026-09-17T18:08:00,completed,580.0,False,initial,부가서비스 조회/해지,VAS_GUIDE_WITH_CTA,N,2026-09-17T20:08:00,synthetic-seeder
120603,2026-09-17,306032,THREAD-VAS-P-7-003,RUN-VAS-P-7-003-2,부가서비스 변경,부가서비스 조회/해지 화면으로 이동할 수 있습니다.,2026-09-17T18:13:00,completed,580.0,True,repeat,부가서비스 조회/해지,VAS_GUIDE_WITH_CTA,N,2026-09-17T20:13:00,synthetic-seeder
120604,2026-09-17,306041,THREAD-VAS-P-7-004,RUN-VAS-P-7-004-1,부가서비스 변경,부가서비스 조회/해지 화면으로 이동할 수 있습니다.,2026-09-17T18:09:00,completed,600.0,False,initial,부가서비스 조회/해지,VAS_GUIDE_WITH_CTA,N,2026-09-17T20:09:00,synthetic-seeder
120604,2026-09-17,306042,THREAD-VAS-P-7-004,RUN-VAS-P-7-004-2,부가서비스 해지,부가서비스 조회/해지 화면으로 이동할 수 있습니다.,2026-09-17T18:14:00,completed,600.0,True,repeat,부가서비스 조회/해지,VAS_GUIDE_WITH_CTA,N,2026-09-17T20:14:00,synthetic-seeder
120605,2026-09-17,306051,THREAD-VAS-P-7-005,RUN-VAS-P-7-005-1,부가서비스 해지,부가서비스 조회/해지 화면으로 이동할 수 있습니다.,2026-09-17T18:10:00,completed,620.0,False,initial,부가서비스 조회/해지,VAS_GUIDE_WITH_CTA,N,2026-09-17T20:10:00,synthetic-seeder
120605,2026-09-17,306052,THREAD-VAS-P-7-005,RUN-VAS-P-7-005-2,부가서비스 끄기,부가서비스 조회/해지 화면으로 이동할 수 있습니다.,2026-09-17T18:15:00,completed,620.0,True,repeat,부가서비스 조회/해지,VAS_GUIDE_WITH_CTA,N,2026-09-17T20:15:00,synthetic-seeder
120606,2026-09-17,306061,THREAD-VAS-P-7-006,RUN-VAS-P-7-006-1,부가서비스 끄기,부가서비스 조회/해지 화면으로 이동할 수 있습니다.,2026-09-17T18:11:00,completed,640.0,False,initial,부가서비스 조회/해지,VAS_GUIDE_WITH_CTA,N,2026-09-17T20:11:00,synthetic-seeder
120606,2026-09-17,306062,THREAD-VAS-P-7-006,RUN-VAS-P-7-006-2,안 쓰는 서비스 빼기,부가서비스 조회/해지 화면으로 이동할 수 있습니다.,2026-09-17T18:16:00,completed,640.0,True,repeat,부가서비스 조회/해지,VAS_GUIDE_WITH_CTA,N,2026-09-17T20:16:00,synthetic-seeder
120607,2026-09-17,306071,THREAD-VAS-P-7-007,RUN-VAS-P-7-007-1,안 쓰는 서비스 빼기,부가서비스 조회/해지 화면으로 이동할 수 있습니다.,2026-09-17T18:12:00,completed,660.0,False,initial,부가서비스 조회/해지,VAS_GUIDE_WITH_CTA,N,2026-09-17T20:12:00,synthetic-seeder
120607,2026-09-17,306072,THREAD-VAS-P-7-007,RUN-VAS-P-7-007-2,내가 가입한 부가서비스,부가서비스 조회/해지 화면으로 이동할 수 있습니다.,2026-09-17T18:17:00,completed,660.0,True,repeat,부가서비스 조회/해지,VAS_GUIDE_WITH_CTA,N,2026-09-17T20:17:00,synthetic-seeder
120608,2026-09-17,306081,THREAD-VAS-P-7-008,RUN-VAS-P-7-008-1,내가 가입한 부가서비스,부가서비스 조회/해지 화면으로 이동할 수 있습니다.,2026-09-17T18:13:00,completed,520.0,False,initial,부가서비스 조회/해지,VAS_GUIDE_WITH_CTA,N,2026-09-17T20:13:00,synthetic-seeder
120608,2026-09-17,306082,THREAD-VAS-P-7-008,RUN-VAS-P-7-008-2,부가서비스 확인,부가서비스 조회/해지 화면으로 이동할 수 있습니다.,2026-09-17T18:18:00,completed,520.0,True,repeat,부가서비스 조회/해지,VAS_GUIDE_WITH_CTA,N,2026-09-17T20:18:00,synthetic-seeder
120609,2026-09-17,306091,THREAD-VAS-P-7-009,RUN-VAS-P-7-009-1,부가서비스 확인,부가서비스 조회/해지 화면으로 이동할 수 있습니다.,2026-09-17T18:14:00,completed,540.0,False,initial,부가서비스 조회/해지,VAS_GUIDE_WITH_CTA,N,2026-09-17T20:14:00,synthetic-seeder
120610,2026-09-17,306101,THREAD-VAS-P-7-010,RUN-VAS-P-7-010-1,부가서비스 변경,부가서비스 조회/해지 화면으로 이동할 수 있습니다.,2026-09-17T18:15:00,completed,560.0,False,initial,부가서비스 조회/해지,VAS_GUIDE_WITH_CTA,N,2026-09-17T20:15:00,synthetic-seeder
120611,2026-09-17,306111,THREAD-VAS-P-7-011,RUN-VAS-P-7-011-1,부가서비스 해지,부가서비스 조회/해지 화면으로 이동할 수 있습니다.,2026-09-17T18:16:00,completed,580.0,False,initial,부가서비스 조회/해지,VAS_GUIDE_WITH_CTA,N,2026-09-17T20:16:00,synthetic-seeder
120612,2026-09-17,306121,THREAD-VAS-P-7-012,RUN-VAS-P-7-012-1,부가서비스 끄기,부가서비스 조회/해지 화면으로 이동할 수 있습니다.,2026-09-17T18:17:00,completed,600.0,False,initial,부가서비스 조회/해지,VAS_GUIDE_WITH_CTA,N,2026-09-17T20:17:00,synthetic-seeder
120613,2026-09-17,306131,THREAD-VAS-P-7-013,RUN-VAS-P-7-013-1,안 쓰는 서비스 빼기,부가서비스 조회/해지 화면으로 이동할 수 있습니다.,2026-09-17T18:18:00,completed,620.0,False,initial,부가서비스 조회/해지,VAS_GUIDE_WITH_CTA,N,2026-09-17T20:18:00,synthetic-seeder
120614,2026-09-17,306141,THREAD-VAS-P-7-014,RUN-VAS-P-7-014-1,내가 가입한 부가서비스,부가서비스 조회/해지 화면으로 이동할 수 있습니다.,2026-09-17T18:19:00,completed,640.0,False,initial,부가서비스 조회/해지,VAS_GUIDE_WITH_CTA,N,2026-09-17T20:19:00,synthetic-seeder
120615,2026-09-17,306151,THREAD-VAS-P-7-015,RUN-VAS-P-7-015-1,부가서비스 확인,부가서비스 조회/해지 화면으로 이동할 수 있습니다.,2026-09-17T18:20:00,completed,660.0,False,initial,부가서비스 조회/해지,VAS_GUIDE_WITH_CTA,N,2026-09-17T20:20:00,synthetic-seeder
120616,2026-09-17,306161,THREAD-VAS-P-7-016,RUN-VAS-P-7-016-1,부가서비스 변경,부가서비스 조회/해지 화면으로 이동할 수 있습니다.,2026-09-17T18:21:00,completed,520.0,False,initial,부가서비스 조회/해지,VAS_GUIDE_WITH_CTA,N,2026-09-17T20:21:00,synthetic-seeder
120617,2026-09-17,306171,THREAD-VAS-P-7-017,RUN-VAS-P-7-017-1,부가서비스 해지,부가서비스 조회/해지 화면으로 이동할 수 있습니다.,2026-09-17T18:22:00,completed,540.0,False,initial,부가서비스 조회/해지,VAS_GUIDE_WITH_CTA,N,2026-09-17T20:22:00,synthetic-seeder
120618,2026-09-17,306181,THREAD-VAS-P-7-018,RUN-VAS-P-7-018-1,부가서비스 끄기,부가서비스 조회/해지 화면으로 이동할 수 있습니다.,2026-09-17T18:23:00,completed,560.0,False,initial,부가서비스 조회/해지,VAS_GUIDE_WITH_CTA,N,2026-09-17T20:23:00,synthetic-seeder
120619,2026-09-17,306191,THREAD-VAS-P-7-019,RUN-VAS-P-7-019-1,안 쓰는 서비스 빼기,부가서비스 조회/해지 화면으로 이동할 수 있습니다.,2026-09-17T18:24:00,completed,580.0,False,initial,부가서비스 조회/해지,VAS_GUIDE_WITH_CTA,N,2026-09-17T20:24:00,synthetic-seeder
120620,2026-09-17,306201,THREAD-VAS-P-7-020,RUN-VAS-P-7-020-1,내가 가입한 부가서비스,부가서비스 조회/해지 화면으로 이동할 수 있습니다.,2026-09-17T18:25:00,completed,600.0,False,initial,부가서비스 조회/해지,VAS_GUIDE_WITH_CTA,N,2026-09-17T20:25:00,synthetic-seeder
120621,2026-09-17,306211,THREAD-VAS-P-7-021,RUN-VAS-P-7-021-1,부가서비스 확인,부가서비스 조회/해지 화면으로 이동할 수 있습니다.,2026-09-17T18:26:00,completed,620.0,False,initial,부가서비스 조회/해지,VAS_GUIDE_WITH_CTA,N,2026-09-17T20:26:00,synthetic-seeder
120622,2026-09-17,306221,THREAD-VAS-P-7-022,RUN-VAS-P-7-022-1,부가서비스 변경,부가서비스 조회/해지 화면으로 이동할 수 있습니다.,2026-09-17T18:27:00,completed,640.0,False,initial,부가서비스 조회/해지,VAS_GUIDE_WITH_CTA,N,2026-09-17T20:27:00,synthetic-seeder
120623,2026-09-17,306231,THREAD-VAS-P-7-023,RUN-VAS-P-7-023-1,부가서비스 해지,부가서비스 조회/해지 화면으로 이동할 수 있습니다.,2026-09-17T18:28:00,completed,660.0,False,initial,부가서비스 조회/해지,VAS_GUIDE_WITH_CTA,N,2026-09-17T20:28:00,synthetic-seeder
120624,2026-09-17,306241,THREAD-VAS-P-7-024,RUN-VAS-P-7-024-1,부가서비스 끄기,부가서비스 조회/해지 화면으로 이동할 수 있습니다.,2026-09-17T18:29:00,completed,520.0,False,initial,부가서비스 조회/해지,VAS_GUIDE_WITH_CTA,N,2026-09-17T20:29:00,synthetic-seeder
120625,2026-09-17,306251,THREAD-VAS-P-7-025,RUN-VAS-P-7-025-1,안 쓰는 서비스 빼기,부가서비스 조회/해지 화면으로 이동할 수 있습니다.,2026-09-17T18:30:00,completed,540.0,False,initial,부가서비스 조회/해지,VAS_GUIDE_WITH_CTA,N,2026-09-17T20:30:00,synthetic-seeder
120626,2026-09-17,306261,THREAD-VAS-P-7-026,RUN-VAS-P-7-026-1,내가 가입한 부가서비스,부가서비스 조회/해지 화면으로 이동할 수 있습니다.,2026-09-17T18:31:00,completed,560.0,False,initial,부가서비스 조회/해지,VAS_GUIDE_WITH_CTA,N,2026-09-17T20:31:00,synthetic-seeder
120627,2026-09-17,306271,THREAD-VAS-P-7-027,RUN-VAS-P-7-027-1,부가서비스 확인,부가서비스 조회/해지 화면으로 이동할 수 있습니다.,2026-09-17T18:32:00,completed,580.0,False,initial,부가서비스 조회/해지,VAS_GUIDE_WITH_CTA,N,2026-09-17T20:32:00,synthetic-seeder
120628,2026-09-17,306281,THREAD-VAS-P-7-028,RUN-VAS-P-7-028-1,부가서비스 변경,부가서비스 조회/해지 화면으로 이동할 수 있습니다.,2026-09-17T18:33:00,completed,600.0,False,initial,부가서비스 조회/해지,VAS_GUIDE_WITH_CTA,N,2026-09-17T20:33:00,synthetic-seeder
120629,2026-09-17,306291,THREAD-VAS-P-7-029,RUN-VAS-P-7-029-1,부가서비스 해지,부가서비스 조회/해지 화면으로 이동할 수 있습니다.,2026-09-17T18:34:00,completed,620.0,False,initial,부가서비스 조회/해지,VAS_GUIDE_WITH_CTA,N,2026-09-17T20:34:00,synthetic-seeder
120630,2026-09-17,306301,THREAD-VAS-P-7-030,RUN-VAS-P-7-030-1,부가서비스 끄기,부가서비스 조회/해지 화면으로 이동할 수 있습니다.,2026-09-17T18:35:00,completed,640.0,False,initial,부가서비스 조회/해지,VAS_GUIDE_WITH_CTA,N,2026-09-17T20:35:00,synthetic-seeder
120631,2026-09-17,306311,THREAD-VAS-P-7-031,RUN-VAS-P-7-031-1,안 쓰는 서비스 빼기,부가서비스 조회/해지 화면으로 이동할 수 있습니다.,2026-09-17T18:36:00,completed,660.0,False,initial,부가서비스 조회/해지,VAS_GUIDE_WITH_CTA,N,2026-09-17T20:36:00,synthetic-seeder
120632,2026-09-17,306321,THREAD-VAS-P-7-032,RUN-VAS-P-7-032-1,내가 가입한 부가서비스,부가서비스 조회/해지 화면으로 이동할 수 있습니다.,2026-09-17T18:37:00,completed,520.0,False,initial,부가서비스 조회/해지,VAS_GUIDE_WITH_CTA,N,2026-09-17T20:37:00,synthetic-seeder
120633,2026-09-17,306331,THREAD-VAS-P-7-033,RUN-VAS-P-7-033-1,부가서비스 확인,부가서비스 조회/해지 화면으로 이동할 수 있습니다.,2026-09-17T18:38:00,completed,540.0,False,initial,부가서비스 조회/해지,VAS_GUIDE_WITH_CTA,N,2026-09-17T20:38:00,synthetic-seeder
120634,2026-09-17,306341,THREAD-VAS-P-7-034,RUN-VAS-P-7-034-1,부가서비스 변경,부가서비스 조회/해지 화면으로 이동할 수 있습니다.,2026-09-17T18:39:00,completed,560.0,False,initial,부가서비스 조회/해지,VAS_GUIDE_WITH_CTA,N,2026-09-17T20:39:00,synthetic-seeder
120635,2026-09-17,306351,THREAD-VAS-P-7-035,RUN-VAS-P-7-035-1,부가서비스 해지,부가서비스 조회/해지 화면으로 이동할 수 있습니다.,2026-09-17T18:40:00,completed,580.0,False,initial,부가서비스 조회/해지,VAS_GUIDE_WITH_CTA,N,2026-09-17T20:40:00,synthetic-seeder
120636,2026-09-17,306361,THREAD-VAS-P-7-036,RUN-VAS-P-7-036-1,부가서비스 끄기,부가서비스 조회/해지 화면으로 이동할 수 있습니다.,2026-09-17T18:41:00,completed,600.0,False,initial,부가서비스 조회/해지,VAS_GUIDE_WITH_CTA,N,2026-09-17T20:41:00,synthetic-seeder
120637,2026-09-17,306371,THREAD-VAS-P-7-037,RUN-VAS-P-7-037-1,안 쓰는 서비스 빼기,부가서비스 조회/해지 화면으로 이동할 수 있습니다.,2026-09-17T18:42:00,completed,620.0,False,initial,부가서비스 조회/해지,VAS_GUIDE_WITH_CTA,N,2026-09-17T20:42:00,synthetic-seeder
120638,2026-09-17,306381,THREAD-VAS-P-7-038,RUN-VAS-P-7-038-1,내가 가입한 부가서비스,부가서비스 조회/해지 화면으로 이동할 수 있습니다.,2026-09-17T18:43:00,completed,640.0,False,initial,부가서비스 조회/해지,VAS_GUIDE_WITH_CTA,N,2026-09-17T20:43:00,synthetic-seeder
120639,2026-09-17,306391,THREAD-VAS-P-7-039,RUN-VAS-P-7-039-1,부가서비스 확인,부가서비스 조회/해지 화면으로 이동할 수 있습니다.,2026-09-17T18:44:00,completed,660.0,False,initial,부가서비스 조회/해지,VAS_GUIDE_WITH_CTA,N,2026-09-17T20:44:00,synthetic-seeder
120640,2026-09-17,306401,THREAD-VAS-P-7-040,RUN-VAS-P-7-040-1,부가서비스 변경,부가서비스 조회/해지 화면으로 이동할 수 있습니다.,2026-09-17T18:45:00,completed,520.0,False,initial,부가서비스 조회/해지,VAS_GUIDE_WITH_CTA,N,2026-09-17T20:45:00,synthetic-seeder
120641,2026-09-17,306411,THREAD-VAS-P-7-041,RUN-VAS-P-7-041-1,부가서비스 해지,부가서비스 조회/해지 화면으로 이동할 수 있습니다.,2026-09-17T18:46:00,completed,540.0,False,initial,부가서비스 조회/해지,VAS_GUIDE_WITH_CTA,N,2026-09-17T20:46:00,synthetic-seeder
120642,2026-09-17,306421,THREAD-VAS-P-7-042,RUN-VAS-P-7-042-1,부가서비스 끄기,부가서비스 조회/해지 화면으로 이동할 수 있습니다.,2026-09-17T18:47:00,completed,560.0,False,initial,부가서비스 조회/해지,VAS_GUIDE_WITH_CTA,N,2026-09-17T20:47:00,synthetic-seeder
120643,2026-09-17,306431,THREAD-VAS-P-7-043,RUN-VAS-P-7-043-1,안 쓰는 서비스 빼기,부가서비스 조회/해지 화면으로 이동할 수 있습니다.,2026-09-17T18:48:00,completed,580.0,False,initial,부가서비스 조회/해지,VAS_GUIDE_WITH_CTA,N,2026-09-17T20:48:00,synthetic-seeder
120644,2026-09-17,306441,THREAD-VAS-P-7-044,RUN-VAS-P-7-044-1,내가 가입한 부가서비스,부가서비스 조회/해지 화면으로 이동할 수 있습니다.,2026-09-17T18:49:00,completed,600.0,False,initial,부가서비스 조회/해지,VAS_GUIDE_WITH_CTA,N,2026-09-17T20:49:00,synthetic-seeder
120645,2026-09-17,306451,THREAD-VAS-P-7-045,RUN-VAS-P-7-045-1,부가서비스 확인,부가서비스 조회/해지 화면으로 이동할 수 있습니다.,2026-09-17T18:50:00,completed,620.0,False,initial,부가서비스 조회/해지,VAS_GUIDE_WITH_CTA,N,2026-09-17T20:50:00,synthetic-seeder
120646,2026-09-17,306461,THREAD-VAS-P-7-046,RUN-VAS-P-7-046-1,부가서비스 변경,부가서비스 조회/해지 화면으로 이동할 수 있습니다.,2026-09-17T18:51:00,completed,640.0,False,initial,부가서비스 조회/해지,VAS_GUIDE_WITH_CTA,N,2026-09-17T20:51:00,synthetic-seeder
120647,2026-09-17,306471,THREAD-VAS-P-7-047,RUN-VAS-P-7-047-1,부가서비스 해지,부가서비스 조회/해지 화면으로 이동할 수 있습니다.,2026-09-17T18:52:00,completed,660.0,False,initial,부가서비스 조회/해지,VAS_GUIDE_WITH_CTA,N,2026-09-17T20:52:00,synthetic-seeder
120648,2026-09-17,306481,THREAD-VAS-P-7-048,RUN-VAS-P-7-048-1,부가서비스 끄기,부가서비스 조회/해지 화면으로 이동할 수 있습니다.,2026-09-17T18:53:00,completed,520.0,False,initial,부가서비스 조회/해지,VAS_GUIDE_WITH_CTA,N,2026-09-17T20:53:00,synthetic-seeder
120649,2026-09-17,306491,THREAD-VAS-P-7-049,RUN-VAS-P-7-049-1,안 쓰는 서비스 빼기,부가서비스 조회/해지 화면으로 이동할 수 있습니다.,2026-09-17T18:54:00,completed,540.0,False,initial,부가서비스 조회/해지,VAS_GUIDE_WITH_CTA,N,2026-09-17T20:54:00,synthetic-seeder
120650,2026-09-17,306501,THREAD-VAS-P-7-050,RUN-VAS-P-7-050-1,내가 가입한 부가서비스,부가서비스 조회/해지 화면으로 이동할 수 있습니다.,2026-09-17T18:55:00,completed,560.0,False,initial,부가서비스 조회/해지,VAS_GUIDE_WITH_CTA,N,2026-09-17T20:55:00,synthetic-seeder
220005,2026-09-11,400051,THREAD-PAY-P-1-005,RUN-PAY-P-1-005-1,소액결제 한도 늘리기,동의 절차와 본인인증 단계를 확인합니다.,2026-09-11T18:10:00,completed,680.0,False,initial,소액결제 한도 변경,PAYMENT_GUIDE_V2,N,2026-09-11T20:10:00,synthetic-seeder
220005,2026-09-11,400052,THREAD-PAY-P-1-005,RUN-PAY-P-1-005-2,결제 한도 변경,동의 절차와 본인인증 단계를 확인합니다.,2026-09-11T18:15:00,completed,680.0,True,repeat,소액결제 한도 변경,PAYMENT_GUIDE_V2,N,2026-09-11T20:15:00,synthetic-seeder
220006,2026-09-11,400061,THREAD-PAY-P-1-006,RUN-PAY-P-1-006-1,결제 한도 변경,동의 절차와 본인인증 단계를 확인합니다.,2026-09-11T18:11:00,completed,700.0,False,initial,소액결제 한도 변경,PAYMENT_GUIDE_V2,N,2026-09-11T20:11:00,synthetic-seeder
220006,2026-09-11,400062,THREAD-PAY-P-1-006,RUN-PAY-P-1-006-2,한도 올리는 법,동의 절차와 본인인증 단계를 확인합니다.,2026-09-11T18:16:00,completed,700.0,True,repeat,소액결제 한도 변경,PAYMENT_GUIDE_V2,N,2026-09-11T20:16:00,synthetic-seeder
220007,2026-09-11,400071,THREAD-PAY-P-1-007,RUN-PAY-P-1-007-1,한도 올리는 법,동의 절차와 본인인증 단계를 확인합니다.,2026-09-11T18:12:00,completed,720.0,False,initial,소액결제 한도 변경,PAYMENT_GUIDE_V2,N,2026-09-11T20:12:00,synthetic-seeder
220007,2026-09-11,400072,THREAD-PAY-P-1-007,RUN-PAY-P-1-007-2,한도 변경 안 됨,동의 절차와 본인인증 단계를 확인합니다.,2026-09-11T18:17:00,completed,720.0,True,repeat,소액결제 한도 변경,PAYMENT_GUIDE_V2,N,2026-09-11T20:17:00,synthetic-seeder
220008,2026-09-11,400081,THREAD-PAY-P-1-008,RUN-PAY-P-1-008-1,한도 변경 안 됨,동의 절차와 본인인증 단계를 확인합니다.,2026-09-11T18:13:00,completed,580.0,False,initial,소액결제 한도 변경,PAYMENT_GUIDE_V2,N,2026-09-11T20:13:00,synthetic-seeder
220008,2026-09-11,400082,THREAD-PAY-P-1-008,RUN-PAY-P-1-008-2,결제 한도 변경 오류,동의 절차와 본인인증 단계를 확인합니다.,2026-09-11T18:18:00,completed,580.0,True,repeat,소액결제 한도 변경,PAYMENT_GUIDE_V2,N,2026-09-11T20:18:00,synthetic-seeder
220019,2026-09-11,400191,THREAD-PAY-P-1-019,RUN-PAY-P-1-019-1,한도 올리는 법,동의 절차와 본인인증 단계를 확인합니다.,2026-09-11T18:24:00,failed,640.0,False,initial,소액결제 한도 변경,PAYMENT_GUIDE_V2,N,2026-09-11T20:24:00,synthetic-seeder
220019,2026-09-11,400192,THREAD-PAY-P-1-019,RUN-PAY-P-1-019-2,한도 변경 안 됨,동의 절차와 본인인증 단계를 확인합니다.,2026-09-11T18:29:00,failed,640.0,True,repeat,소액결제 한도 변경,PAYMENT_GUIDE_V2,N,2026-09-11T20:29:00,synthetic-seeder
220020,2026-09-11,400201,THREAD-PAY-P-1-020,RUN-PAY-P-1-020-1,한도 변경 안 됨,동의 절차와 본인인증 단계를 확인합니다.,2026-09-11T18:25:00,failed,660.0,False,initial,소액결제 한도 변경,PAYMENT_GUIDE_V2,N,2026-09-11T20:25:00,synthetic-seeder
220020,2026-09-11,400202,THREAD-PAY-P-1-020,RUN-PAY-P-1-020-2,결제 한도 변경 오류,동의 절차와 본인인증 단계를 확인합니다.,2026-09-11T18:30:00,failed,660.0,True,repeat,소액결제 한도 변경,PAYMENT_GUIDE_V2,N,2026-09-11T20:30:00,synthetic-seeder
220021,2026-09-11,400211,THREAD-PAY-P-1-021,RUN-PAY-P-1-021-1,결제 한도 변경 오류,동의 절차와 본인인증 단계를 확인합니다.,2026-09-11T18:26:00,failed,680.0,False,initial,소액결제 한도 변경,PAYMENT_GUIDE_V2,N,2026-09-11T20:26:00,synthetic-seeder
220021,2026-09-11,400212,THREAD-PAY-P-1-021,RUN-PAY-P-1-021-2,한도 변경 왜 안돼,동의 절차와 본인인증 단계를 확인합니다.,2026-09-11T18:31:00,failed,680.0,True,repeat,소액결제 한도 변경,PAYMENT_GUIDE_V2,N,2026-09-11T20:31:00,synthetic-seeder
220022,2026-09-11,400221,THREAD-PAY-P-1-022,RUN-PAY-P-1-022-1,한도 변경 왜 안돼,동의 절차와 본인인증 단계를 확인합니다.,2026-09-11T18:27:00,failed,700.0,False,initial,소액결제 한도 변경,PAYMENT_GUIDE_V2,N,2026-09-11T20:27:00,synthetic-seeder
220022,2026-09-11,400222,THREAD-PAY-P-1-022,RUN-PAY-P-1-022-2,소액결제 한도 늘리기,동의 절차와 본인인증 단계를 확인합니다.,2026-09-11T18:32:00,failed,700.0,True,repeat,소액결제 한도 변경,PAYMENT_GUIDE_V2,N,2026-09-11T20:32:00,synthetic-seeder
220023,2026-09-11,400231,THREAD-PAY-P-1-023,RUN-PAY-P-1-023-1,소액결제 한도 늘리기,동의 절차와 본인인증 단계를 확인합니다.,2026-09-11T18:28:00,failed,720.0,False,initial,소액결제 한도 변경,PAYMENT_GUIDE_V2,N,2026-09-11T20:28:00,synthetic-seeder
220023,2026-09-11,400232,THREAD-PAY-P-1-023,RUN-PAY-P-1-023-2,결제 한도 변경,동의 절차와 본인인증 단계를 확인합니다.,2026-09-11T18:33:00,failed,720.0,True,repeat,소액결제 한도 변경,PAYMENT_GUIDE_V2,N,2026-09-11T20:33:00,synthetic-seeder
220024,2026-09-11,400241,THREAD-PAY-P-1-024,RUN-PAY-P-1-024-1,결제 한도 변경,동의 절차와 본인인증 단계를 확인합니다.,2026-09-11T18:29:00,failed,580.0,False,initial,소액결제 한도 변경,PAYMENT_GUIDE_V2,N,2026-09-11T20:29:00,synthetic-seeder
220024,2026-09-11,400242,THREAD-PAY-P-1-024,RUN-PAY-P-1-024-2,한도 올리는 법,동의 절차와 본인인증 단계를 확인합니다.,2026-09-11T18:34:00,failed,580.0,True,repeat,소액결제 한도 변경,PAYMENT_GUIDE_V2,N,2026-09-11T20:34:00,synthetic-seeder
220025,2026-09-11,400251,THREAD-PAY-P-1-025,RUN-PAY-P-1-025-1,한도 올리는 법,동의 절차와 본인인증 단계를 확인합니다.,2026-09-11T18:30:00,failed,600.0,False,initial,소액결제 한도 변경,PAYMENT_GUIDE_V2,N,2026-09-11T20:30:00,synthetic-seeder
220025,2026-09-11,400252,THREAD-PAY-P-1-025,RUN-PAY-P-1-025-2,한도 변경 안 됨,동의 절차와 본인인증 단계를 확인합니다.,2026-09-11T18:35:00,failed,600.0,True,repeat,소액결제 한도 변경,PAYMENT_GUIDE_V2,N,2026-09-11T20:35:00,synthetic-seeder
220026,2026-09-11,400261,THREAD-PAY-P-1-026,RUN-PAY-P-1-026-1,한도 변경 안 됨,동의 절차와 본인인증 단계를 확인합니다.,2026-09-11T18:31:00,failed,620.0,False,initial,소액결제 한도 변경,PAYMENT_GUIDE_V2,N,2026-09-11T20:31:00,synthetic-seeder
220026,2026-09-11,400262,THREAD-PAY-P-1-026,RUN-PAY-P-1-026-2,결제 한도 변경 오류,동의 절차와 본인인증 단계를 확인합니다.,2026-09-11T18:36:00,failed,620.0,True,repeat,소액결제 한도 변경,PAYMENT_GUIDE_V2,N,2026-09-11T20:36:00,synthetic-seeder
220027,2026-09-11,400271,THREAD-PAY-P-1-027,RUN-PAY-P-1-027-1,결제 한도 변경 오류,동의 절차와 본인인증 단계를 확인합니다.,2026-09-11T18:32:00,failed,640.0,False,initial,소액결제 한도 변경,PAYMENT_GUIDE_V2,N,2026-09-11T20:32:00,synthetic-seeder
220027,2026-09-11,400272,THREAD-PAY-P-1-027,RUN-PAY-P-1-027-2,한도 변경 왜 안돼,동의 절차와 본인인증 단계를 확인합니다.,2026-09-11T18:37:00,failed,640.0,True,repeat,소액결제 한도 변경,PAYMENT_GUIDE_V2,N,2026-09-11T20:37:00,synthetic-seeder
220028,2026-09-11,400281,THREAD-PAY-P-1-028,RUN-PAY-P-1-028-1,한도 변경 왜 안돼,동의 절차와 본인인증 단계를 확인합니다.,2026-09-11T18:33:00,failed,660.0,False,initial,소액결제 한도 변경,PAYMENT_GUIDE_V2,N,2026-09-11T20:33:00,synthetic-seeder
220028,2026-09-11,400282,THREAD-PAY-P-1-028,RUN-PAY-P-1-028-2,소액결제 한도 늘리기,동의 절차와 본인인증 단계를 확인합니다.,2026-09-11T18:38:00,failed,660.0,True,repeat,소액결제 한도 변경,PAYMENT_GUIDE_V2,N,2026-09-11T20:38:00,synthetic-seeder
220029,2026-09-11,400291,THREAD-PAY-P-1-029,RUN-PAY-P-1-029-1,소액결제 한도 늘리기,동의 절차와 본인인증 단계를 확인합니다.,2026-09-11T18:34:00,failed,680.0,False,initial,소액결제 한도 변경,PAYMENT_GUIDE_V2,N,2026-09-11T20:34:00,synthetic-seeder
220029,2026-09-11,400292,THREAD-PAY-P-1-029,RUN-PAY-P-1-029-2,결제 한도 변경,동의 절차와 본인인증 단계를 확인합니다.,2026-09-11T18:39:00,failed,680.0,True,repeat,소액결제 한도 변경,PAYMENT_GUIDE_V2,N,2026-09-11T20:39:00,synthetic-seeder
220030,2026-09-11,400301,THREAD-PAY-P-1-030,RUN-PAY-P-1-030-1,결제 한도 변경,동의 절차와 본인인증 단계를 확인합니다.,2026-09-11T18:35:00,failed,700.0,False,initial,소액결제 한도 변경,PAYMENT_GUIDE_V2,N,2026-09-11T20:35:00,synthetic-seeder
220030,2026-09-11,400302,THREAD-PAY-P-1-030,RUN-PAY-P-1-030-2,한도 올리는 법,동의 절차와 본인인증 단계를 확인합니다.,2026-09-11T18:40:00,failed,700.0,True,repeat,소액결제 한도 변경,PAYMENT_GUIDE_V2,N,2026-09-11T20:40:00,synthetic-seeder
220031,2026-09-11,400311,THREAD-PAY-P-1-031,RUN-PAY-P-1-031-1,한도 올리는 법,동의 절차와 본인인증 단계를 확인합니다.,2026-09-11T18:36:00,failed,720.0,False,initial,소액결제 한도 변경,PAYMENT_GUIDE_V2,N,2026-09-11T20:36:00,synthetic-seeder
220031,2026-09-11,400312,THREAD-PAY-P-1-031,RUN-PAY-P-1-031-2,한도 변경 안 됨,동의 절차와 본인인증 단계를 확인합니다.,2026-09-11T18:41:00,failed,720.0,True,repeat,소액결제 한도 변경,PAYMENT_GUIDE_V2,N,2026-09-11T20:41:00,synthetic-seeder
220032,2026-09-11,400321,THREAD-PAY-P-1-032,RUN-PAY-P-1-032-1,한도 변경 안 됨,동의 절차와 본인인증 단계를 확인합니다.,2026-09-11T18:37:00,failed,580.0,False,initial,소액결제 한도 변경,PAYMENT_GUIDE_V2,N,2026-09-11T20:37:00,synthetic-seeder
220032,2026-09-11,400322,THREAD-PAY-P-1-032,RUN-PAY-P-1-032-2,결제 한도 변경 오류,동의 절차와 본인인증 단계를 확인합니다.,2026-09-11T18:42:00,failed,580.0,True,repeat,소액결제 한도 변경,PAYMENT_GUIDE_V2,N,2026-09-11T20:42:00,synthetic-seeder
220033,2026-09-11,400331,THREAD-PAY-P-1-033,RUN-PAY-P-1-033-1,결제 한도 변경 오류,동의 절차와 본인인증 단계를 확인합니다.,2026-09-11T18:38:00,failed,600.0,False,initial,소액결제 한도 변경,PAYMENT_GUIDE_V2,N,2026-09-11T20:38:00,synthetic-seeder
220034,2026-09-11,400341,THREAD-PAY-P-1-034,RUN-PAY-P-1-034-1,한도 변경 왜 안돼,동의 절차와 본인인증 단계를 확인합니다.,2026-09-11T18:39:00,failed,620.0,False,initial,소액결제 한도 변경,PAYMENT_GUIDE_V2,N,2026-09-11T20:39:00,synthetic-seeder
220035,2026-09-11,400351,THREAD-PAY-P-1-035,RUN-PAY-P-1-035-1,소액결제 한도 늘리기,동의 절차와 본인인증 단계를 확인합니다.,2026-09-11T18:40:00,failed,640.0,False,initial,소액결제 한도 변경,PAYMENT_GUIDE_V2,N,2026-09-11T20:40:00,synthetic-seeder
220036,2026-09-11,400361,THREAD-PAY-P-1-036,RUN-PAY-P-1-036-1,결제 한도 변경,동의 절차와 본인인증 단계를 확인합니다.,2026-09-11T18:41:00,failed,660.0,False,initial,소액결제 한도 변경,PAYMENT_GUIDE_V2,N,2026-09-11T20:41:00,synthetic-seeder
220037,2026-09-11,400371,THREAD-PAY-P-1-037,RUN-PAY-P-1-037-1,한도 올리는 법,동의 절차와 본인인증 단계를 확인합니다.,2026-09-11T18:42:00,failed,680.0,False,initial,소액결제 한도 변경,PAYMENT_GUIDE_V2,N,2026-09-11T20:42:00,synthetic-seeder
220038,2026-09-11,400381,THREAD-PAY-P-1-038,RUN-PAY-P-1-038-1,한도 변경 안 됨,동의 절차와 본인인증 단계를 확인합니다.,2026-09-11T18:43:00,failed,700.0,False,initial,소액결제 한도 변경,PAYMENT_GUIDE_V2,N,2026-09-11T20:43:00,synthetic-seeder
220039,2026-09-11,400391,THREAD-PAY-P-1-039,RUN-PAY-P-1-039-1,결제 한도 변경 오류,동의 절차와 본인인증 단계를 확인합니다.,2026-09-11T18:44:00,failed,720.0,False,initial,소액결제 한도 변경,PAYMENT_GUIDE_V2,N,2026-09-11T20:44:00,synthetic-seeder
220040,2026-09-11,400401,THREAD-PAY-P-1-040,RUN-PAY-P-1-040-1,한도 변경 왜 안돼,동의 절차와 본인인증 단계를 확인합니다.,2026-09-11T18:45:00,failed,580.0,False,initial,소액결제 한도 변경,PAYMENT_GUIDE_V2,N,2026-09-11T20:45:00,synthetic-seeder
220111,2026-09-12,401111,THREAD-PAY-P-2-011,RUN-PAY-P-2-011-1,소액결제 한도 늘리기,동의 절차와 본인인증 단계를 확인합니다.,2026-09-12T18:16:00,completed,640.0,False,initial,소액결제 한도 변경,PAYMENT_GUIDE_V2,N,2026-09-12T20:16:00,synthetic-seeder
220111,2026-09-12,401112,THREAD-PAY-P-2-011,RUN-PAY-P-2-011-2,결제 한도 변경,동의 절차와 본인인증 단계를 확인합니다.,2026-09-12T18:21:00,completed,640.0,True,repeat,소액결제 한도 변경,PAYMENT_GUIDE_V2,N,2026-09-12T20:21:00,synthetic-seeder
220112,2026-09-12,401121,THREAD-PAY-P-2-012,RUN-PAY-P-2-012-1,결제 한도 변경,동의 절차와 본인인증 단계를 확인합니다.,2026-09-12T18:17:00,completed,660.0,False,initial,소액결제 한도 변경,PAYMENT_GUIDE_V2,N,2026-09-12T20:17:00,synthetic-seeder
220112,2026-09-12,401122,THREAD-PAY-P-2-012,RUN-PAY-P-2-012-2,한도 올리는 법,동의 절차와 본인인증 단계를 확인합니다.,2026-09-12T18:22:00,completed,660.0,True,repeat,소액결제 한도 변경,PAYMENT_GUIDE_V2,N,2026-09-12T20:22:00,synthetic-seeder
220113,2026-09-12,401131,THREAD-PAY-P-2-013,RUN-PAY-P-2-013-1,한도 올리는 법,동의 절차와 본인인증 단계를 확인합니다.,2026-09-12T18:18:00,completed,680.0,False,initial,소액결제 한도 변경,PAYMENT_GUIDE_V2,N,2026-09-12T20:18:00,synthetic-seeder
220113,2026-09-12,401132,THREAD-PAY-P-2-013,RUN-PAY-P-2-013-2,한도 변경 안 됨,동의 절차와 본인인증 단계를 확인합니다.,2026-09-12T18:23:00,completed,680.0,True,repeat,소액결제 한도 변경,PAYMENT_GUIDE_V2,N,2026-09-12T20:23:00,synthetic-seeder
220114,2026-09-12,401141,THREAD-PAY-P-2-014,RUN-PAY-P-2-014-1,한도 변경 안 됨,동의 절차와 본인인증 단계를 확인합니다.,2026-09-12T18:19:00,completed,700.0,False,initial,소액결제 한도 변경,PAYMENT_GUIDE_V2,N,2026-09-12T20:19:00,synthetic-seeder
220114,2026-09-12,401142,THREAD-PAY-P-2-014,RUN-PAY-P-2-014-2,결제 한도 변경 오류,동의 절차와 본인인증 단계를 확인합니다.,2026-09-12T18:24:00,completed,700.0,True,repeat,소액결제 한도 변경,PAYMENT_GUIDE_V2,N,2026-09-12T20:24:00,synthetic-seeder
220123,2026-09-12,401231,THREAD-PAY-P-2-023,RUN-PAY-P-2-023-1,소액결제 한도 늘리기,동의 절차와 본인인증 단계를 확인합니다.,2026-09-12T18:28:00,failed,720.0,False,initial,소액결제 한도 변경,PAYMENT_GUIDE_V2,N,2026-09-12T20:28:00,synthetic-seeder
220123,2026-09-12,401232,THREAD-PAY-P-2-023,RUN-PAY-P-2-023-2,결제 한도 변경,동의 절차와 본인인증 단계를 확인합니다.,2026-09-12T18:33:00,failed,720.0,True,repeat,소액결제 한도 변경,PAYMENT_GUIDE_V2,N,2026-09-12T20:33:00,synthetic-seeder
220124,2026-09-12,401241,THREAD-PAY-P-2-024,RUN-PAY-P-2-024-1,결제 한도 변경,동의 절차와 본인인증 단계를 확인합니다.,2026-09-12T18:29:00,failed,580.0,False,initial,소액결제 한도 변경,PAYMENT_GUIDE_V2,N,2026-09-12T20:29:00,synthetic-seeder
220124,2026-09-12,401242,THREAD-PAY-P-2-024,RUN-PAY-P-2-024-2,한도 올리는 법,동의 절차와 본인인증 단계를 확인합니다.,2026-09-12T18:34:00,failed,580.0,True,repeat,소액결제 한도 변경,PAYMENT_GUIDE_V2,N,2026-09-12T20:34:00,synthetic-seeder
220125,2026-09-12,401251,THREAD-PAY-P-2-025,RUN-PAY-P-2-025-1,한도 올리는 법,동의 절차와 본인인증 단계를 확인합니다.,2026-09-12T18:30:00,failed,600.0,False,initial,소액결제 한도 변경,PAYMENT_GUIDE_V2,N,2026-09-12T20:30:00,synthetic-seeder
220125,2026-09-12,401252,THREAD-PAY-P-2-025,RUN-PAY-P-2-025-2,한도 변경 안 됨,동의 절차와 본인인증 단계를 확인합니다.,2026-09-12T18:35:00,failed,600.0,True,repeat,소액결제 한도 변경,PAYMENT_GUIDE_V2,N,2026-09-12T20:35:00,synthetic-seeder
220126,2026-09-12,401261,THREAD-PAY-P-2-026,RUN-PAY-P-2-026-1,한도 변경 안 됨,동의 절차와 본인인증 단계를 확인합니다.,2026-09-12T18:31:00,failed,620.0,False,initial,소액결제 한도 변경,PAYMENT_GUIDE_V2,N,2026-09-12T20:31:00,synthetic-seeder
220126,2026-09-12,401262,THREAD-PAY-P-2-026,RUN-PAY-P-2-026-2,결제 한도 변경 오류,동의 절차와 본인인증 단계를 확인합니다.,2026-09-12T18:36:00,failed,620.0,True,repeat,소액결제 한도 변경,PAYMENT_GUIDE_V2,N,2026-09-12T20:36:00,synthetic-seeder
220127,2026-09-12,401271,THREAD-PAY-P-2-027,RUN-PAY-P-2-027-1,결제 한도 변경 오류,동의 절차와 본인인증 단계를 확인합니다.,2026-09-12T18:32:00,failed,640.0,False,initial,소액결제 한도 변경,PAYMENT_GUIDE_V2,N,2026-09-12T20:32:00,synthetic-seeder
220127,2026-09-12,401272,THREAD-PAY-P-2-027,RUN-PAY-P-2-027-2,한도 변경 왜 안돼,동의 절차와 본인인증 단계를 확인합니다.,2026-09-12T18:37:00,failed,640.0,True,repeat,소액결제 한도 변경,PAYMENT_GUIDE_V2,N,2026-09-12T20:37:00,synthetic-seeder
220128,2026-09-12,401281,THREAD-PAY-P-2-028,RUN-PAY-P-2-028-1,한도 변경 왜 안돼,동의 절차와 본인인증 단계를 확인합니다.,2026-09-12T18:33:00,failed,660.0,False,initial,소액결제 한도 변경,PAYMENT_GUIDE_V2,N,2026-09-12T20:33:00,synthetic-seeder
220128,2026-09-12,401282,THREAD-PAY-P-2-028,RUN-PAY-P-2-028-2,소액결제 한도 늘리기,동의 절차와 본인인증 단계를 확인합니다.,2026-09-12T18:38:00,failed,660.0,True,repeat,소액결제 한도 변경,PAYMENT_GUIDE_V2,N,2026-09-12T20:38:00,synthetic-seeder
220129,2026-09-12,401291,THREAD-PAY-P-2-029,RUN-PAY-P-2-029-1,소액결제 한도 늘리기,동의 절차와 본인인증 단계를 확인합니다.,2026-09-12T18:34:00,failed,680.0,False,initial,소액결제 한도 변경,PAYMENT_GUIDE_V2,N,2026-09-12T20:34:00,synthetic-seeder
220129,2026-09-12,401292,THREAD-PAY-P-2-029,RUN-PAY-P-2-029-2,결제 한도 변경,동의 절차와 본인인증 단계를 확인합니다.,2026-09-12T18:39:00,failed,680.0,True,repeat,소액결제 한도 변경,PAYMENT_GUIDE_V2,N,2026-09-12T20:39:00,synthetic-seeder
220130,2026-09-12,401301,THREAD-PAY-P-2-030,RUN-PAY-P-2-030-1,결제 한도 변경,동의 절차와 본인인증 단계를 확인합니다.,2026-09-12T18:35:00,failed,700.0,False,initial,소액결제 한도 변경,PAYMENT_GUIDE_V2,N,2026-09-12T20:35:00,synthetic-seeder
220130,2026-09-12,401302,THREAD-PAY-P-2-030,RUN-PAY-P-2-030-2,한도 올리는 법,동의 절차와 본인인증 단계를 확인합니다.,2026-09-12T18:40:00,failed,700.0,True,repeat,소액결제 한도 변경,PAYMENT_GUIDE_V2,N,2026-09-12T20:40:00,synthetic-seeder
220131,2026-09-12,401311,THREAD-PAY-P-2-031,RUN-PAY-P-2-031-1,한도 올리는 법,동의 절차와 본인인증 단계를 확인합니다.,2026-09-12T18:36:00,failed,720.0,False,initial,소액결제 한도 변경,PAYMENT_GUIDE_V2,N,2026-09-12T20:36:00,synthetic-seeder
220131,2026-09-12,401312,THREAD-PAY-P-2-031,RUN-PAY-P-2-031-2,한도 변경 안 됨,동의 절차와 본인인증 단계를 확인합니다.,2026-09-12T18:41:00,failed,720.0,True,repeat,소액결제 한도 변경,PAYMENT_GUIDE_V2,N,2026-09-12T20:41:00,synthetic-seeder
220132,2026-09-12,401321,THREAD-PAY-P-2-032,RUN-PAY-P-2-032-1,한도 변경 안 됨,동의 절차와 본인인증 단계를 확인합니다.,2026-09-12T18:37:00,failed,580.0,False,initial,소액결제 한도 변경,PAYMENT_GUIDE_V2,N,2026-09-12T20:37:00,synthetic-seeder
220132,2026-09-12,401322,THREAD-PAY-P-2-032,RUN-PAY-P-2-032-2,결제 한도 변경 오류,동의 절차와 본인인증 단계를 확인합니다.,2026-09-12T18:42:00,failed,580.0,True,repeat,소액결제 한도 변경,PAYMENT_GUIDE_V2,N,2026-09-12T20:42:00,synthetic-seeder
220133,2026-09-12,401331,THREAD-PAY-P-2-033,RUN-PAY-P-2-033-1,결제 한도 변경 오류,동의 절차와 본인인증 단계를 확인합니다.,2026-09-12T18:38:00,failed,600.0,False,initial,소액결제 한도 변경,PAYMENT_GUIDE_V2,N,2026-09-12T20:38:00,synthetic-seeder
220133,2026-09-12,401332,THREAD-PAY-P-2-033,RUN-PAY-P-2-033-2,한도 변경 왜 안돼,동의 절차와 본인인증 단계를 확인합니다.,2026-09-12T18:43:00,failed,600.0,True,repeat,소액결제 한도 변경,PAYMENT_GUIDE_V2,N,2026-09-12T20:43:00,synthetic-seeder
220134,2026-09-12,401341,THREAD-PAY-P-2-034,RUN-PAY-P-2-034-1,한도 변경 왜 안돼,동의 절차와 본인인증 단계를 확인합니다.,2026-09-12T18:39:00,failed,620.0,False,initial,소액결제 한도 변경,PAYMENT_GUIDE_V2,N,2026-09-12T20:39:00,synthetic-seeder
220135,2026-09-12,401351,THREAD-PAY-P-2-035,RUN-PAY-P-2-035-1,소액결제 한도 늘리기,동의 절차와 본인인증 단계를 확인합니다.,2026-09-12T18:40:00,failed,640.0,False,initial,소액결제 한도 변경,PAYMENT_GUIDE_V2,N,2026-09-12T20:40:00,synthetic-seeder
220136,2026-09-12,401361,THREAD-PAY-P-2-036,RUN-PAY-P-2-036-1,결제 한도 변경,동의 절차와 본인인증 단계를 확인합니다.,2026-09-12T18:41:00,failed,660.0,False,initial,소액결제 한도 변경,PAYMENT_GUIDE_V2,N,2026-09-12T20:41:00,synthetic-seeder
220137,2026-09-12,401371,THREAD-PAY-P-2-037,RUN-PAY-P-2-037-1,한도 올리는 법,동의 절차와 본인인증 단계를 확인합니다.,2026-09-12T18:42:00,failed,680.0,False,initial,소액결제 한도 변경,PAYMENT_GUIDE_V2,N,2026-09-12T20:42:00,synthetic-seeder
220138,2026-09-12,401381,THREAD-PAY-P-2-038,RUN-PAY-P-2-038-1,한도 변경 안 됨,동의 절차와 본인인증 단계를 확인합니다.,2026-09-12T18:43:00,failed,700.0,False,initial,소액결제 한도 변경,PAYMENT_GUIDE_V2,N,2026-09-12T20:43:00,synthetic-seeder
220139,2026-09-12,401391,THREAD-PAY-P-2-039,RUN-PAY-P-2-039-1,결제 한도 변경 오류,동의 절차와 본인인증 단계를 확인합니다.,2026-09-12T18:44:00,failed,720.0,False,initial,소액결제 한도 변경,PAYMENT_GUIDE_V2,N,2026-09-12T20:44:00,synthetic-seeder
220140,2026-09-12,401401,THREAD-PAY-P-2-040,RUN-PAY-P-2-040-1,한도 변경 왜 안돼,동의 절차와 본인인증 단계를 확인합니다.,2026-09-12T18:45:00,failed,580.0,False,initial,소액결제 한도 변경,PAYMENT_GUIDE_V2,N,2026-09-12T20:45:00,synthetic-seeder
220212,2026-09-13,402121,THREAD-PAY-P-3-012,RUN-PAY-P-3-012-1,결제 한도 변경,동의 절차와 본인인증 단계를 확인합니다.,2026-09-13T18:17:00,completed,660.0,False,initial,소액결제 한도 변경,PAYMENT_GUIDE_V2,N,2026-09-13T20:17:00,synthetic-seeder
220212,2026-09-13,402122,THREAD-PAY-P-3-012,RUN-PAY-P-3-012-2,한도 올리는 법,동의 절차와 본인인증 단계를 확인합니다.,2026-09-13T18:22:00,completed,660.0,True,repeat,소액결제 한도 변경,PAYMENT_GUIDE_V2,N,2026-09-13T20:22:00,synthetic-seeder
220213,2026-09-13,402131,THREAD-PAY-P-3-013,RUN-PAY-P-3-013-1,한도 올리는 법,동의 절차와 본인인증 단계를 확인합니다.,2026-09-13T18:18:00,completed,680.0,False,initial,소액결제 한도 변경,PAYMENT_GUIDE_V2,N,2026-09-13T20:18:00,synthetic-seeder
220213,2026-09-13,402132,THREAD-PAY-P-3-013,RUN-PAY-P-3-013-2,한도 변경 안 됨,동의 절차와 본인인증 단계를 확인합니다.,2026-09-13T18:23:00,completed,680.0,True,repeat,소액결제 한도 변경,PAYMENT_GUIDE_V2,N,2026-09-13T20:23:00,synthetic-seeder
220214,2026-09-13,402141,THREAD-PAY-P-3-014,RUN-PAY-P-3-014-1,한도 변경 안 됨,동의 절차와 본인인증 단계를 확인합니다.,2026-09-13T18:19:00,completed,700.0,False,initial,소액결제 한도 변경,PAYMENT_GUIDE_V2,N,2026-09-13T20:19:00,synthetic-seeder
220214,2026-09-13,402142,THREAD-PAY-P-3-014,RUN-PAY-P-3-014-2,결제 한도 변경 오류,동의 절차와 본인인증 단계를 확인합니다.,2026-09-13T18:24:00,completed,700.0,True,repeat,소액결제 한도 변경,PAYMENT_GUIDE_V2,N,2026-09-13T20:24:00,synthetic-seeder
220215,2026-09-13,402151,THREAD-PAY-P-3-015,RUN-PAY-P-3-015-1,결제 한도 변경 오류,동의 절차와 본인인증 단계를 확인합니다.,2026-09-13T18:20:00,completed,720.0,False,initial,소액결제 한도 변경,PAYMENT_GUIDE_V2,N,2026-09-13T20:20:00,synthetic-seeder
220215,2026-09-13,402152,THREAD-PAY-P-3-015,RUN-PAY-P-3-015-2,한도 변경 왜 안돼,동의 절차와 본인인증 단계를 확인합니다.,2026-09-13T18:25:00,completed,720.0,True,repeat,소액결제 한도 변경,PAYMENT_GUIDE_V2,N,2026-09-13T20:25:00,synthetic-seeder
220216,2026-09-13,402161,THREAD-PAY-P-3-016,RUN-PAY-P-3-016-1,한도 변경 왜 안돼,동의 절차와 본인인증 단계를 확인합니다.,2026-09-13T18:21:00,completed,580.0,False,initial,소액결제 한도 변경,PAYMENT_GUIDE_V2,N,2026-09-13T20:21:00,synthetic-seeder
220216,2026-09-13,402162,THREAD-PAY-P-3-016,RUN-PAY-P-3-016-2,소액결제 한도 늘리기,동의 절차와 본인인증 단계를 확인합니다.,2026-09-13T18:26:00,completed,580.0,True,repeat,소액결제 한도 변경,PAYMENT_GUIDE_V2,N,2026-09-13T20:26:00,synthetic-seeder
220217,2026-09-13,402171,THREAD-PAY-P-3-017,RUN-PAY-P-3-017-1,소액결제 한도 늘리기,동의 절차와 본인인증 단계를 확인합니다.,2026-09-13T18:22:00,completed,600.0,False,initial,소액결제 한도 변경,PAYMENT_GUIDE_V2,N,2026-09-13T20:22:00,synthetic-seeder
220217,2026-09-13,402172,THREAD-PAY-P-3-017,RUN-PAY-P-3-017-2,결제 한도 변경,동의 절차와 본인인증 단계를 확인합니다.,2026-09-13T18:27:00,completed,600.0,True,repeat,소액결제 한도 변경,PAYMENT_GUIDE_V2,N,2026-09-13T20:27:00,synthetic-seeder
220218,2026-09-13,402181,THREAD-PAY-P-3-018,RUN-PAY-P-3-018-1,결제 한도 변경,동의 절차와 본인인증 단계를 확인합니다.,2026-09-13T18:23:00,completed,620.0,False,initial,소액결제 한도 변경,PAYMENT_GUIDE_V2,N,2026-09-13T20:23:00,synthetic-seeder
220218,2026-09-13,402182,THREAD-PAY-P-3-018,RUN-PAY-P-3-018-2,한도 올리는 법,동의 절차와 본인인증 단계를 확인합니다.,2026-09-13T18:28:00,completed,620.0,True,repeat,소액결제 한도 변경,PAYMENT_GUIDE_V2,N,2026-09-13T20:28:00,synthetic-seeder
220219,2026-09-13,402191,THREAD-PAY-P-3-019,RUN-PAY-P-3-019-1,한도 올리는 법,동의 절차와 본인인증 단계를 확인합니다.,2026-09-13T18:24:00,completed,640.0,False,initial,소액결제 한도 변경,PAYMENT_GUIDE_V2,N,2026-09-13T20:24:00,synthetic-seeder
220219,2026-09-13,402192,THREAD-PAY-P-3-019,RUN-PAY-P-3-019-2,한도 변경 안 됨,동의 절차와 본인인증 단계를 확인합니다.,2026-09-13T18:29:00,completed,640.0,True,repeat,소액결제 한도 변경,PAYMENT_GUIDE_V2,N,2026-09-13T20:29:00,synthetic-seeder
220220,2026-09-13,402201,THREAD-PAY-P-3-020,RUN-PAY-P-3-020-1,한도 변경 안 됨,동의 절차와 본인인증 단계를 확인합니다.,2026-09-13T18:25:00,completed,660.0,False,initial,소액결제 한도 변경,PAYMENT_GUIDE_V2,N,2026-09-13T20:25:00,synthetic-seeder
220220,2026-09-13,402202,THREAD-PAY-P-3-020,RUN-PAY-P-3-020-2,결제 한도 변경 오류,동의 절차와 본인인증 단계를 확인합니다.,2026-09-13T18:30:00,completed,660.0,True,repeat,소액결제 한도 변경,PAYMENT_GUIDE_V2,N,2026-09-13T20:30:00,synthetic-seeder
220227,2026-09-13,402271,THREAD-PAY-P-3-027,RUN-PAY-P-3-027-1,결제 한도 변경 오류,동의 절차와 본인인증 단계를 확인합니다.,2026-09-13T18:32:00,failed,640.0,False,initial,소액결제 한도 변경,PAYMENT_GUIDE_V2,N,2026-09-13T20:32:00,synthetic-seeder
220227,2026-09-13,402272,THREAD-PAY-P-3-027,RUN-PAY-P-3-027-2,한도 변경 왜 안돼,동의 절차와 본인인증 단계를 확인합니다.,2026-09-13T18:37:00,failed,640.0,True,repeat,소액결제 한도 변경,PAYMENT_GUIDE_V2,N,2026-09-13T20:37:00,synthetic-seeder
220228,2026-09-13,402281,THREAD-PAY-P-3-028,RUN-PAY-P-3-028-1,한도 변경 왜 안돼,동의 절차와 본인인증 단계를 확인합니다.,2026-09-13T18:33:00,failed,660.0,False,initial,소액결제 한도 변경,PAYMENT_GUIDE_V2,N,2026-09-13T20:33:00,synthetic-seeder
220228,2026-09-13,402282,THREAD-PAY-P-3-028,RUN-PAY-P-3-028-2,소액결제 한도 늘리기,동의 절차와 본인인증 단계를 확인합니다.,2026-09-13T18:38:00,failed,660.0,True,repeat,소액결제 한도 변경,PAYMENT_GUIDE_V2,N,2026-09-13T20:38:00,synthetic-seeder
220229,2026-09-13,402291,THREAD-PAY-P-3-029,RUN-PAY-P-3-029-1,소액결제 한도 늘리기,동의 절차와 본인인증 단계를 확인합니다.,2026-09-13T18:34:00,failed,680.0,False,initial,소액결제 한도 변경,PAYMENT_GUIDE_V2,N,2026-09-13T20:34:00,synthetic-seeder
220229,2026-09-13,402292,THREAD-PAY-P-3-029,RUN-PAY-P-3-029-2,결제 한도 변경,동의 절차와 본인인증 단계를 확인합니다.,2026-09-13T18:39:00,failed,680.0,True,repeat,소액결제 한도 변경,PAYMENT_GUIDE_V2,N,2026-09-13T20:39:00,synthetic-seeder
220230,2026-09-13,402301,THREAD-PAY-P-3-030,RUN-PAY-P-3-030-1,결제 한도 변경,동의 절차와 본인인증 단계를 확인합니다.,2026-09-13T18:35:00,failed,700.0,False,initial,소액결제 한도 변경,PAYMENT_GUIDE_V2,N,2026-09-13T20:35:00,synthetic-seeder
220230,2026-09-13,402302,THREAD-PAY-P-3-030,RUN-PAY-P-3-030-2,한도 올리는 법,동의 절차와 본인인증 단계를 확인합니다.,2026-09-13T18:40:00,failed,700.0,True,repeat,소액결제 한도 변경,PAYMENT_GUIDE_V2,N,2026-09-13T20:40:00,synthetic-seeder
220231,2026-09-13,402311,THREAD-PAY-P-3-031,RUN-PAY-P-3-031-1,한도 올리는 법,동의 절차와 본인인증 단계를 확인합니다.,2026-09-13T18:36:00,failed,720.0,False,initial,소액결제 한도 변경,PAYMENT_GUIDE_V2,N,2026-09-13T20:36:00,synthetic-seeder
220232,2026-09-13,402321,THREAD-PAY-P-3-032,RUN-PAY-P-3-032-1,한도 변경 안 됨,동의 절차와 본인인증 단계를 확인합니다.,2026-09-13T18:37:00,failed,580.0,False,initial,소액결제 한도 변경,PAYMENT_GUIDE_V2,N,2026-09-13T20:37:00,synthetic-seeder
220233,2026-09-13,402331,THREAD-PAY-P-3-033,RUN-PAY-P-3-033-1,결제 한도 변경 오류,동의 절차와 본인인증 단계를 확인합니다.,2026-09-13T18:38:00,failed,600.0,False,initial,소액결제 한도 변경,PAYMENT_GUIDE_V2,N,2026-09-13T20:38:00,synthetic-seeder
220234,2026-09-13,402341,THREAD-PAY-P-3-034,RUN-PAY-P-3-034-1,한도 변경 왜 안돼,동의 절차와 본인인증 단계를 확인합니다.,2026-09-13T18:39:00,failed,620.0,False,initial,소액결제 한도 변경,PAYMENT_GUIDE_V2,N,2026-09-13T20:39:00,synthetic-seeder
220235,2026-09-13,402351,THREAD-PAY-P-3-035,RUN-PAY-P-3-035-1,소액결제 한도 늘리기,동의 절차와 본인인증 단계를 확인합니다.,2026-09-13T18:40:00,failed,640.0,False,initial,소액결제 한도 변경,PAYMENT_GUIDE_V2,N,2026-09-13T20:40:00,synthetic-seeder
220236,2026-09-13,402361,THREAD-PAY-P-3-036,RUN-PAY-P-3-036-1,결제 한도 변경,동의 절차와 본인인증 단계를 확인합니다.,2026-09-13T18:41:00,failed,660.0,False,initial,소액결제 한도 변경,PAYMENT_GUIDE_V2,N,2026-09-13T20:41:00,synthetic-seeder
220237,2026-09-13,402371,THREAD-PAY-P-3-037,RUN-PAY-P-3-037-1,한도 올리는 법,동의 절차와 본인인증 단계를 확인합니다.,2026-09-13T18:42:00,failed,680.0,False,initial,소액결제 한도 변경,PAYMENT_GUIDE_V2,N,2026-09-13T20:42:00,synthetic-seeder
220238,2026-09-13,402381,THREAD-PAY-P-3-038,RUN-PAY-P-3-038-1,한도 변경 안 됨,동의 절차와 본인인증 단계를 확인합니다.,2026-09-13T18:43:00,failed,700.0,False,initial,소액결제 한도 변경,PAYMENT_GUIDE_V2,N,2026-09-13T20:43:00,synthetic-seeder
220239,2026-09-13,402391,THREAD-PAY-P-3-039,RUN-PAY-P-3-039-1,결제 한도 변경 오류,동의 절차와 본인인증 단계를 확인합니다.,2026-09-13T18:44:00,failed,720.0,False,initial,소액결제 한도 변경,PAYMENT_GUIDE_V2,N,2026-09-13T20:44:00,synthetic-seeder
220240,2026-09-13,402401,THREAD-PAY-P-3-040,RUN-PAY-P-3-040-1,한도 변경 왜 안돼,동의 절차와 본인인증 단계를 확인합니다.,2026-09-13T18:45:00,failed,580.0,False,initial,소액결제 한도 변경,PAYMENT_GUIDE_V2,N,2026-09-13T20:45:00,synthetic-seeder
220321,2026-09-14,403211,THREAD-PAY-P-4-021,RUN-PAY-P-4-021-1,결제 한도 변경 오류,동의 절차와 본인인증 단계를 확인합니다.,2026-09-14T18:26:00,completed,680.0,False,initial,소액결제 한도 변경,PAYMENT_GUIDE_V2,N,2026-09-14T20:26:00,synthetic-seeder
220321,2026-09-14,403212,THREAD-PAY-P-4-021,RUN-PAY-P-4-021-2,한도 변경 왜 안돼,동의 절차와 본인인증 단계를 확인합니다.,2026-09-14T18:31:00,completed,680.0,True,repeat,소액결제 한도 변경,PAYMENT_GUIDE_V2,N,2026-09-14T20:31:00,synthetic-seeder
220322,2026-09-14,403221,THREAD-PAY-P-4-022,RUN-PAY-P-4-022-1,한도 변경 왜 안돼,동의 절차와 본인인증 단계를 확인합니다.,2026-09-14T18:27:00,completed,700.0,False,initial,소액결제 한도 변경,PAYMENT_GUIDE_V2,N,2026-09-14T20:27:00,synthetic-seeder
220322,2026-09-14,403222,THREAD-PAY-P-4-022,RUN-PAY-P-4-022-2,소액결제 한도 늘리기,동의 절차와 본인인증 단계를 확인합니다.,2026-09-14T18:32:00,completed,700.0,True,repeat,소액결제 한도 변경,PAYMENT_GUIDE_V2,N,2026-09-14T20:32:00,synthetic-seeder
220323,2026-09-14,403231,THREAD-PAY-P-4-023,RUN-PAY-P-4-023-1,소액결제 한도 늘리기,동의 절차와 본인인증 단계를 확인합니다.,2026-09-14T18:28:00,completed,720.0,False,initial,소액결제 한도 변경,PAYMENT_GUIDE_V2,N,2026-09-14T20:28:00,synthetic-seeder
220323,2026-09-14,403232,THREAD-PAY-P-4-023,RUN-PAY-P-4-023-2,결제 한도 변경,동의 절차와 본인인증 단계를 확인합니다.,2026-09-14T18:33:00,completed,720.0,True,repeat,소액결제 한도 변경,PAYMENT_GUIDE_V2,N,2026-09-14T20:33:00,synthetic-seeder
220324,2026-09-14,403241,THREAD-PAY-P-4-024,RUN-PAY-P-4-024-1,결제 한도 변경,동의 절차와 본인인증 단계를 확인합니다.,2026-09-14T18:29:00,completed,580.0,False,initial,소액결제 한도 변경,PAYMENT_GUIDE_V2,N,2026-09-14T20:29:00,synthetic-seeder
220324,2026-09-14,403242,THREAD-PAY-P-4-024,RUN-PAY-P-4-024-2,한도 올리는 법,동의 절차와 본인인증 단계를 확인합니다.,2026-09-14T18:34:00,completed,580.0,True,repeat,소액결제 한도 변경,PAYMENT_GUIDE_V2,N,2026-09-14T20:34:00,synthetic-seeder
220325,2026-09-14,403251,THREAD-PAY-P-4-025,RUN-PAY-P-4-025-1,한도 올리는 법,동의 절차와 본인인증 단계를 확인합니다.,2026-09-14T18:30:00,completed,600.0,False,initial,소액결제 한도 변경,PAYMENT_GUIDE_V2,N,2026-09-14T20:30:00,synthetic-seeder
220325,2026-09-14,403252,THREAD-PAY-P-4-025,RUN-PAY-P-4-025-2,한도 변경 안 됨,동의 절차와 본인인증 단계를 확인합니다.,2026-09-14T18:35:00,completed,600.0,True,repeat,소액결제 한도 변경,PAYMENT_GUIDE_V2,N,2026-09-14T20:35:00,synthetic-seeder
220326,2026-09-14,403261,THREAD-PAY-P-4-026,RUN-PAY-P-4-026-1,한도 변경 안 됨,동의 절차와 본인인증 단계를 확인합니다.,2026-09-14T18:31:00,completed,620.0,False,initial,소액결제 한도 변경,PAYMENT_GUIDE_V2,N,2026-09-14T20:31:00,synthetic-seeder
220326,2026-09-14,403262,THREAD-PAY-P-4-026,RUN-PAY-P-4-026-2,결제 한도 변경 오류,동의 절차와 본인인증 단계를 확인합니다.,2026-09-14T18:36:00,completed,620.0,True,repeat,소액결제 한도 변경,PAYMENT_GUIDE_V2,N,2026-09-14T20:36:00,synthetic-seeder
220331,2026-09-14,403311,THREAD-PAY-P-4-031,RUN-PAY-P-4-031-1,한도 올리는 법,동의 절차와 본인인증 단계를 확인합니다.,2026-09-14T18:36:00,failed,720.0,False,initial,소액결제 한도 변경,PAYMENT_GUIDE_V2,N,2026-09-14T20:36:00,synthetic-seeder
220331,2026-09-14,403312,THREAD-PAY-P-4-031,RUN-PAY-P-4-031-2,한도 변경 안 됨,동의 절차와 본인인증 단계를 확인합니다.,2026-09-14T18:41:00,failed,720.0,True,repeat,소액결제 한도 변경,PAYMENT_GUIDE_V2,N,2026-09-14T20:41:00,synthetic-seeder
220332,2026-09-14,403321,THREAD-PAY-P-4-032,RUN-PAY-P-4-032-1,한도 변경 안 됨,동의 절차와 본인인증 단계를 확인합니다.,2026-09-14T18:37:00,failed,580.0,False,initial,소액결제 한도 변경,PAYMENT_GUIDE_V2,N,2026-09-14T20:37:00,synthetic-seeder
220332,2026-09-14,403322,THREAD-PAY-P-4-032,RUN-PAY-P-4-032-2,결제 한도 변경 오류,동의 절차와 본인인증 단계를 확인합니다.,2026-09-14T18:42:00,failed,580.0,True,repeat,소액결제 한도 변경,PAYMENT_GUIDE_V2,N,2026-09-14T20:42:00,synthetic-seeder
220333,2026-09-14,403331,THREAD-PAY-P-4-033,RUN-PAY-P-4-033-1,결제 한도 변경 오류,동의 절차와 본인인증 단계를 확인합니다.,2026-09-14T18:38:00,failed,600.0,False,initial,소액결제 한도 변경,PAYMENT_GUIDE_V2,N,2026-09-14T20:38:00,synthetic-seeder
220333,2026-09-14,403332,THREAD-PAY-P-4-033,RUN-PAY-P-4-033-2,한도 변경 왜 안돼,동의 절차와 본인인증 단계를 확인합니다.,2026-09-14T18:43:00,failed,600.0,True,repeat,소액결제 한도 변경,PAYMENT_GUIDE_V2,N,2026-09-14T20:43:00,synthetic-seeder
220334,2026-09-14,403341,THREAD-PAY-P-4-034,RUN-PAY-P-4-034-1,한도 변경 왜 안돼,동의 절차와 본인인증 단계를 확인합니다.,2026-09-14T18:39:00,failed,620.0,False,initial,소액결제 한도 변경,PAYMENT_GUIDE_V2,N,2026-09-14T20:39:00,synthetic-seeder
220334,2026-09-14,403342,THREAD-PAY-P-4-034,RUN-PAY-P-4-034-2,소액결제 한도 늘리기,동의 절차와 본인인증 단계를 확인합니다.,2026-09-14T18:44:00,failed,620.0,True,repeat,소액결제 한도 변경,PAYMENT_GUIDE_V2,N,2026-09-14T20:44:00,synthetic-seeder
220335,2026-09-14,403351,THREAD-PAY-P-4-035,RUN-PAY-P-4-035-1,소액결제 한도 늘리기,동의 절차와 본인인증 단계를 확인합니다.,2026-09-14T18:40:00,failed,640.0,False,initial,소액결제 한도 변경,PAYMENT_GUIDE_V2,N,2026-09-14T20:40:00,synthetic-seeder
220336,2026-09-14,403361,THREAD-PAY-P-4-036,RUN-PAY-P-4-036-1,결제 한도 변경,동의 절차와 본인인증 단계를 확인합니다.,2026-09-14T18:41:00,failed,660.0,False,initial,소액결제 한도 변경,PAYMENT_GUIDE_V2,N,2026-09-14T20:41:00,synthetic-seeder
220337,2026-09-14,403371,THREAD-PAY-P-4-037,RUN-PAY-P-4-037-1,한도 올리는 법,동의 절차와 본인인증 단계를 확인합니다.,2026-09-14T18:42:00,failed,680.0,False,initial,소액결제 한도 변경,PAYMENT_GUIDE_V2,N,2026-09-14T20:42:00,synthetic-seeder
220338,2026-09-14,403381,THREAD-PAY-P-4-038,RUN-PAY-P-4-038-1,한도 변경 안 됨,동의 절차와 본인인증 단계를 확인합니다.,2026-09-14T18:43:00,failed,700.0,False,initial,소액결제 한도 변경,PAYMENT_GUIDE_V2,N,2026-09-14T20:43:00,synthetic-seeder
220339,2026-09-14,403391,THREAD-PAY-P-4-039,RUN-PAY-P-4-039-1,결제 한도 변경 오류,동의 절차와 본인인증 단계를 확인합니다.,2026-09-14T18:44:00,failed,720.0,False,initial,소액결제 한도 변경,PAYMENT_GUIDE_V2,N,2026-09-14T20:44:00,synthetic-seeder
220340,2026-09-14,403401,THREAD-PAY-P-4-040,RUN-PAY-P-4-040-1,한도 변경 왜 안돼,동의 절차와 본인인증 단계를 확인합니다.,2026-09-14T18:45:00,failed,580.0,False,initial,소액결제 한도 변경,PAYMENT_GUIDE_V2,N,2026-09-14T20:45:00,synthetic-seeder
220426,2026-09-15,404261,THREAD-PAY-P-5-026,RUN-PAY-P-5-026-1,한도 변경 안 됨,동의 절차와 본인인증 단계를 확인합니다.,2026-09-15T18:31:00,completed,620.0,False,initial,소액결제 한도 변경,PAYMENT_GUIDE_V2,N,2026-09-15T20:31:00,synthetic-seeder
220426,2026-09-15,404262,THREAD-PAY-P-5-026,RUN-PAY-P-5-026-2,결제 한도 변경 오류,동의 절차와 본인인증 단계를 확인합니다.,2026-09-15T18:36:00,completed,620.0,True,repeat,소액결제 한도 변경,PAYMENT_GUIDE_V2,N,2026-09-15T20:36:00,synthetic-seeder
220427,2026-09-15,404271,THREAD-PAY-P-5-027,RUN-PAY-P-5-027-1,결제 한도 변경 오류,동의 절차와 본인인증 단계를 확인합니다.,2026-09-15T18:32:00,completed,640.0,False,initial,소액결제 한도 변경,PAYMENT_GUIDE_V2,N,2026-09-15T20:32:00,synthetic-seeder
220427,2026-09-15,404272,THREAD-PAY-P-5-027,RUN-PAY-P-5-027-2,한도 변경 왜 안돼,동의 절차와 본인인증 단계를 확인합니다.,2026-09-15T18:37:00,completed,640.0,True,repeat,소액결제 한도 변경,PAYMENT_GUIDE_V2,N,2026-09-15T20:37:00,synthetic-seeder
220428,2026-09-15,404281,THREAD-PAY-P-5-028,RUN-PAY-P-5-028-1,한도 변경 왜 안돼,동의 절차와 본인인증 단계를 확인합니다.,2026-09-15T18:33:00,completed,660.0,False,initial,소액결제 한도 변경,PAYMENT_GUIDE_V2,N,2026-09-15T20:33:00,synthetic-seeder
220428,2026-09-15,404282,THREAD-PAY-P-5-028,RUN-PAY-P-5-028-2,소액결제 한도 늘리기,동의 절차와 본인인증 단계를 확인합니다.,2026-09-15T18:38:00,completed,660.0,True,repeat,소액결제 한도 변경,PAYMENT_GUIDE_V2,N,2026-09-15T20:38:00,synthetic-seeder
220429,2026-09-15,404291,THREAD-PAY-P-5-029,RUN-PAY-P-5-029-1,소액결제 한도 늘리기,동의 절차와 본인인증 단계를 확인합니다.,2026-09-15T18:34:00,completed,680.0,False,initial,소액결제 한도 변경,PAYMENT_GUIDE_V2,N,2026-09-15T20:34:00,synthetic-seeder
220429,2026-09-15,404292,THREAD-PAY-P-5-029,RUN-PAY-P-5-029-2,결제 한도 변경,동의 절차와 본인인증 단계를 확인합니다.,2026-09-15T18:39:00,completed,680.0,True,repeat,소액결제 한도 변경,PAYMENT_GUIDE_V2,N,2026-09-15T20:39:00,synthetic-seeder
220430,2026-09-15,404301,THREAD-PAY-P-5-030,RUN-PAY-P-5-030-1,결제 한도 변경,동의 절차와 본인인증 단계를 확인합니다.,2026-09-15T18:35:00,completed,700.0,False,initial,소액결제 한도 변경,PAYMENT_GUIDE_V2,N,2026-09-15T20:35:00,synthetic-seeder
220430,2026-09-15,404302,THREAD-PAY-P-5-030,RUN-PAY-P-5-030-2,한도 올리는 법,동의 절차와 본인인증 단계를 확인합니다.,2026-09-15T18:40:00,completed,700.0,True,repeat,소액결제 한도 변경,PAYMENT_GUIDE_V2,N,2026-09-15T20:40:00,synthetic-seeder
220431,2026-09-15,404311,THREAD-PAY-P-5-031,RUN-PAY-P-5-031-1,한도 올리는 법,동의 절차와 본인인증 단계를 확인합니다.,2026-09-15T18:36:00,completed,720.0,False,initial,소액결제 한도 변경,PAYMENT_GUIDE_V2,N,2026-09-15T20:36:00,synthetic-seeder
220431,2026-09-15,404312,THREAD-PAY-P-5-031,RUN-PAY-P-5-031-2,한도 변경 안 됨,동의 절차와 본인인증 단계를 확인합니다.,2026-09-15T18:41:00,completed,720.0,True,repeat,소액결제 한도 변경,PAYMENT_GUIDE_V2,N,2026-09-15T20:41:00,synthetic-seeder
220432,2026-09-15,404321,THREAD-PAY-P-5-032,RUN-PAY-P-5-032-1,한도 변경 안 됨,동의 절차와 본인인증 단계를 확인합니다.,2026-09-15T18:37:00,completed,580.0,False,initial,소액결제 한도 변경,PAYMENT_GUIDE_V2,N,2026-09-15T20:37:00,synthetic-seeder
220432,2026-09-15,404322,THREAD-PAY-P-5-032,RUN-PAY-P-5-032-2,결제 한도 변경 오류,동의 절차와 본인인증 단계를 확인합니다.,2026-09-15T18:42:00,completed,580.0,True,repeat,소액결제 한도 변경,PAYMENT_GUIDE_V2,N,2026-09-15T20:42:00,synthetic-seeder
220435,2026-09-15,404351,THREAD-PAY-P-5-035,RUN-PAY-P-5-035-1,소액결제 한도 늘리기,동의 절차와 본인인증 단계를 확인합니다.,2026-09-15T18:40:00,failed,640.0,False,initial,소액결제 한도 변경,PAYMENT_GUIDE_V2,N,2026-09-15T20:40:00,synthetic-seeder
220436,2026-09-15,404361,THREAD-PAY-P-5-036,RUN-PAY-P-5-036-1,결제 한도 변경,동의 절차와 본인인증 단계를 확인합니다.,2026-09-15T18:41:00,failed,660.0,False,initial,소액결제 한도 변경,PAYMENT_GUIDE_V2,N,2026-09-15T20:41:00,synthetic-seeder
220437,2026-09-15,404371,THREAD-PAY-P-5-037,RUN-PAY-P-5-037-1,한도 올리는 법,동의 절차와 본인인증 단계를 확인합니다.,2026-09-15T18:42:00,failed,680.0,False,initial,소액결제 한도 변경,PAYMENT_GUIDE_V2,N,2026-09-15T20:42:00,synthetic-seeder
220438,2026-09-15,404381,THREAD-PAY-P-5-038,RUN-PAY-P-5-038-1,한도 변경 안 됨,동의 절차와 본인인증 단계를 확인합니다.,2026-09-15T18:43:00,failed,700.0,False,initial,소액결제 한도 변경,PAYMENT_GUIDE_V2,N,2026-09-15T20:43:00,synthetic-seeder
220439,2026-09-15,404391,THREAD-PAY-P-5-039,RUN-PAY-P-5-039-1,결제 한도 변경 오류,동의 절차와 본인인증 단계를 확인합니다.,2026-09-15T18:44:00,failed,720.0,False,initial,소액결제 한도 변경,PAYMENT_GUIDE_V2,N,2026-09-15T20:44:00,synthetic-seeder
220440,2026-09-15,404401,THREAD-PAY-P-5-040,RUN-PAY-P-5-040-1,한도 변경 왜 안돼,동의 절차와 본인인증 단계를 확인합니다.,2026-09-15T18:45:00,failed,580.0,False,initial,소액결제 한도 변경,PAYMENT_GUIDE_V2,N,2026-09-15T20:45:00,synthetic-seeder
220529,2026-09-16,405291,THREAD-PAY-P-6-029,RUN-PAY-P-6-029-1,소액결제 한도 늘리기,동의 절차와 본인인증 단계를 확인합니다.,2026-09-16T18:34:00,completed,680.0,False,initial,소액결제 한도 변경,PAYMENT_GUIDE_V2,N,2026-09-16T20:34:00,synthetic-seeder
220529,2026-09-16,405292,THREAD-PAY-P-6-029,RUN-PAY-P-6-029-2,결제 한도 변경,동의 절차와 본인인증 단계를 확인합니다.,2026-09-16T18:39:00,completed,680.0,True,repeat,소액결제 한도 변경,PAYMENT_GUIDE_V2,N,2026-09-16T20:39:00,synthetic-seeder
220530,2026-09-16,405301,THREAD-PAY-P-6-030,RUN-PAY-P-6-030-1,결제 한도 변경,동의 절차와 본인인증 단계를 확인합니다.,2026-09-16T18:35:00,completed,700.0,False,initial,소액결제 한도 변경,PAYMENT_GUIDE_V2,N,2026-09-16T20:35:00,synthetic-seeder
220530,2026-09-16,405302,THREAD-PAY-P-6-030,RUN-PAY-P-6-030-2,한도 올리는 법,동의 절차와 본인인증 단계를 확인합니다.,2026-09-16T18:40:00,completed,700.0,True,repeat,소액결제 한도 변경,PAYMENT_GUIDE_V2,N,2026-09-16T20:40:00,synthetic-seeder
220531,2026-09-16,405311,THREAD-PAY-P-6-031,RUN-PAY-P-6-031-1,한도 올리는 법,동의 절차와 본인인증 단계를 확인합니다.,2026-09-16T18:36:00,completed,720.0,False,initial,소액결제 한도 변경,PAYMENT_GUIDE_V2,N,2026-09-16T20:36:00,synthetic-seeder
220531,2026-09-16,405312,THREAD-PAY-P-6-031,RUN-PAY-P-6-031-2,한도 변경 안 됨,동의 절차와 본인인증 단계를 확인합니다.,2026-09-16T18:41:00,completed,720.0,True,repeat,소액결제 한도 변경,PAYMENT_GUIDE_V2,N,2026-09-16T20:41:00,synthetic-seeder
220532,2026-09-16,405321,THREAD-PAY-P-6-032,RUN-PAY-P-6-032-1,한도 변경 안 됨,동의 절차와 본인인증 단계를 확인합니다.,2026-09-16T18:37:00,completed,580.0,False,initial,소액결제 한도 변경,PAYMENT_GUIDE_V2,N,2026-09-16T20:37:00,synthetic-seeder
220532,2026-09-16,405322,THREAD-PAY-P-6-032,RUN-PAY-P-6-032-2,결제 한도 변경 오류,동의 절차와 본인인증 단계를 확인합니다.,2026-09-16T18:42:00,completed,580.0,True,repeat,소액결제 한도 변경,PAYMENT_GUIDE_V2,N,2026-09-16T20:42:00,synthetic-seeder
220533,2026-09-16,405331,THREAD-PAY-P-6-033,RUN-PAY-P-6-033-1,결제 한도 변경 오류,동의 절차와 본인인증 단계를 확인합니다.,2026-09-16T18:38:00,completed,600.0,False,initial,소액결제 한도 변경,PAYMENT_GUIDE_V2,N,2026-09-16T20:38:00,synthetic-seeder
220533,2026-09-16,405332,THREAD-PAY-P-6-033,RUN-PAY-P-6-033-2,한도 변경 왜 안돼,동의 절차와 본인인증 단계를 확인합니다.,2026-09-16T18:43:00,completed,600.0,True,repeat,소액결제 한도 변경,PAYMENT_GUIDE_V2,N,2026-09-16T20:43:00,synthetic-seeder
220534,2026-09-16,405341,THREAD-PAY-P-6-034,RUN-PAY-P-6-034-1,한도 변경 왜 안돼,동의 절차와 본인인증 단계를 확인합니다.,2026-09-16T18:39:00,completed,620.0,False,initial,소액결제 한도 변경,PAYMENT_GUIDE_V2,N,2026-09-16T20:39:00,synthetic-seeder
220535,2026-09-16,405351,THREAD-PAY-P-6-035,RUN-PAY-P-6-035-1,소액결제 한도 늘리기,동의 절차와 본인인증 단계를 확인합니다.,2026-09-16T18:40:00,completed,640.0,False,initial,소액결제 한도 변경,PAYMENT_GUIDE_V2,N,2026-09-16T20:40:00,synthetic-seeder
220536,2026-09-16,405361,THREAD-PAY-P-6-036,RUN-PAY-P-6-036-1,결제 한도 변경,동의 절차와 본인인증 단계를 확인합니다.,2026-09-16T18:41:00,completed,660.0,False,initial,소액결제 한도 변경,PAYMENT_GUIDE_V2,N,2026-09-16T20:41:00,synthetic-seeder
220538,2026-09-16,405381,THREAD-PAY-P-6-038,RUN-PAY-P-6-038-1,한도 변경 안 됨,동의 절차와 본인인증 단계를 확인합니다.,2026-09-16T18:43:00,failed,700.0,False,initial,소액결제 한도 변경,PAYMENT_GUIDE_V2,N,2026-09-16T20:43:00,synthetic-seeder
220539,2026-09-16,405391,THREAD-PAY-P-6-039,RUN-PAY-P-6-039-1,결제 한도 변경 오류,동의 절차와 본인인증 단계를 확인합니다.,2026-09-16T18:44:00,failed,720.0,False,initial,소액결제 한도 변경,PAYMENT_GUIDE_V2,N,2026-09-16T20:44:00,synthetic-seeder
220540,2026-09-16,405401,THREAD-PAY-P-6-040,RUN-PAY-P-6-040-1,한도 변경 왜 안돼,동의 절차와 본인인증 단계를 확인합니다.,2026-09-16T18:45:00,failed,580.0,False,initial,소액결제 한도 변경,PAYMENT_GUIDE_V2,N,2026-09-16T20:45:00,synthetic-seeder
220631,2026-09-17,406311,THREAD-PAY-P-7-031,RUN-PAY-P-7-031-1,한도 올리는 법,동의 절차와 본인인증 단계를 확인합니다.,2026-09-17T18:36:00,completed,720.0,False,initial,소액결제 한도 변경,PAYMENT_GUIDE_V2,N,2026-09-17T20:36:00,synthetic-seeder
220631,2026-09-17,406312,THREAD-PAY-P-7-031,RUN-PAY-P-7-031-2,한도 변경 안 됨,동의 절차와 본인인증 단계를 확인합니다.,2026-09-17T18:41:00,completed,720.0,True,repeat,소액결제 한도 변경,PAYMENT_GUIDE_V2,N,2026-09-17T20:41:00,synthetic-seeder
220632,2026-09-17,406321,THREAD-PAY-P-7-032,RUN-PAY-P-7-032-1,한도 변경 안 됨,동의 절차와 본인인증 단계를 확인합니다.,2026-09-17T18:37:00,completed,580.0,False,initial,소액결제 한도 변경,PAYMENT_GUIDE_V2,N,2026-09-17T20:37:00,synthetic-seeder
220632,2026-09-17,406322,THREAD-PAY-P-7-032,RUN-PAY-P-7-032-2,결제 한도 변경 오류,동의 절차와 본인인증 단계를 확인합니다.,2026-09-17T18:42:00,completed,580.0,True,repeat,소액결제 한도 변경,PAYMENT_GUIDE_V2,N,2026-09-17T20:42:00,synthetic-seeder
220633,2026-09-17,406331,THREAD-PAY-P-7-033,RUN-PAY-P-7-033-1,결제 한도 변경 오류,동의 절차와 본인인증 단계를 확인합니다.,2026-09-17T18:38:00,completed,600.0,False,initial,소액결제 한도 변경,PAYMENT_GUIDE_V2,N,2026-09-17T20:38:00,synthetic-seeder
220633,2026-09-17,406332,THREAD-PAY-P-7-033,RUN-PAY-P-7-033-2,한도 변경 왜 안돼,동의 절차와 본인인증 단계를 확인합니다.,2026-09-17T18:43:00,completed,600.0,True,repeat,소액결제 한도 변경,PAYMENT_GUIDE_V2,N,2026-09-17T20:43:00,synthetic-seeder
220634,2026-09-17,406341,THREAD-PAY-P-7-034,RUN-PAY-P-7-034-1,한도 변경 왜 안돼,동의 절차와 본인인증 단계를 확인합니다.,2026-09-17T18:39:00,completed,620.0,False,initial,소액결제 한도 변경,PAYMENT_GUIDE_V2,N,2026-09-17T20:39:00,synthetic-seeder
220635,2026-09-17,406351,THREAD-PAY-P-7-035,RUN-PAY-P-7-035-1,소액결제 한도 늘리기,동의 절차와 본인인증 단계를 확인합니다.,2026-09-17T18:40:00,completed,640.0,False,initial,소액결제 한도 변경,PAYMENT_GUIDE_V2,N,2026-09-17T20:40:00,synthetic-seeder
220636,2026-09-17,406361,THREAD-PAY-P-7-036,RUN-PAY-P-7-036-1,결제 한도 변경,동의 절차와 본인인증 단계를 확인합니다.,2026-09-17T18:41:00,completed,660.0,False,initial,소액결제 한도 변경,PAYMENT_GUIDE_V2,N,2026-09-17T20:41:00,synthetic-seeder
220637,2026-09-17,406371,THREAD-PAY-P-7-037,RUN-PAY-P-7-037-1,한도 올리는 법,동의 절차와 본인인증 단계를 확인합니다.,2026-09-17T18:42:00,completed,680.0,False,initial,소액결제 한도 변경,PAYMENT_GUIDE_V2,N,2026-09-17T20:42:00,synthetic-seeder
220638,2026-09-17,406381,THREAD-PAY-P-7-038,RUN-PAY-P-7-038-1,한도 변경 안 됨,동의 절차와 본인인증 단계를 확인합니다.,2026-09-17T18:43:00,completed,700.0,False,initial,소액결제 한도 변경,PAYMENT_GUIDE_V2,N,2026-09-17T20:43:00,synthetic-seeder
220639,2026-09-17,406391,THREAD-PAY-P-7-039,RUN-PAY-P-7-039-1,결제 한도 변경 오류,동의 절차와 본인인증 단계를 확인합니다.,2026-09-17T18:44:00,completed,720.0,False,initial,소액결제 한도 변경,PAYMENT_GUIDE_V2,N,2026-09-17T20:44:00,synthetic-seeder
220640,2026-09-17,406401,THREAD-PAY-P-7-040,RUN-PAY-P-7-040-1,한도 변경 왜 안돼,동의 절차와 본인인증 단계를 확인합니다.,2026-09-17T18:45:00,completed,580.0,False,initial,소액결제 한도 변경,PAYMENT_GUIDE_V2,N,2026-09-17T20:45:00,synthetic-seeder
310009,2026-09-04,3100090,THREAD-310009,RUN-310009,로밍 요금제 추천,로밍 요금제의 데이터 제공량과 가격을 비교할 수 있습니다.,2026-09-04T09:09:00,completed,650.0,False,initial,해외 로밍 이용,ROAMING_GUIDE,N,2026-09-04T11:09:00,synthetic-seeder
310004,2026-09-04,3100040,THREAD-310004,RUN-310004,로밍 요금제 추천,로밍 요금제의 데이터 제공량과 가격을 비교할 수 있습니다.,2026-09-04T09:04:00,completed,650.0,False,initial,해외 로밍 이용,ROAMING_GUIDE,N,2026-09-04T11:04:00,synthetic-seeder
310005,2026-09-04,3100050,THREAD-310005,RUN-310005,로밍 요금제 추천,로밍 요금제의 데이터 제공량과 가격을 비교할 수 있습니다.,2026-09-04T09:05:00,completed,650.0,False,initial,해외 로밍 이용,ROAMING_GUIDE,N,2026-09-04T11:05:00,synthetic-seeder
310016,2026-09-04,3100160,THREAD-310016,RUN-310016,로밍 요금제 추천,로밍 요금제의 데이터 제공량과 가격을 비교할 수 있습니다.,2026-09-04T09:16:00,completed,650.0,False,initial,해외 로밍 이용,ROAMING_GUIDE,N,2026-09-04T11:16:00,synthetic-seeder
310012,2026-09-04,3100120,THREAD-310012,RUN-310012,로밍 요금제 추천,로밍 요금제의 데이터 제공량과 가격을 비교할 수 있습니다.,2026-09-04T09:12:00,completed,650.0,False,initial,해외 로밍 이용,ROAMING_GUIDE,N,2026-09-04T11:12:00,synthetic-seeder
310019,2026-09-04,3100190,THREAD-310019,RUN-310019,로밍 요금제 추천,로밍 요금제의 데이터 제공량과 가격을 비교할 수 있습니다.,2026-09-04T09:19:00,completed,650.0,False,initial,해외 로밍 이용,ROAMING_GUIDE,N,2026-09-04T11:19:00,synthetic-seeder
310003,2026-09-04,3100030,THREAD-310003,RUN-310003,로밍 요금제 추천,로밍 요금제의 데이터 제공량과 가격을 비교할 수 있습니다.,2026-09-04T09:03:00,completed,650.0,False,initial,해외 로밍 이용,ROAMING_GUIDE,N,2026-09-04T11:03:00,synthetic-seeder
310001,2026-09-04,3100010,THREAD-310001,RUN-310001,로밍 요금제 추천,로밍 요금제의 데이터 제공량과 가격을 비교할 수 있습니다.,2026-09-04T09:01:00,completed,650.0,False,initial,해외 로밍 이용,ROAMING_GUIDE,N,2026-09-04T11:01:00,synthetic-seeder
310006,2026-09-04,3100060,THREAD-310006,RUN-310006,로밍 요금제 추천,로밍 요금제의 데이터 제공량과 가격을 비교할 수 있습니다.,2026-09-04T09:06:00,completed,650.0,False,initial,해외 로밍 이용,ROAMING_GUIDE,N,2026-09-04T11:06:00,synthetic-seeder
310018,2026-09-04,3100180,THREAD-310018,RUN-310018,로밍 요금제 추천,로밍 요금제의 데이터 제공량과 가격을 비교할 수 있습니다.,2026-09-04T09:18:00,completed,650.0,False,initial,해외 로밍 이용,ROAMING_GUIDE,N,2026-09-04T11:18:00,synthetic-seeder
310002,2026-09-04,3100020,THREAD-310002,RUN-310002,로밍 요금제 추천,로밍 요금제의 데이터 제공량과 가격을 비교할 수 있습니다.,2026-09-04T09:02:00,completed,650.0,False,initial,해외 로밍 이용,ROAMING_GUIDE,N,2026-09-04T11:02:00,synthetic-seeder
310013,2026-09-04,3100130,THREAD-310013,RUN-310013,로밍 요금제 추천,로밍 요금제의 데이터 제공량과 가격을 비교할 수 있습니다.,2026-09-04T09:13:00,completed,650.0,False,initial,해외 로밍 이용,ROAMING_GUIDE,N,2026-09-04T11:13:00,synthetic-seeder
310011,2026-09-04,3100110,THREAD-310011,RUN-310011,로밍 요금제 추천,로밍 요금제의 데이터 제공량과 가격을 비교할 수 있습니다.,2026-09-04T09:11:00,completed,650.0,False,initial,해외 로밍 이용,ROAMING_GUIDE,N,2026-09-04T11:11:00,synthetic-seeder
310007,2026-09-04,3100070,THREAD-310007,RUN-310007,로밍 요금제 추천,로밍 요금제의 데이터 제공량과 가격을 비교할 수 있습니다.,2026-09-04T09:07:00,completed,650.0,False,initial,해외 로밍 이용,ROAMING_GUIDE,N,2026-09-04T11:07:00,synthetic-seeder
310020,2026-09-04,3100200,THREAD-310020,RUN-310020,로밍 요금제 추천,로밍 요금제의 데이터 제공량과 가격을 비교할 수 있습니다.,2026-09-04T09:20:00,completed,650.0,False,initial,해외 로밍 이용,ROAMING_GUIDE,N,2026-09-04T11:20:00,synthetic-seeder
310015,2026-09-04,3100150,THREAD-310015,RUN-310015,로밍 요금제 추천,로밍 요금제의 데이터 제공량과 가격을 비교할 수 있습니다.,2026-09-04T09:15:00,completed,650.0,False,initial,해외 로밍 이용,ROAMING_GUIDE,N,2026-09-04T11:15:00,synthetic-seeder
310017,2026-09-04,3100170,THREAD-310017,RUN-310017,로밍 요금제 추천,로밍 요금제의 데이터 제공량과 가격을 비교할 수 있습니다.,2026-09-04T09:17:00,completed,650.0,False,initial,해외 로밍 이용,ROAMING_GUIDE,N,2026-09-04T11:17:00,synthetic-seeder
310008,2026-09-04,3100080,THREAD-310008,RUN-310008,로밍 요금제 추천,로밍 요금제의 데이터 제공량과 가격을 비교할 수 있습니다.,2026-09-04T09:08:00,completed,650.0,False,initial,해외 로밍 이용,ROAMING_GUIDE,N,2026-09-04T11:08:00,synthetic-seeder
310014,2026-09-04,3100140,THREAD-310014,RUN-310014,로밍 요금제 추천,로밍 요금제의 데이터 제공량과 가격을 비교할 수 있습니다.,2026-09-04T09:14:00,completed,650.0,False,initial,해외 로밍 이용,ROAMING_GUIDE,N,2026-09-04T11:14:00,synthetic-seeder
310010,2026-09-04,3100100,THREAD-310010,RUN-310010,로밍 요금제 추천,로밍 요금제의 데이터 제공량과 가격을 비교할 수 있습니다.,2026-09-04T09:10:00,completed,650.0,False,initial,해외 로밍 이용,ROAMING_GUIDE,N,2026-09-04T11:10:00,synthetic-seeder
310118,2026-09-05,3101180,THREAD-310118,RUN-310118,로밍 요금제 추천,로밍 요금제의 데이터 제공량과 가격을 비교할 수 있습니다.,2026-09-05T09:18:00,completed,650.0,False,initial,해외 로밍 이용,ROAMING_GUIDE,N,2026-09-05T11:18:00,synthetic-seeder
310108,2026-09-05,3101080,THREAD-310108,RUN-310108,로밍 요금제 추천,로밍 요금제의 데이터 제공량과 가격을 비교할 수 있습니다.,2026-09-05T09:08:00,completed,650.0,False,initial,해외 로밍 이용,ROAMING_GUIDE,N,2026-09-05T11:08:00,synthetic-seeder
310104,2026-09-05,3101040,THREAD-310104,RUN-310104,로밍 요금제 추천,로밍 요금제의 데이터 제공량과 가격을 비교할 수 있습니다.,2026-09-05T09:04:00,completed,650.0,False,initial,해외 로밍 이용,ROAMING_GUIDE,N,2026-09-05T11:04:00,synthetic-seeder
310113,2026-09-05,3101130,THREAD-310113,RUN-310113,로밍 요금제 추천,로밍 요금제의 데이터 제공량과 가격을 비교할 수 있습니다.,2026-09-05T09:13:00,completed,650.0,False,initial,해외 로밍 이용,ROAMING_GUIDE,N,2026-09-05T11:13:00,synthetic-seeder
310111,2026-09-05,3101110,THREAD-310111,RUN-310111,로밍 요금제 추천,로밍 요금제의 데이터 제공량과 가격을 비교할 수 있습니다.,2026-09-05T09:11:00,completed,650.0,False,initial,해외 로밍 이용,ROAMING_GUIDE,N,2026-09-05T11:11:00,synthetic-seeder
310110,2026-09-05,3101100,THREAD-310110,RUN-310110,로밍 요금제 추천,로밍 요금제의 데이터 제공량과 가격을 비교할 수 있습니다.,2026-09-05T09:10:00,completed,650.0,False,initial,해외 로밍 이용,ROAMING_GUIDE,N,2026-09-05T11:10:00,synthetic-seeder
310119,2026-09-05,3101190,THREAD-310119,RUN-310119,로밍 요금제 추천,로밍 요금제의 데이터 제공량과 가격을 비교할 수 있습니다.,2026-09-05T09:19:00,completed,650.0,False,initial,해외 로밍 이용,ROAMING_GUIDE,N,2026-09-05T11:19:00,synthetic-seeder
310106,2026-09-05,3101060,THREAD-310106,RUN-310106,로밍 요금제 추천,로밍 요금제의 데이터 제공량과 가격을 비교할 수 있습니다.,2026-09-05T09:06:00,completed,650.0,False,initial,해외 로밍 이용,ROAMING_GUIDE,N,2026-09-05T11:06:00,synthetic-seeder
310117,2026-09-05,3101170,THREAD-310117,RUN-310117,로밍 요금제 추천,로밍 요금제의 데이터 제공량과 가격을 비교할 수 있습니다.,2026-09-05T09:17:00,completed,650.0,False,initial,해외 로밍 이용,ROAMING_GUIDE,N,2026-09-05T11:17:00,synthetic-seeder
310120,2026-09-05,3101200,THREAD-310120,RUN-310120,로밍 요금제 추천,로밍 요금제의 데이터 제공량과 가격을 비교할 수 있습니다.,2026-09-05T09:20:00,completed,650.0,False,initial,해외 로밍 이용,ROAMING_GUIDE,N,2026-09-05T11:20:00,synthetic-seeder
310109,2026-09-05,3101090,THREAD-310109,RUN-310109,로밍 요금제 추천,로밍 요금제의 데이터 제공량과 가격을 비교할 수 있습니다.,2026-09-05T09:09:00,completed,650.0,False,initial,해외 로밍 이용,ROAMING_GUIDE,N,2026-09-05T11:09:00,synthetic-seeder
310105,2026-09-05,3101050,THREAD-310105,RUN-310105,로밍 요금제 추천,로밍 요금제의 데이터 제공량과 가격을 비교할 수 있습니다.,2026-09-05T09:05:00,completed,650.0,False,initial,해외 로밍 이용,ROAMING_GUIDE,N,2026-09-05T11:05:00,synthetic-seeder
310115,2026-09-05,3101150,THREAD-310115,RUN-310115,로밍 요금제 추천,로밍 요금제의 데이터 제공량과 가격을 비교할 수 있습니다.,2026-09-05T09:15:00,completed,650.0,False,initial,해외 로밍 이용,ROAMING_GUIDE,N,2026-09-05T11:15:00,synthetic-seeder
310116,2026-09-05,3101160,THREAD-310116,RUN-310116,로밍 요금제 추천,로밍 요금제의 데이터 제공량과 가격을 비교할 수 있습니다.,2026-09-05T09:16:00,completed,650.0,False,initial,해외 로밍 이용,ROAMING_GUIDE,N,2026-09-05T11:16:00,synthetic-seeder
310114,2026-09-05,3101140,THREAD-310114,RUN-310114,로밍 요금제 추천,로밍 요금제의 데이터 제공량과 가격을 비교할 수 있습니다.,2026-09-05T09:14:00,completed,650.0,False,initial,해외 로밍 이용,ROAMING_GUIDE,N,2026-09-05T11:14:00,synthetic-seeder
310102,2026-09-05,3101020,THREAD-310102,RUN-310102,로밍 요금제 추천,로밍 요금제의 데이터 제공량과 가격을 비교할 수 있습니다.,2026-09-05T09:02:00,completed,650.0,False,initial,해외 로밍 이용,ROAMING_GUIDE,N,2026-09-05T11:02:00,synthetic-seeder
310107,2026-09-05,3101070,THREAD-310107,RUN-310107,로밍 요금제 추천,로밍 요금제의 데이터 제공량과 가격을 비교할 수 있습니다.,2026-09-05T09:07:00,completed,650.0,False,initial,해외 로밍 이용,ROAMING_GUIDE,N,2026-09-05T11:07:00,synthetic-seeder
310101,2026-09-05,3101010,THREAD-310101,RUN-310101,로밍 요금제 추천,로밍 요금제의 데이터 제공량과 가격을 비교할 수 있습니다.,2026-09-05T09:01:00,completed,650.0,False,initial,해외 로밍 이용,ROAMING_GUIDE,N,2026-09-05T11:01:00,synthetic-seeder
310112,2026-09-05,3101120,THREAD-310112,RUN-310112,로밍 요금제 추천,로밍 요금제의 데이터 제공량과 가격을 비교할 수 있습니다.,2026-09-05T09:12:00,completed,650.0,False,initial,해외 로밍 이용,ROAMING_GUIDE,N,2026-09-05T11:12:00,synthetic-seeder
310103,2026-09-05,3101030,THREAD-310103,RUN-310103,로밍 요금제 추천,로밍 요금제의 데이터 제공량과 가격을 비교할 수 있습니다.,2026-09-05T09:03:00,completed,650.0,False,initial,해외 로밍 이용,ROAMING_GUIDE,N,2026-09-05T11:03:00,synthetic-seeder
310203,2026-09-06,3102030,THREAD-310203,RUN-310203,로밍 요금제 추천,로밍 요금제의 데이터 제공량과 가격을 비교할 수 있습니다.,2026-09-06T09:03:00,completed,650.0,False,initial,해외 로밍 이용,ROAMING_GUIDE,N,2026-09-06T11:03:00,synthetic-seeder
310202,2026-09-06,3102020,THREAD-310202,RUN-310202,로밍 요금제 추천,로밍 요금제의 데이터 제공량과 가격을 비교할 수 있습니다.,2026-09-06T09:02:00,completed,650.0,False,initial,해외 로밍 이용,ROAMING_GUIDE,N,2026-09-06T11:02:00,synthetic-seeder
310220,2026-09-06,3102200,THREAD-310220,RUN-310220,로밍 요금제 추천,로밍 요금제의 데이터 제공량과 가격을 비교할 수 있습니다.,2026-09-06T09:20:00,completed,650.0,False,initial,해외 로밍 이용,ROAMING_GUIDE,N,2026-09-06T11:20:00,synthetic-seeder
310211,2026-09-06,3102110,THREAD-310211,RUN-310211,로밍 요금제 추천,로밍 요금제의 데이터 제공량과 가격을 비교할 수 있습니다.,2026-09-06T09:11:00,completed,650.0,False,initial,해외 로밍 이용,ROAMING_GUIDE,N,2026-09-06T11:11:00,synthetic-seeder
310214,2026-09-06,3102140,THREAD-310214,RUN-310214,로밍 요금제 추천,로밍 요금제의 데이터 제공량과 가격을 비교할 수 있습니다.,2026-09-06T09:14:00,completed,650.0,False,initial,해외 로밍 이용,ROAMING_GUIDE,N,2026-09-06T11:14:00,synthetic-seeder
310210,2026-09-06,3102100,THREAD-310210,RUN-310210,로밍 요금제 추천,로밍 요금제의 데이터 제공량과 가격을 비교할 수 있습니다.,2026-09-06T09:10:00,completed,650.0,False,initial,해외 로밍 이용,ROAMING_GUIDE,N,2026-09-06T11:10:00,synthetic-seeder
310209,2026-09-06,3102090,THREAD-310209,RUN-310209,로밍 요금제 추천,로밍 요금제의 데이터 제공량과 가격을 비교할 수 있습니다.,2026-09-06T09:09:00,completed,650.0,False,initial,해외 로밍 이용,ROAMING_GUIDE,N,2026-09-06T11:09:00,synthetic-seeder
310213,2026-09-06,3102130,THREAD-310213,RUN-310213,로밍 요금제 추천,로밍 요금제의 데이터 제공량과 가격을 비교할 수 있습니다.,2026-09-06T09:13:00,completed,650.0,False,initial,해외 로밍 이용,ROAMING_GUIDE,N,2026-09-06T11:13:00,synthetic-seeder
310201,2026-09-06,3102010,THREAD-310201,RUN-310201,로밍 요금제 추천,로밍 요금제의 데이터 제공량과 가격을 비교할 수 있습니다.,2026-09-06T09:01:00,completed,650.0,False,initial,해외 로밍 이용,ROAMING_GUIDE,N,2026-09-06T11:01:00,synthetic-seeder
310215,2026-09-06,3102150,THREAD-310215,RUN-310215,로밍 요금제 추천,로밍 요금제의 데이터 제공량과 가격을 비교할 수 있습니다.,2026-09-06T09:15:00,completed,650.0,False,initial,해외 로밍 이용,ROAMING_GUIDE,N,2026-09-06T11:15:00,synthetic-seeder
310204,2026-09-06,3102040,THREAD-310204,RUN-310204,로밍 요금제 추천,로밍 요금제의 데이터 제공량과 가격을 비교할 수 있습니다.,2026-09-06T09:04:00,completed,650.0,False,initial,해외 로밍 이용,ROAMING_GUIDE,N,2026-09-06T11:04:00,synthetic-seeder
310219,2026-09-06,3102190,THREAD-310219,RUN-310219,로밍 요금제 추천,로밍 요금제의 데이터 제공량과 가격을 비교할 수 있습니다.,2026-09-06T09:19:00,completed,650.0,False,initial,해외 로밍 이용,ROAMING_GUIDE,N,2026-09-06T11:19:00,synthetic-seeder
310207,2026-09-06,3102070,THREAD-310207,RUN-310207,로밍 요금제 추천,로밍 요금제의 데이터 제공량과 가격을 비교할 수 있습니다.,2026-09-06T09:07:00,completed,650.0,False,initial,해외 로밍 이용,ROAMING_GUIDE,N,2026-09-06T11:07:00,synthetic-seeder
310206,2026-09-06,3102060,THREAD-310206,RUN-310206,로밍 요금제 추천,로밍 요금제의 데이터 제공량과 가격을 비교할 수 있습니다.,2026-09-06T09:06:00,completed,650.0,False,initial,해외 로밍 이용,ROAMING_GUIDE,N,2026-09-06T11:06:00,synthetic-seeder
310217,2026-09-06,3102170,THREAD-310217,RUN-310217,로밍 요금제 추천,로밍 요금제의 데이터 제공량과 가격을 비교할 수 있습니다.,2026-09-06T09:17:00,completed,650.0,False,initial,해외 로밍 이용,ROAMING_GUIDE,N,2026-09-06T11:17:00,synthetic-seeder
310208,2026-09-06,3102080,THREAD-310208,RUN-310208,로밍 요금제 추천,로밍 요금제의 데이터 제공량과 가격을 비교할 수 있습니다.,2026-09-06T09:08:00,completed,650.0,False,initial,해외 로밍 이용,ROAMING_GUIDE,N,2026-09-06T11:08:00,synthetic-seeder
310205,2026-09-06,3102050,THREAD-310205,RUN-310205,로밍 요금제 추천,로밍 요금제의 데이터 제공량과 가격을 비교할 수 있습니다.,2026-09-06T09:05:00,completed,650.0,False,initial,해외 로밍 이용,ROAMING_GUIDE,N,2026-09-06T11:05:00,synthetic-seeder
310212,2026-09-06,3102120,THREAD-310212,RUN-310212,로밍 요금제 추천,로밍 요금제의 데이터 제공량과 가격을 비교할 수 있습니다.,2026-09-06T09:12:00,completed,650.0,False,initial,해외 로밍 이용,ROAMING_GUIDE,N,2026-09-06T11:12:00,synthetic-seeder
310218,2026-09-06,3102180,THREAD-310218,RUN-310218,로밍 요금제 추천,로밍 요금제의 데이터 제공량과 가격을 비교할 수 있습니다.,2026-09-06T09:18:00,completed,650.0,False,initial,해외 로밍 이용,ROAMING_GUIDE,N,2026-09-06T11:18:00,synthetic-seeder
310216,2026-09-06,3102160,THREAD-310216,RUN-310216,로밍 요금제 추천,로밍 요금제의 데이터 제공량과 가격을 비교할 수 있습니다.,2026-09-06T09:16:00,completed,650.0,False,initial,해외 로밍 이용,ROAMING_GUIDE,N,2026-09-06T11:16:00,synthetic-seeder
310310,2026-09-07,3103100,THREAD-310310,RUN-310310,로밍 요금제 추천,로밍 요금제의 데이터 제공량과 가격을 비교할 수 있습니다.,2026-09-07T09:10:00,completed,650.0,False,initial,해외 로밍 이용,ROAMING_GUIDE,N,2026-09-07T11:10:00,synthetic-seeder
310301,2026-09-07,3103010,THREAD-310301,RUN-310301,로밍 요금제 추천,로밍 요금제의 데이터 제공량과 가격을 비교할 수 있습니다.,2026-09-07T09:01:00,completed,650.0,False,initial,해외 로밍 이용,ROAMING_GUIDE,N,2026-09-07T11:01:00,synthetic-seeder
310315,2026-09-07,3103150,THREAD-310315,RUN-310315,로밍 요금제 추천,로밍 요금제의 데이터 제공량과 가격을 비교할 수 있습니다.,2026-09-07T09:15:00,completed,650.0,False,initial,해외 로밍 이용,ROAMING_GUIDE,N,2026-09-07T11:15:00,synthetic-seeder
310316,2026-09-07,3103160,THREAD-310316,RUN-310316,로밍 요금제 추천,로밍 요금제의 데이터 제공량과 가격을 비교할 수 있습니다.,2026-09-07T09:16:00,completed,650.0,False,initial,해외 로밍 이용,ROAMING_GUIDE,N,2026-09-07T11:16:00,synthetic-seeder
310302,2026-09-07,3103020,THREAD-310302,RUN-310302,로밍 요금제 추천,로밍 요금제의 데이터 제공량과 가격을 비교할 수 있습니다.,2026-09-07T09:02:00,completed,650.0,False,initial,해외 로밍 이용,ROAMING_GUIDE,N,2026-09-07T11:02:00,synthetic-seeder
310306,2026-09-07,3103060,THREAD-310306,RUN-310306,로밍 요금제 추천,로밍 요금제의 데이터 제공량과 가격을 비교할 수 있습니다.,2026-09-07T09:06:00,completed,650.0,False,initial,해외 로밍 이용,ROAMING_GUIDE,N,2026-09-07T11:06:00,synthetic-seeder
310305,2026-09-07,3103050,THREAD-310305,RUN-310305,로밍 요금제 추천,로밍 요금제의 데이터 제공량과 가격을 비교할 수 있습니다.,2026-09-07T09:05:00,completed,650.0,False,initial,해외 로밍 이용,ROAMING_GUIDE,N,2026-09-07T11:05:00,synthetic-seeder
310312,2026-09-07,3103120,THREAD-310312,RUN-310312,로밍 요금제 추천,로밍 요금제의 데이터 제공량과 가격을 비교할 수 있습니다.,2026-09-07T09:12:00,completed,650.0,False,initial,해외 로밍 이용,ROAMING_GUIDE,N,2026-09-07T11:12:00,synthetic-seeder
310309,2026-09-07,3103090,THREAD-310309,RUN-310309,로밍 요금제 추천,로밍 요금제의 데이터 제공량과 가격을 비교할 수 있습니다.,2026-09-07T09:09:00,completed,650.0,False,initial,해외 로밍 이용,ROAMING_GUIDE,N,2026-09-07T11:09:00,synthetic-seeder
310307,2026-09-07,3103070,THREAD-310307,RUN-310307,로밍 요금제 추천,로밍 요금제의 데이터 제공량과 가격을 비교할 수 있습니다.,2026-09-07T09:07:00,completed,650.0,False,initial,해외 로밍 이용,ROAMING_GUIDE,N,2026-09-07T11:07:00,synthetic-seeder
310317,2026-09-07,3103170,THREAD-310317,RUN-310317,로밍 요금제 추천,로밍 요금제의 데이터 제공량과 가격을 비교할 수 있습니다.,2026-09-07T09:17:00,completed,650.0,False,initial,해외 로밍 이용,ROAMING_GUIDE,N,2026-09-07T11:17:00,synthetic-seeder
310313,2026-09-07,3103130,THREAD-310313,RUN-310313,로밍 요금제 추천,로밍 요금제의 데이터 제공량과 가격을 비교할 수 있습니다.,2026-09-07T09:13:00,completed,650.0,False,initial,해외 로밍 이용,ROAMING_GUIDE,N,2026-09-07T11:13:00,synthetic-seeder
310314,2026-09-07,3103140,THREAD-310314,RUN-310314,로밍 요금제 추천,로밍 요금제의 데이터 제공량과 가격을 비교할 수 있습니다.,2026-09-07T09:14:00,completed,650.0,False,initial,해외 로밍 이용,ROAMING_GUIDE,N,2026-09-07T11:14:00,synthetic-seeder
310308,2026-09-07,3103080,THREAD-310308,RUN-310308,로밍 요금제 추천,로밍 요금제의 데이터 제공량과 가격을 비교할 수 있습니다.,2026-09-07T09:08:00,completed,650.0,False,initial,해외 로밍 이용,ROAMING_GUIDE,N,2026-09-07T11:08:00,synthetic-seeder
310319,2026-09-07,3103190,THREAD-310319,RUN-310319,로밍 요금제 추천,로밍 요금제의 데이터 제공량과 가격을 비교할 수 있습니다.,2026-09-07T09:19:00,completed,650.0,False,initial,해외 로밍 이용,ROAMING_GUIDE,N,2026-09-07T11:19:00,synthetic-seeder
310318,2026-09-07,3103180,THREAD-310318,RUN-310318,로밍 요금제 추천,로밍 요금제의 데이터 제공량과 가격을 비교할 수 있습니다.,2026-09-07T09:18:00,completed,650.0,False,initial,해외 로밍 이용,ROAMING_GUIDE,N,2026-09-07T11:18:00,synthetic-seeder
310320,2026-09-07,3103200,THREAD-310320,RUN-310320,로밍 요금제 추천,로밍 요금제의 데이터 제공량과 가격을 비교할 수 있습니다.,2026-09-07T09:20:00,completed,650.0,False,initial,해외 로밍 이용,ROAMING_GUIDE,N,2026-09-07T11:20:00,synthetic-seeder
310311,2026-09-07,3103110,THREAD-310311,RUN-310311,로밍 요금제 추천,로밍 요금제의 데이터 제공량과 가격을 비교할 수 있습니다.,2026-09-07T09:11:00,completed,650.0,False,initial,해외 로밍 이용,ROAMING_GUIDE,N,2026-09-07T11:11:00,synthetic-seeder
310304,2026-09-07,3103040,THREAD-310304,RUN-310304,로밍 요금제 추천,로밍 요금제의 데이터 제공량과 가격을 비교할 수 있습니다.,2026-09-07T09:04:00,completed,650.0,False,initial,해외 로밍 이용,ROAMING_GUIDE,N,2026-09-07T11:04:00,synthetic-seeder
310303,2026-09-07,3103030,THREAD-310303,RUN-310303,로밍 요금제 추천,로밍 요금제의 데이터 제공량과 가격을 비교할 수 있습니다.,2026-09-07T09:03:00,completed,650.0,False,initial,해외 로밍 이용,ROAMING_GUIDE,N,2026-09-07T11:03:00,synthetic-seeder
310411,2026-09-08,3104110,THREAD-310411,RUN-310411,로밍 요금제 추천,로밍 요금제의 데이터 제공량과 가격을 비교할 수 있습니다.,2026-09-08T09:11:00,completed,650.0,False,initial,해외 로밍 이용,ROAMING_GUIDE,N,2026-09-08T11:11:00,synthetic-seeder
310404,2026-09-08,3104040,THREAD-310404,RUN-310404,로밍 요금제 추천,로밍 요금제의 데이터 제공량과 가격을 비교할 수 있습니다.,2026-09-08T09:04:00,completed,650.0,False,initial,해외 로밍 이용,ROAMING_GUIDE,N,2026-09-08T11:04:00,synthetic-seeder
310418,2026-09-08,3104180,THREAD-310418,RUN-310418,로밍 요금제 추천,로밍 요금제의 데이터 제공량과 가격을 비교할 수 있습니다.,2026-09-08T09:18:00,completed,650.0,False,initial,해외 로밍 이용,ROAMING_GUIDE,N,2026-09-08T11:18:00,synthetic-seeder
310403,2026-09-08,3104030,THREAD-310403,RUN-310403,로밍 요금제 추천,로밍 요금제의 데이터 제공량과 가격을 비교할 수 있습니다.,2026-09-08T09:03:00,completed,650.0,False,initial,해외 로밍 이용,ROAMING_GUIDE,N,2026-09-08T11:03:00,synthetic-seeder
310408,2026-09-08,3104080,THREAD-310408,RUN-310408,로밍 요금제 추천,로밍 요금제의 데이터 제공량과 가격을 비교할 수 있습니다.,2026-09-08T09:08:00,completed,650.0,False,initial,해외 로밍 이용,ROAMING_GUIDE,N,2026-09-08T11:08:00,synthetic-seeder
310410,2026-09-08,3104100,THREAD-310410,RUN-310410,로밍 요금제 추천,로밍 요금제의 데이터 제공량과 가격을 비교할 수 있습니다.,2026-09-08T09:10:00,completed,650.0,False,initial,해외 로밍 이용,ROAMING_GUIDE,N,2026-09-08T11:10:00,synthetic-seeder
310417,2026-09-08,3104170,THREAD-310417,RUN-310417,로밍 요금제 추천,로밍 요금제의 데이터 제공량과 가격을 비교할 수 있습니다.,2026-09-08T09:17:00,completed,650.0,False,initial,해외 로밍 이용,ROAMING_GUIDE,N,2026-09-08T11:17:00,synthetic-seeder
310415,2026-09-08,3104150,THREAD-310415,RUN-310415,로밍 요금제 추천,로밍 요금제의 데이터 제공량과 가격을 비교할 수 있습니다.,2026-09-08T09:15:00,completed,650.0,False,initial,해외 로밍 이용,ROAMING_GUIDE,N,2026-09-08T11:15:00,synthetic-seeder
310406,2026-09-08,3104060,THREAD-310406,RUN-310406,로밍 요금제 추천,로밍 요금제의 데이터 제공량과 가격을 비교할 수 있습니다.,2026-09-08T09:06:00,completed,650.0,False,initial,해외 로밍 이용,ROAMING_GUIDE,N,2026-09-08T11:06:00,synthetic-seeder
310416,2026-09-08,3104160,THREAD-310416,RUN-310416,로밍 요금제 추천,로밍 요금제의 데이터 제공량과 가격을 비교할 수 있습니다.,2026-09-08T09:16:00,completed,650.0,False,initial,해외 로밍 이용,ROAMING_GUIDE,N,2026-09-08T11:16:00,synthetic-seeder
310414,2026-09-08,3104140,THREAD-310414,RUN-310414,로밍 요금제 추천,로밍 요금제의 데이터 제공량과 가격을 비교할 수 있습니다.,2026-09-08T09:14:00,completed,650.0,False,initial,해외 로밍 이용,ROAMING_GUIDE,N,2026-09-08T11:14:00,synthetic-seeder
310419,2026-09-08,3104190,THREAD-310419,RUN-310419,로밍 요금제 추천,로밍 요금제의 데이터 제공량과 가격을 비교할 수 있습니다.,2026-09-08T09:19:00,completed,650.0,False,initial,해외 로밍 이용,ROAMING_GUIDE,N,2026-09-08T11:19:00,synthetic-seeder
310402,2026-09-08,3104020,THREAD-310402,RUN-310402,로밍 요금제 추천,로밍 요금제의 데이터 제공량과 가격을 비교할 수 있습니다.,2026-09-08T09:02:00,completed,650.0,False,initial,해외 로밍 이용,ROAMING_GUIDE,N,2026-09-08T11:02:00,synthetic-seeder
310409,2026-09-08,3104090,THREAD-310409,RUN-310409,로밍 요금제 추천,로밍 요금제의 데이터 제공량과 가격을 비교할 수 있습니다.,2026-09-08T09:09:00,completed,650.0,False,initial,해외 로밍 이용,ROAMING_GUIDE,N,2026-09-08T11:09:00,synthetic-seeder
310405,2026-09-08,3104050,THREAD-310405,RUN-310405,로밍 요금제 추천,로밍 요금제의 데이터 제공량과 가격을 비교할 수 있습니다.,2026-09-08T09:05:00,completed,650.0,False,initial,해외 로밍 이용,ROAMING_GUIDE,N,2026-09-08T11:05:00,synthetic-seeder
310420,2026-09-08,3104200,THREAD-310420,RUN-310420,로밍 요금제 추천,로밍 요금제의 데이터 제공량과 가격을 비교할 수 있습니다.,2026-09-08T09:20:00,completed,650.0,False,initial,해외 로밍 이용,ROAMING_GUIDE,N,2026-09-08T11:20:00,synthetic-seeder
310413,2026-09-08,3104130,THREAD-310413,RUN-310413,로밍 요금제 추천,로밍 요금제의 데이터 제공량과 가격을 비교할 수 있습니다.,2026-09-08T09:13:00,completed,650.0,False,initial,해외 로밍 이용,ROAMING_GUIDE,N,2026-09-08T11:13:00,synthetic-seeder
310407,2026-09-08,3104070,THREAD-310407,RUN-310407,로밍 요금제 추천,로밍 요금제의 데이터 제공량과 가격을 비교할 수 있습니다.,2026-09-08T09:07:00,completed,650.0,False,initial,해외 로밍 이용,ROAMING_GUIDE,N,2026-09-08T11:07:00,synthetic-seeder
310412,2026-09-08,3104120,THREAD-310412,RUN-310412,로밍 요금제 추천,로밍 요금제의 데이터 제공량과 가격을 비교할 수 있습니다.,2026-09-08T09:12:00,completed,650.0,False,initial,해외 로밍 이용,ROAMING_GUIDE,N,2026-09-08T11:12:00,synthetic-seeder
310401,2026-09-08,3104010,THREAD-310401,RUN-310401,로밍 요금제 추천,로밍 요금제의 데이터 제공량과 가격을 비교할 수 있습니다.,2026-09-08T09:01:00,completed,650.0,False,initial,해외 로밍 이용,ROAMING_GUIDE,N,2026-09-08T11:01:00,synthetic-seeder
310516,2026-09-09,3105160,THREAD-310516,RUN-310516,로밍 요금제 추천,로밍 요금제의 데이터 제공량과 가격을 비교할 수 있습니다.,2026-09-09T09:16:00,completed,650.0,False,initial,해외 로밍 이용,ROAMING_GUIDE,N,2026-09-09T11:16:00,synthetic-seeder
310517,2026-09-09,3105170,THREAD-310517,RUN-310517,로밍 요금제 추천,로밍 요금제의 데이터 제공량과 가격을 비교할 수 있습니다.,2026-09-09T09:17:00,completed,650.0,False,initial,해외 로밍 이용,ROAMING_GUIDE,N,2026-09-09T11:17:00,synthetic-seeder
310503,2026-09-09,3105030,THREAD-310503,RUN-310503,로밍 요금제 추천,로밍 요금제의 데이터 제공량과 가격을 비교할 수 있습니다.,2026-09-09T09:03:00,completed,650.0,False,initial,해외 로밍 이용,ROAMING_GUIDE,N,2026-09-09T11:03:00,synthetic-seeder
310510,2026-09-09,3105100,THREAD-310510,RUN-310510,로밍 요금제 추천,로밍 요금제의 데이터 제공량과 가격을 비교할 수 있습니다.,2026-09-09T09:10:00,completed,650.0,False,initial,해외 로밍 이용,ROAMING_GUIDE,N,2026-09-09T11:10:00,synthetic-seeder
310504,2026-09-09,3105040,THREAD-310504,RUN-310504,로밍 요금제 추천,로밍 요금제의 데이터 제공량과 가격을 비교할 수 있습니다.,2026-09-09T09:04:00,completed,650.0,False,initial,해외 로밍 이용,ROAMING_GUIDE,N,2026-09-09T11:04:00,synthetic-seeder
310502,2026-09-09,3105020,THREAD-310502,RUN-310502,로밍 요금제 추천,로밍 요금제의 데이터 제공량과 가격을 비교할 수 있습니다.,2026-09-09T09:02:00,completed,650.0,False,initial,해외 로밍 이용,ROAMING_GUIDE,N,2026-09-09T11:02:00,synthetic-seeder
310512,2026-09-09,3105120,THREAD-310512,RUN-310512,로밍 요금제 추천,로밍 요금제의 데이터 제공량과 가격을 비교할 수 있습니다.,2026-09-09T09:12:00,completed,650.0,False,initial,해외 로밍 이용,ROAMING_GUIDE,N,2026-09-09T11:12:00,synthetic-seeder
310519,2026-09-09,3105190,THREAD-310519,RUN-310519,로밍 요금제 추천,로밍 요금제의 데이터 제공량과 가격을 비교할 수 있습니다.,2026-09-09T09:19:00,completed,650.0,False,initial,해외 로밍 이용,ROAMING_GUIDE,N,2026-09-09T11:19:00,synthetic-seeder
310508,2026-09-09,3105080,THREAD-310508,RUN-310508,로밍 요금제 추천,로밍 요금제의 데이터 제공량과 가격을 비교할 수 있습니다.,2026-09-09T09:08:00,completed,650.0,False,initial,해외 로밍 이용,ROAMING_GUIDE,N,2026-09-09T11:08:00,synthetic-seeder
310501,2026-09-09,3105010,THREAD-310501,RUN-310501,로밍 요금제 추천,로밍 요금제의 데이터 제공량과 가격을 비교할 수 있습니다.,2026-09-09T09:01:00,completed,650.0,False,initial,해외 로밍 이용,ROAMING_GUIDE,N,2026-09-09T11:01:00,synthetic-seeder
310506,2026-09-09,3105060,THREAD-310506,RUN-310506,로밍 요금제 추천,로밍 요금제의 데이터 제공량과 가격을 비교할 수 있습니다.,2026-09-09T09:06:00,completed,650.0,False,initial,해외 로밍 이용,ROAMING_GUIDE,N,2026-09-09T11:06:00,synthetic-seeder
310518,2026-09-09,3105180,THREAD-310518,RUN-310518,로밍 요금제 추천,로밍 요금제의 데이터 제공량과 가격을 비교할 수 있습니다.,2026-09-09T09:18:00,completed,650.0,False,initial,해외 로밍 이용,ROAMING_GUIDE,N,2026-09-09T11:18:00,synthetic-seeder
310515,2026-09-09,3105150,THREAD-310515,RUN-310515,로밍 요금제 추천,로밍 요금제의 데이터 제공량과 가격을 비교할 수 있습니다.,2026-09-09T09:15:00,completed,650.0,False,initial,해외 로밍 이용,ROAMING_GUIDE,N,2026-09-09T11:15:00,synthetic-seeder
310505,2026-09-09,3105050,THREAD-310505,RUN-310505,로밍 요금제 추천,로밍 요금제의 데이터 제공량과 가격을 비교할 수 있습니다.,2026-09-09T09:05:00,completed,650.0,False,initial,해외 로밍 이용,ROAMING_GUIDE,N,2026-09-09T11:05:00,synthetic-seeder
310513,2026-09-09,3105130,THREAD-310513,RUN-310513,로밍 요금제 추천,로밍 요금제의 데이터 제공량과 가격을 비교할 수 있습니다.,2026-09-09T09:13:00,completed,650.0,False,initial,해외 로밍 이용,ROAMING_GUIDE,N,2026-09-09T11:13:00,synthetic-seeder
310511,2026-09-09,3105110,THREAD-310511,RUN-310511,로밍 요금제 추천,로밍 요금제의 데이터 제공량과 가격을 비교할 수 있습니다.,2026-09-09T09:11:00,completed,650.0,False,initial,해외 로밍 이용,ROAMING_GUIDE,N,2026-09-09T11:11:00,synthetic-seeder
310520,2026-09-09,3105200,THREAD-310520,RUN-310520,로밍 요금제 추천,로밍 요금제의 데이터 제공량과 가격을 비교할 수 있습니다.,2026-09-09T09:20:00,completed,650.0,False,initial,해외 로밍 이용,ROAMING_GUIDE,N,2026-09-09T11:20:00,synthetic-seeder
310507,2026-09-09,3105070,THREAD-310507,RUN-310507,로밍 요금제 추천,로밍 요금제의 데이터 제공량과 가격을 비교할 수 있습니다.,2026-09-09T09:07:00,completed,650.0,False,initial,해외 로밍 이용,ROAMING_GUIDE,N,2026-09-09T11:07:00,synthetic-seeder
310514,2026-09-09,3105140,THREAD-310514,RUN-310514,로밍 요금제 추천,로밍 요금제의 데이터 제공량과 가격을 비교할 수 있습니다.,2026-09-09T09:14:00,completed,650.0,False,initial,해외 로밍 이용,ROAMING_GUIDE,N,2026-09-09T11:14:00,synthetic-seeder
310509,2026-09-09,3105090,THREAD-310509,RUN-310509,로밍 요금제 추천,로밍 요금제의 데이터 제공량과 가격을 비교할 수 있습니다.,2026-09-09T09:09:00,completed,650.0,False,initial,해외 로밍 이용,ROAMING_GUIDE,N,2026-09-09T11:09:00,synthetic-seeder
310613,2026-09-10,3106130,THREAD-310613,RUN-310613,로밍 요금제 추천,로밍 요금제의 데이터 제공량과 가격을 비교할 수 있습니다.,2026-09-10T09:13:00,completed,650.0,False,initial,해외 로밍 이용,ROAMING_GUIDE,N,2026-09-10T11:13:00,synthetic-seeder
310616,2026-09-10,3106160,THREAD-310616,RUN-310616,로밍 요금제 추천,로밍 요금제의 데이터 제공량과 가격을 비교할 수 있습니다.,2026-09-10T09:16:00,completed,650.0,False,initial,해외 로밍 이용,ROAMING_GUIDE,N,2026-09-10T11:16:00,synthetic-seeder
310619,2026-09-10,3106190,THREAD-310619,RUN-310619,로밍 요금제 추천,로밍 요금제의 데이터 제공량과 가격을 비교할 수 있습니다.,2026-09-10T09:19:00,completed,650.0,False,initial,해외 로밍 이용,ROAMING_GUIDE,N,2026-09-10T11:19:00,synthetic-seeder
310602,2026-09-10,3106020,THREAD-310602,RUN-310602,로밍 요금제 추천,로밍 요금제의 데이터 제공량과 가격을 비교할 수 있습니다.,2026-09-10T09:02:00,completed,650.0,False,initial,해외 로밍 이용,ROAMING_GUIDE,N,2026-09-10T11:02:00,synthetic-seeder
310611,2026-09-10,3106110,THREAD-310611,RUN-310611,로밍 요금제 추천,로밍 요금제의 데이터 제공량과 가격을 비교할 수 있습니다.,2026-09-10T09:11:00,completed,650.0,False,initial,해외 로밍 이용,ROAMING_GUIDE,N,2026-09-10T11:11:00,synthetic-seeder
310603,2026-09-10,3106030,THREAD-310603,RUN-310603,로밍 요금제 추천,로밍 요금제의 데이터 제공량과 가격을 비교할 수 있습니다.,2026-09-10T09:03:00,completed,650.0,False,initial,해외 로밍 이용,ROAMING_GUIDE,N,2026-09-10T11:03:00,synthetic-seeder
310610,2026-09-10,3106100,THREAD-310610,RUN-310610,로밍 요금제 추천,로밍 요금제의 데이터 제공량과 가격을 비교할 수 있습니다.,2026-09-10T09:10:00,completed,650.0,False,initial,해외 로밍 이용,ROAMING_GUIDE,N,2026-09-10T11:10:00,synthetic-seeder
310609,2026-09-10,3106090,THREAD-310609,RUN-310609,로밍 요금제 추천,로밍 요금제의 데이터 제공량과 가격을 비교할 수 있습니다.,2026-09-10T09:09:00,completed,650.0,False,initial,해외 로밍 이용,ROAMING_GUIDE,N,2026-09-10T11:09:00,synthetic-seeder
310617,2026-09-10,3106170,THREAD-310617,RUN-310617,로밍 요금제 추천,로밍 요금제의 데이터 제공량과 가격을 비교할 수 있습니다.,2026-09-10T09:17:00,completed,650.0,False,initial,해외 로밍 이용,ROAMING_GUIDE,N,2026-09-10T11:17:00,synthetic-seeder
310615,2026-09-10,3106150,THREAD-310615,RUN-310615,로밍 요금제 추천,로밍 요금제의 데이터 제공량과 가격을 비교할 수 있습니다.,2026-09-10T09:15:00,completed,650.0,False,initial,해외 로밍 이용,ROAMING_GUIDE,N,2026-09-10T11:15:00,synthetic-seeder
310606,2026-09-10,3106060,THREAD-310606,RUN-310606,로밍 요금제 추천,로밍 요금제의 데이터 제공량과 가격을 비교할 수 있습니다.,2026-09-10T09:06:00,completed,650.0,False,initial,해외 로밍 이용,ROAMING_GUIDE,N,2026-09-10T11:06:00,synthetic-seeder
310604,2026-09-10,3106040,THREAD-310604,RUN-310604,로밍 요금제 추천,로밍 요금제의 데이터 제공량과 가격을 비교할 수 있습니다.,2026-09-10T09:04:00,completed,650.0,False,initial,해외 로밍 이용,ROAMING_GUIDE,N,2026-09-10T11:04:00,synthetic-seeder
310605,2026-09-10,3106050,THREAD-310605,RUN-310605,로밍 요금제 추천,로밍 요금제의 데이터 제공량과 가격을 비교할 수 있습니다.,2026-09-10T09:05:00,completed,650.0,False,initial,해외 로밍 이용,ROAMING_GUIDE,N,2026-09-10T11:05:00,synthetic-seeder
310601,2026-09-10,3106010,THREAD-310601,RUN-310601,로밍 요금제 추천,로밍 요금제의 데이터 제공량과 가격을 비교할 수 있습니다.,2026-09-10T09:01:00,completed,650.0,False,initial,해외 로밍 이용,ROAMING_GUIDE,N,2026-09-10T11:01:00,synthetic-seeder
310620,2026-09-10,3106200,THREAD-310620,RUN-310620,로밍 요금제 추천,로밍 요금제의 데이터 제공량과 가격을 비교할 수 있습니다.,2026-09-10T09:20:00,completed,650.0,False,initial,해외 로밍 이용,ROAMING_GUIDE,N,2026-09-10T11:20:00,synthetic-seeder
310614,2026-09-10,3106140,THREAD-310614,RUN-310614,로밍 요금제 추천,로밍 요금제의 데이터 제공량과 가격을 비교할 수 있습니다.,2026-09-10T09:14:00,completed,650.0,False,initial,해외 로밍 이용,ROAMING_GUIDE,N,2026-09-10T11:14:00,synthetic-seeder
310612,2026-09-10,3106120,THREAD-310612,RUN-310612,로밍 요금제 추천,로밍 요금제의 데이터 제공량과 가격을 비교할 수 있습니다.,2026-09-10T09:12:00,completed,650.0,False,initial,해외 로밍 이용,ROAMING_GUIDE,N,2026-09-10T11:12:00,synthetic-seeder
310608,2026-09-10,3106080,THREAD-310608,RUN-310608,로밍 요금제 추천,로밍 요금제의 데이터 제공량과 가격을 비교할 수 있습니다.,2026-09-10T09:08:00,completed,650.0,False,initial,해외 로밍 이용,ROAMING_GUIDE,N,2026-09-10T11:08:00,synthetic-seeder
310618,2026-09-10,3106180,THREAD-310618,RUN-310618,로밍 요금제 추천,로밍 요금제의 데이터 제공량과 가격을 비교할 수 있습니다.,2026-09-10T09:18:00,completed,650.0,False,initial,해외 로밍 이용,ROAMING_GUIDE,N,2026-09-10T11:18:00,synthetic-seeder
310607,2026-09-10,3106070,THREAD-310607,RUN-310607,로밍 요금제 추천,로밍 요금제의 데이터 제공량과 가격을 비교할 수 있습니다.,2026-09-10T09:07:00,completed,650.0,False,initial,해외 로밍 이용,ROAMING_GUIDE,N,2026-09-10T11:07:00,synthetic-seeder
320005,2026-09-11,3200050,THREAD-320005,RUN-320005,로밍 요금제 추천,로밍 요금제의 데이터 제공량과 가격을 비교할 수 있습니다.,2026-09-11T09:05:00,completed,650.0,False,initial,해외 로밍 이용,ROAMING_GUIDE,N,2026-09-11T11:05:00,synthetic-seeder
320004,2026-09-11,3200040,THREAD-320004,RUN-320004,로밍 요금제 추천,로밍 요금제의 데이터 제공량과 가격을 비교할 수 있습니다.,2026-09-11T09:04:00,completed,650.0,False,initial,해외 로밍 이용,ROAMING_GUIDE,N,2026-09-11T11:04:00,synthetic-seeder
320010,2026-09-11,3200100,THREAD-320010,RUN-320010,로밍 요금제 추천,로밍 요금제의 데이터 제공량과 가격을 비교할 수 있습니다.,2026-09-11T09:10:00,completed,650.0,False,initial,해외 로밍 이용,ROAMING_GUIDE,N,2026-09-11T11:10:00,synthetic-seeder
320001,2026-09-11,3200010,THREAD-320001,RUN-320001,로밍 요금제 추천,로밍 요금제의 데이터 제공량과 가격을 비교할 수 있습니다.,2026-09-11T09:01:00,completed,650.0,False,initial,해외 로밍 이용,ROAMING_GUIDE,N,2026-09-11T11:01:00,synthetic-seeder
320002,2026-09-11,3200020,THREAD-320002,RUN-320002,로밍 요금제 추천,로밍 요금제의 데이터 제공량과 가격을 비교할 수 있습니다.,2026-09-11T09:02:00,completed,650.0,False,initial,해외 로밍 이용,ROAMING_GUIDE,N,2026-09-11T11:02:00,synthetic-seeder
320014,2026-09-11,3200140,THREAD-320014,RUN-320014,로밍 요금제 추천,로밍 요금제의 데이터 제공량과 가격을 비교할 수 있습니다.,2026-09-11T09:14:00,completed,650.0,False,initial,해외 로밍 이용,ROAMING_GUIDE,N,2026-09-11T11:14:00,synthetic-seeder
320009,2026-09-11,3200090,THREAD-320009,RUN-320009,로밍 요금제 추천,로밍 요금제의 데이터 제공량과 가격을 비교할 수 있습니다.,2026-09-11T09:09:00,completed,650.0,False,initial,해외 로밍 이용,ROAMING_GUIDE,N,2026-09-11T11:09:00,synthetic-seeder
320013,2026-09-11,3200130,THREAD-320013,RUN-320013,로밍 요금제 추천,로밍 요금제의 데이터 제공량과 가격을 비교할 수 있습니다.,2026-09-11T09:13:00,completed,650.0,False,initial,해외 로밍 이용,ROAMING_GUIDE,N,2026-09-11T11:13:00,synthetic-seeder
320016,2026-09-11,3200160,THREAD-320016,RUN-320016,로밍 요금제 추천,로밍 요금제의 데이터 제공량과 가격을 비교할 수 있습니다.,2026-09-11T09:16:00,completed,650.0,False,initial,해외 로밍 이용,ROAMING_GUIDE,N,2026-09-11T11:16:00,synthetic-seeder
320019,2026-09-11,3200190,THREAD-320019,RUN-320019,로밍 요금제 추천,로밍 요금제의 데이터 제공량과 가격을 비교할 수 있습니다.,2026-09-11T09:19:00,completed,650.0,False,initial,해외 로밍 이용,ROAMING_GUIDE,N,2026-09-11T11:19:00,synthetic-seeder
320012,2026-09-11,3200120,THREAD-320012,RUN-320012,로밍 요금제 추천,로밍 요금제의 데이터 제공량과 가격을 비교할 수 있습니다.,2026-09-11T09:12:00,completed,650.0,False,initial,해외 로밍 이용,ROAMING_GUIDE,N,2026-09-11T11:12:00,synthetic-seeder
320003,2026-09-11,3200030,THREAD-320003,RUN-320003,로밍 요금제 추천,로밍 요금제의 데이터 제공량과 가격을 비교할 수 있습니다.,2026-09-11T09:03:00,completed,650.0,False,initial,해외 로밍 이용,ROAMING_GUIDE,N,2026-09-11T11:03:00,synthetic-seeder
320008,2026-09-11,3200080,THREAD-320008,RUN-320008,로밍 요금제 추천,로밍 요금제의 데이터 제공량과 가격을 비교할 수 있습니다.,2026-09-11T09:08:00,completed,650.0,False,initial,해외 로밍 이용,ROAMING_GUIDE,N,2026-09-11T11:08:00,synthetic-seeder
320007,2026-09-11,3200070,THREAD-320007,RUN-320007,로밍 요금제 추천,로밍 요금제의 데이터 제공량과 가격을 비교할 수 있습니다.,2026-09-11T09:07:00,completed,650.0,False,initial,해외 로밍 이용,ROAMING_GUIDE,N,2026-09-11T11:07:00,synthetic-seeder
320017,2026-09-11,3200170,THREAD-320017,RUN-320017,로밍 요금제 추천,로밍 요금제의 데이터 제공량과 가격을 비교할 수 있습니다.,2026-09-11T09:17:00,completed,650.0,False,initial,해외 로밍 이용,ROAMING_GUIDE,N,2026-09-11T11:17:00,synthetic-seeder
320011,2026-09-11,3200110,THREAD-320011,RUN-320011,로밍 요금제 추천,로밍 요금제의 데이터 제공량과 가격을 비교할 수 있습니다.,2026-09-11T09:11:00,completed,650.0,False,initial,해외 로밍 이용,ROAMING_GUIDE,N,2026-09-11T11:11:00,synthetic-seeder
320006,2026-09-11,3200060,THREAD-320006,RUN-320006,로밍 요금제 추천,로밍 요금제의 데이터 제공량과 가격을 비교할 수 있습니다.,2026-09-11T09:06:00,completed,650.0,False,initial,해외 로밍 이용,ROAMING_GUIDE,N,2026-09-11T11:06:00,synthetic-seeder
320015,2026-09-11,3200150,THREAD-320015,RUN-320015,로밍 요금제 추천,로밍 요금제의 데이터 제공량과 가격을 비교할 수 있습니다.,2026-09-11T09:15:00,completed,650.0,False,initial,해외 로밍 이용,ROAMING_GUIDE,N,2026-09-11T11:15:00,synthetic-seeder
320018,2026-09-11,3200180,THREAD-320018,RUN-320018,로밍 요금제 추천,로밍 요금제의 데이터 제공량과 가격을 비교할 수 있습니다.,2026-09-11T09:18:00,completed,650.0,False,initial,해외 로밍 이용,ROAMING_GUIDE,N,2026-09-11T11:18:00,synthetic-seeder
320020,2026-09-11,3200200,THREAD-320020,RUN-320020,로밍 요금제 추천,로밍 요금제의 데이터 제공량과 가격을 비교할 수 있습니다.,2026-09-11T09:20:00,completed,650.0,False,initial,해외 로밍 이용,ROAMING_GUIDE,N,2026-09-11T11:20:00,synthetic-seeder
320105,2026-09-12,3201050,THREAD-320105,RUN-320105,로밍 요금제 추천,로밍 요금제의 데이터 제공량과 가격을 비교할 수 있습니다.,2026-09-12T09:05:00,completed,650.0,False,initial,해외 로밍 이용,ROAMING_GUIDE,N,2026-09-12T11:05:00,synthetic-seeder
320118,2026-09-12,3201180,THREAD-320118,RUN-320118,로밍 요금제 추천,로밍 요금제의 데이터 제공량과 가격을 비교할 수 있습니다.,2026-09-12T09:18:00,completed,650.0,False,initial,해외 로밍 이용,ROAMING_GUIDE,N,2026-09-12T11:18:00,synthetic-seeder
320110,2026-09-12,3201100,THREAD-320110,RUN-320110,로밍 요금제 추천,로밍 요금제의 데이터 제공량과 가격을 비교할 수 있습니다.,2026-09-12T09:10:00,completed,650.0,False,initial,해외 로밍 이용,ROAMING_GUIDE,N,2026-09-12T11:10:00,synthetic-seeder
320106,2026-09-12,3201060,THREAD-320106,RUN-320106,로밍 요금제 추천,로밍 요금제의 데이터 제공량과 가격을 비교할 수 있습니다.,2026-09-12T09:06:00,completed,650.0,False,initial,해외 로밍 이용,ROAMING_GUIDE,N,2026-09-12T11:06:00,synthetic-seeder
320119,2026-09-12,3201190,THREAD-320119,RUN-320119,로밍 요금제 추천,로밍 요금제의 데이터 제공량과 가격을 비교할 수 있습니다.,2026-09-12T09:19:00,completed,650.0,False,initial,해외 로밍 이용,ROAMING_GUIDE,N,2026-09-12T11:19:00,synthetic-seeder
320113,2026-09-12,3201130,THREAD-320113,RUN-320113,로밍 요금제 추천,로밍 요금제의 데이터 제공량과 가격을 비교할 수 있습니다.,2026-09-12T09:13:00,completed,650.0,False,initial,해외 로밍 이용,ROAMING_GUIDE,N,2026-09-12T11:13:00,synthetic-seeder
320112,2026-09-12,3201120,THREAD-320112,RUN-320112,로밍 요금제 추천,로밍 요금제의 데이터 제공량과 가격을 비교할 수 있습니다.,2026-09-12T09:12:00,completed,650.0,False,initial,해외 로밍 이용,ROAMING_GUIDE,N,2026-09-12T11:12:00,synthetic-seeder
320116,2026-09-12,3201160,THREAD-320116,RUN-320116,로밍 요금제 추천,로밍 요금제의 데이터 제공량과 가격을 비교할 수 있습니다.,2026-09-12T09:16:00,completed,650.0,False,initial,해외 로밍 이용,ROAMING_GUIDE,N,2026-09-12T11:16:00,synthetic-seeder
320109,2026-09-12,3201090,THREAD-320109,RUN-320109,로밍 요금제 추천,로밍 요금제의 데이터 제공량과 가격을 비교할 수 있습니다.,2026-09-12T09:09:00,completed,650.0,False,initial,해외 로밍 이용,ROAMING_GUIDE,N,2026-09-12T11:09:00,synthetic-seeder
320117,2026-09-12,3201170,THREAD-320117,RUN-320117,로밍 요금제 추천,로밍 요금제의 데이터 제공량과 가격을 비교할 수 있습니다.,2026-09-12T09:17:00,completed,650.0,False,initial,해외 로밍 이용,ROAMING_GUIDE,N,2026-09-12T11:17:00,synthetic-seeder
320115,2026-09-12,3201150,THREAD-320115,RUN-320115,로밍 요금제 추천,로밍 요금제의 데이터 제공량과 가격을 비교할 수 있습니다.,2026-09-12T09:15:00,completed,650.0,False,initial,해외 로밍 이용,ROAMING_GUIDE,N,2026-09-12T11:15:00,synthetic-seeder
320102,2026-09-12,3201020,THREAD-320102,RUN-320102,로밍 요금제 추천,로밍 요금제의 데이터 제공량과 가격을 비교할 수 있습니다.,2026-09-12T09:02:00,completed,650.0,False,initial,해외 로밍 이용,ROAMING_GUIDE,N,2026-09-12T11:02:00,synthetic-seeder
320104,2026-09-12,3201040,THREAD-320104,RUN-320104,로밍 요금제 추천,로밍 요금제의 데이터 제공량과 가격을 비교할 수 있습니다.,2026-09-12T09:04:00,completed,650.0,False,initial,해외 로밍 이용,ROAMING_GUIDE,N,2026-09-12T11:04:00,synthetic-seeder
320108,2026-09-12,3201080,THREAD-320108,RUN-320108,로밍 요금제 추천,로밍 요금제의 데이터 제공량과 가격을 비교할 수 있습니다.,2026-09-12T09:08:00,completed,650.0,False,initial,해외 로밍 이용,ROAMING_GUIDE,N,2026-09-12T11:08:00,synthetic-seeder
320120,2026-09-12,3201200,THREAD-320120,RUN-320120,로밍 요금제 추천,로밍 요금제의 데이터 제공량과 가격을 비교할 수 있습니다.,2026-09-12T09:20:00,completed,650.0,False,initial,해외 로밍 이용,ROAMING_GUIDE,N,2026-09-12T11:20:00,synthetic-seeder
320101,2026-09-12,3201010,THREAD-320101,RUN-320101,로밍 요금제 추천,로밍 요금제의 데이터 제공량과 가격을 비교할 수 있습니다.,2026-09-12T09:01:00,completed,650.0,False,initial,해외 로밍 이용,ROAMING_GUIDE,N,2026-09-12T11:01:00,synthetic-seeder
320114,2026-09-12,3201140,THREAD-320114,RUN-320114,로밍 요금제 추천,로밍 요금제의 데이터 제공량과 가격을 비교할 수 있습니다.,2026-09-12T09:14:00,completed,650.0,False,initial,해외 로밍 이용,ROAMING_GUIDE,N,2026-09-12T11:14:00,synthetic-seeder
320107,2026-09-12,3201070,THREAD-320107,RUN-320107,로밍 요금제 추천,로밍 요금제의 데이터 제공량과 가격을 비교할 수 있습니다.,2026-09-12T09:07:00,completed,650.0,False,initial,해외 로밍 이용,ROAMING_GUIDE,N,2026-09-12T11:07:00,synthetic-seeder
320103,2026-09-12,3201030,THREAD-320103,RUN-320103,로밍 요금제 추천,로밍 요금제의 데이터 제공량과 가격을 비교할 수 있습니다.,2026-09-12T09:03:00,completed,650.0,False,initial,해외 로밍 이용,ROAMING_GUIDE,N,2026-09-12T11:03:00,synthetic-seeder
320111,2026-09-12,3201110,THREAD-320111,RUN-320111,로밍 요금제 추천,로밍 요금제의 데이터 제공량과 가격을 비교할 수 있습니다.,2026-09-12T09:11:00,completed,650.0,False,initial,해외 로밍 이용,ROAMING_GUIDE,N,2026-09-12T11:11:00,synthetic-seeder
320211,2026-09-13,3202110,THREAD-320211,RUN-320211,로밍 요금제 추천,로밍 요금제의 데이터 제공량과 가격을 비교할 수 있습니다.,2026-09-13T09:11:00,completed,650.0,False,initial,해외 로밍 이용,ROAMING_GUIDE,N,2026-09-13T11:11:00,synthetic-seeder
320216,2026-09-13,3202160,THREAD-320216,RUN-320216,로밍 요금제 추천,로밍 요금제의 데이터 제공량과 가격을 비교할 수 있습니다.,2026-09-13T09:16:00,completed,650.0,False,initial,해외 로밍 이용,ROAMING_GUIDE,N,2026-09-13T11:16:00,synthetic-seeder
320203,2026-09-13,3202030,THREAD-320203,RUN-320203,로밍 요금제 추천,로밍 요금제의 데이터 제공량과 가격을 비교할 수 있습니다.,2026-09-13T09:03:00,completed,650.0,False,initial,해외 로밍 이용,ROAMING_GUIDE,N,2026-09-13T11:03:00,synthetic-seeder
320208,2026-09-13,3202080,THREAD-320208,RUN-320208,로밍 요금제 추천,로밍 요금제의 데이터 제공량과 가격을 비교할 수 있습니다.,2026-09-13T09:08:00,completed,650.0,False,initial,해외 로밍 이용,ROAMING_GUIDE,N,2026-09-13T11:08:00,synthetic-seeder
320214,2026-09-13,3202140,THREAD-320214,RUN-320214,로밍 요금제 추천,로밍 요금제의 데이터 제공량과 가격을 비교할 수 있습니다.,2026-09-13T09:14:00,completed,650.0,False,initial,해외 로밍 이용,ROAMING_GUIDE,N,2026-09-13T11:14:00,synthetic-seeder
320210,2026-09-13,3202100,THREAD-320210,RUN-320210,로밍 요금제 추천,로밍 요금제의 데이터 제공량과 가격을 비교할 수 있습니다.,2026-09-13T09:10:00,completed,650.0,False,initial,해외 로밍 이용,ROAMING_GUIDE,N,2026-09-13T11:10:00,synthetic-seeder
320215,2026-09-13,3202150,THREAD-320215,RUN-320215,로밍 요금제 추천,로밍 요금제의 데이터 제공량과 가격을 비교할 수 있습니다.,2026-09-13T09:15:00,completed,650.0,False,initial,해외 로밍 이용,ROAMING_GUIDE,N,2026-09-13T11:15:00,synthetic-seeder
320207,2026-09-13,3202070,THREAD-320207,RUN-320207,로밍 요금제 추천,로밍 요금제의 데이터 제공량과 가격을 비교할 수 있습니다.,2026-09-13T09:07:00,completed,650.0,False,initial,해외 로밍 이용,ROAMING_GUIDE,N,2026-09-13T11:07:00,synthetic-seeder
320204,2026-09-13,3202040,THREAD-320204,RUN-320204,로밍 요금제 추천,로밍 요금제의 데이터 제공량과 가격을 비교할 수 있습니다.,2026-09-13T09:04:00,completed,650.0,False,initial,해외 로밍 이용,ROAMING_GUIDE,N,2026-09-13T11:04:00,synthetic-seeder
320205,2026-09-13,3202050,THREAD-320205,RUN-320205,로밍 요금제 추천,로밍 요금제의 데이터 제공량과 가격을 비교할 수 있습니다.,2026-09-13T09:05:00,completed,650.0,False,initial,해외 로밍 이용,ROAMING_GUIDE,N,2026-09-13T11:05:00,synthetic-seeder
320212,2026-09-13,3202120,THREAD-320212,RUN-320212,로밍 요금제 추천,로밍 요금제의 데이터 제공량과 가격을 비교할 수 있습니다.,2026-09-13T09:12:00,completed,650.0,False,initial,해외 로밍 이용,ROAMING_GUIDE,N,2026-09-13T11:12:00,synthetic-seeder
320213,2026-09-13,3202130,THREAD-320213,RUN-320213,로밍 요금제 추천,로밍 요금제의 데이터 제공량과 가격을 비교할 수 있습니다.,2026-09-13T09:13:00,completed,650.0,False,initial,해외 로밍 이용,ROAMING_GUIDE,N,2026-09-13T11:13:00,synthetic-seeder
320201,2026-09-13,3202010,THREAD-320201,RUN-320201,로밍 요금제 추천,로밍 요금제의 데이터 제공량과 가격을 비교할 수 있습니다.,2026-09-13T09:01:00,completed,650.0,False,initial,해외 로밍 이용,ROAMING_GUIDE,N,2026-09-13T11:01:00,synthetic-seeder
320202,2026-09-13,3202020,THREAD-320202,RUN-320202,로밍 요금제 추천,로밍 요금제의 데이터 제공량과 가격을 비교할 수 있습니다.,2026-09-13T09:02:00,completed,650.0,False,initial,해외 로밍 이용,ROAMING_GUIDE,N,2026-09-13T11:02:00,synthetic-seeder
320219,2026-09-13,3202190,THREAD-320219,RUN-320219,로밍 요금제 추천,로밍 요금제의 데이터 제공량과 가격을 비교할 수 있습니다.,2026-09-13T09:19:00,completed,650.0,False,initial,해외 로밍 이용,ROAMING_GUIDE,N,2026-09-13T11:19:00,synthetic-seeder
320218,2026-09-13,3202180,THREAD-320218,RUN-320218,로밍 요금제 추천,로밍 요금제의 데이터 제공량과 가격을 비교할 수 있습니다.,2026-09-13T09:18:00,completed,650.0,False,initial,해외 로밍 이용,ROAMING_GUIDE,N,2026-09-13T11:18:00,synthetic-seeder
320206,2026-09-13,3202060,THREAD-320206,RUN-320206,로밍 요금제 추천,로밍 요금제의 데이터 제공량과 가격을 비교할 수 있습니다.,2026-09-13T09:06:00,completed,650.0,False,initial,해외 로밍 이용,ROAMING_GUIDE,N,2026-09-13T11:06:00,synthetic-seeder
320209,2026-09-13,3202090,THREAD-320209,RUN-320209,로밍 요금제 추천,로밍 요금제의 데이터 제공량과 가격을 비교할 수 있습니다.,2026-09-13T09:09:00,completed,650.0,False,initial,해외 로밍 이용,ROAMING_GUIDE,N,2026-09-13T11:09:00,synthetic-seeder
320217,2026-09-13,3202170,THREAD-320217,RUN-320217,로밍 요금제 추천,로밍 요금제의 데이터 제공량과 가격을 비교할 수 있습니다.,2026-09-13T09:17:00,completed,650.0,False,initial,해외 로밍 이용,ROAMING_GUIDE,N,2026-09-13T11:17:00,synthetic-seeder
320220,2026-09-13,3202200,THREAD-320220,RUN-320220,로밍 요금제 추천,로밍 요금제의 데이터 제공량과 가격을 비교할 수 있습니다.,2026-09-13T09:20:00,completed,650.0,False,initial,해외 로밍 이용,ROAMING_GUIDE,N,2026-09-13T11:20:00,synthetic-seeder
320306,2026-09-14,3203060,THREAD-320306,RUN-320306,로밍 요금제 추천,로밍 요금제의 데이터 제공량과 가격을 비교할 수 있습니다.,2026-09-14T09:06:00,completed,650.0,False,initial,해외 로밍 이용,ROAMING_GUIDE,N,2026-09-14T11:06:00,synthetic-seeder
320317,2026-09-14,3203170,THREAD-320317,RUN-320317,로밍 요금제 추천,로밍 요금제의 데이터 제공량과 가격을 비교할 수 있습니다.,2026-09-14T09:17:00,completed,650.0,False,initial,해외 로밍 이용,ROAMING_GUIDE,N,2026-09-14T11:17:00,synthetic-seeder
320315,2026-09-14,3203150,THREAD-320315,RUN-320315,로밍 요금제 추천,로밍 요금제의 데이터 제공량과 가격을 비교할 수 있습니다.,2026-09-14T09:15:00,completed,650.0,False,initial,해외 로밍 이용,ROAMING_GUIDE,N,2026-09-14T11:15:00,synthetic-seeder
320314,2026-09-14,3203140,THREAD-320314,RUN-320314,로밍 요금제 추천,로밍 요금제의 데이터 제공량과 가격을 비교할 수 있습니다.,2026-09-14T09:14:00,completed,650.0,False,initial,해외 로밍 이용,ROAMING_GUIDE,N,2026-09-14T11:14:00,synthetic-seeder
320311,2026-09-14,3203110,THREAD-320311,RUN-320311,로밍 요금제 추천,로밍 요금제의 데이터 제공량과 가격을 비교할 수 있습니다.,2026-09-14T09:11:00,completed,650.0,False,initial,해외 로밍 이용,ROAMING_GUIDE,N,2026-09-14T11:11:00,synthetic-seeder
320316,2026-09-14,3203160,THREAD-320316,RUN-320316,로밍 요금제 추천,로밍 요금제의 데이터 제공량과 가격을 비교할 수 있습니다.,2026-09-14T09:16:00,completed,650.0,False,initial,해외 로밍 이용,ROAMING_GUIDE,N,2026-09-14T11:16:00,synthetic-seeder
320302,2026-09-14,3203020,THREAD-320302,RUN-320302,로밍 요금제 추천,로밍 요금제의 데이터 제공량과 가격을 비교할 수 있습니다.,2026-09-14T09:02:00,completed,650.0,False,initial,해외 로밍 이용,ROAMING_GUIDE,N,2026-09-14T11:02:00,synthetic-seeder
320309,2026-09-14,3203090,THREAD-320309,RUN-320309,로밍 요금제 추천,로밍 요금제의 데이터 제공량과 가격을 비교할 수 있습니다.,2026-09-14T09:09:00,completed,650.0,False,initial,해외 로밍 이용,ROAMING_GUIDE,N,2026-09-14T11:09:00,synthetic-seeder
320308,2026-09-14,3203080,THREAD-320308,RUN-320308,로밍 요금제 추천,로밍 요금제의 데이터 제공량과 가격을 비교할 수 있습니다.,2026-09-14T09:08:00,completed,650.0,False,initial,해외 로밍 이용,ROAMING_GUIDE,N,2026-09-14T11:08:00,synthetic-seeder
320310,2026-09-14,3203100,THREAD-320310,RUN-320310,로밍 요금제 추천,로밍 요금제의 데이터 제공량과 가격을 비교할 수 있습니다.,2026-09-14T09:10:00,completed,650.0,False,initial,해외 로밍 이용,ROAMING_GUIDE,N,2026-09-14T11:10:00,synthetic-seeder
320303,2026-09-14,3203030,THREAD-320303,RUN-320303,로밍 요금제 추천,로밍 요금제의 데이터 제공량과 가격을 비교할 수 있습니다.,2026-09-14T09:03:00,completed,650.0,False,initial,해외 로밍 이용,ROAMING_GUIDE,N,2026-09-14T11:03:00,synthetic-seeder
320301,2026-09-14,3203010,THREAD-320301,RUN-320301,로밍 요금제 추천,로밍 요금제의 데이터 제공량과 가격을 비교할 수 있습니다.,2026-09-14T09:01:00,completed,650.0,False,initial,해외 로밍 이용,ROAMING_GUIDE,N,2026-09-14T11:01:00,synthetic-seeder
320320,2026-09-14,3203200,THREAD-320320,RUN-320320,로밍 요금제 추천,로밍 요금제의 데이터 제공량과 가격을 비교할 수 있습니다.,2026-09-14T09:20:00,completed,650.0,False,initial,해외 로밍 이용,ROAMING_GUIDE,N,2026-09-14T11:20:00,synthetic-seeder
320312,2026-09-14,3203120,THREAD-320312,RUN-320312,로밍 요금제 추천,로밍 요금제의 데이터 제공량과 가격을 비교할 수 있습니다.,2026-09-14T09:12:00,completed,650.0,False,initial,해외 로밍 이용,ROAMING_GUIDE,N,2026-09-14T11:12:00,synthetic-seeder
320319,2026-09-14,3203190,THREAD-320319,RUN-320319,로밍 요금제 추천,로밍 요금제의 데이터 제공량과 가격을 비교할 수 있습니다.,2026-09-14T09:19:00,completed,650.0,False,initial,해외 로밍 이용,ROAMING_GUIDE,N,2026-09-14T11:19:00,synthetic-seeder
320304,2026-09-14,3203040,THREAD-320304,RUN-320304,로밍 요금제 추천,로밍 요금제의 데이터 제공량과 가격을 비교할 수 있습니다.,2026-09-14T09:04:00,completed,650.0,False,initial,해외 로밍 이용,ROAMING_GUIDE,N,2026-09-14T11:04:00,synthetic-seeder
320318,2026-09-14,3203180,THREAD-320318,RUN-320318,로밍 요금제 추천,로밍 요금제의 데이터 제공량과 가격을 비교할 수 있습니다.,2026-09-14T09:18:00,completed,650.0,False,initial,해외 로밍 이용,ROAMING_GUIDE,N,2026-09-14T11:18:00,synthetic-seeder
320305,2026-09-14,3203050,THREAD-320305,RUN-320305,로밍 요금제 추천,로밍 요금제의 데이터 제공량과 가격을 비교할 수 있습니다.,2026-09-14T09:05:00,completed,650.0,False,initial,해외 로밍 이용,ROAMING_GUIDE,N,2026-09-14T11:05:00,synthetic-seeder
320307,2026-09-14,3203070,THREAD-320307,RUN-320307,로밍 요금제 추천,로밍 요금제의 데이터 제공량과 가격을 비교할 수 있습니다.,2026-09-14T09:07:00,completed,650.0,False,initial,해외 로밍 이용,ROAMING_GUIDE,N,2026-09-14T11:07:00,synthetic-seeder
320313,2026-09-14,3203130,THREAD-320313,RUN-320313,로밍 요금제 추천,로밍 요금제의 데이터 제공량과 가격을 비교할 수 있습니다.,2026-09-14T09:13:00,completed,650.0,False,initial,해외 로밍 이용,ROAMING_GUIDE,N,2026-09-14T11:13:00,synthetic-seeder
320401,2026-09-15,3204010,THREAD-320401,RUN-320401,로밍 요금제 추천,로밍 요금제의 데이터 제공량과 가격을 비교할 수 있습니다.,2026-09-15T09:01:00,completed,650.0,False,initial,해외 로밍 이용,ROAMING_GUIDE,N,2026-09-15T11:01:00,synthetic-seeder
320403,2026-09-15,3204030,THREAD-320403,RUN-320403,로밍 요금제 추천,로밍 요금제의 데이터 제공량과 가격을 비교할 수 있습니다.,2026-09-15T09:03:00,completed,650.0,False,initial,해외 로밍 이용,ROAMING_GUIDE,N,2026-09-15T11:03:00,synthetic-seeder
320406,2026-09-15,3204060,THREAD-320406,RUN-320406,로밍 요금제 추천,로밍 요금제의 데이터 제공량과 가격을 비교할 수 있습니다.,2026-09-15T09:06:00,completed,650.0,False,initial,해외 로밍 이용,ROAMING_GUIDE,N,2026-09-15T11:06:00,synthetic-seeder
320408,2026-09-15,3204080,THREAD-320408,RUN-320408,로밍 요금제 추천,로밍 요금제의 데이터 제공량과 가격을 비교할 수 있습니다.,2026-09-15T09:08:00,completed,650.0,False,initial,해외 로밍 이용,ROAMING_GUIDE,N,2026-09-15T11:08:00,synthetic-seeder
320420,2026-09-15,3204200,THREAD-320420,RUN-320420,로밍 요금제 추천,로밍 요금제의 데이터 제공량과 가격을 비교할 수 있습니다.,2026-09-15T09:20:00,completed,650.0,False,initial,해외 로밍 이용,ROAMING_GUIDE,N,2026-09-15T11:20:00,synthetic-seeder
320404,2026-09-15,3204040,THREAD-320404,RUN-320404,로밍 요금제 추천,로밍 요금제의 데이터 제공량과 가격을 비교할 수 있습니다.,2026-09-15T09:04:00,completed,650.0,False,initial,해외 로밍 이용,ROAMING_GUIDE,N,2026-09-15T11:04:00,synthetic-seeder
320417,2026-09-15,3204170,THREAD-320417,RUN-320417,로밍 요금제 추천,로밍 요금제의 데이터 제공량과 가격을 비교할 수 있습니다.,2026-09-15T09:17:00,completed,650.0,False,initial,해외 로밍 이용,ROAMING_GUIDE,N,2026-09-15T11:17:00,synthetic-seeder
320411,2026-09-15,3204110,THREAD-320411,RUN-320411,로밍 요금제 추천,로밍 요금제의 데이터 제공량과 가격을 비교할 수 있습니다.,2026-09-15T09:11:00,completed,650.0,False,initial,해외 로밍 이용,ROAMING_GUIDE,N,2026-09-15T11:11:00,synthetic-seeder
320414,2026-09-15,3204140,THREAD-320414,RUN-320414,로밍 요금제 추천,로밍 요금제의 데이터 제공량과 가격을 비교할 수 있습니다.,2026-09-15T09:14:00,completed,650.0,False,initial,해외 로밍 이용,ROAMING_GUIDE,N,2026-09-15T11:14:00,synthetic-seeder
320405,2026-09-15,3204050,THREAD-320405,RUN-320405,로밍 요금제 추천,로밍 요금제의 데이터 제공량과 가격을 비교할 수 있습니다.,2026-09-15T09:05:00,completed,650.0,False,initial,해외 로밍 이용,ROAMING_GUIDE,N,2026-09-15T11:05:00,synthetic-seeder
320409,2026-09-15,3204090,THREAD-320409,RUN-320409,로밍 요금제 추천,로밍 요금제의 데이터 제공량과 가격을 비교할 수 있습니다.,2026-09-15T09:09:00,completed,650.0,False,initial,해외 로밍 이용,ROAMING_GUIDE,N,2026-09-15T11:09:00,synthetic-seeder
320416,2026-09-15,3204160,THREAD-320416,RUN-320416,로밍 요금제 추천,로밍 요금제의 데이터 제공량과 가격을 비교할 수 있습니다.,2026-09-15T09:16:00,completed,650.0,False,initial,해외 로밍 이용,ROAMING_GUIDE,N,2026-09-15T11:16:00,synthetic-seeder
320407,2026-09-15,3204070,THREAD-320407,RUN-320407,로밍 요금제 추천,로밍 요금제의 데이터 제공량과 가격을 비교할 수 있습니다.,2026-09-15T09:07:00,completed,650.0,False,initial,해외 로밍 이용,ROAMING_GUIDE,N,2026-09-15T11:07:00,synthetic-seeder
320412,2026-09-15,3204120,THREAD-320412,RUN-320412,로밍 요금제 추천,로밍 요금제의 데이터 제공량과 가격을 비교할 수 있습니다.,2026-09-15T09:12:00,completed,650.0,False,initial,해외 로밍 이용,ROAMING_GUIDE,N,2026-09-15T11:12:00,synthetic-seeder
320410,2026-09-15,3204100,THREAD-320410,RUN-320410,로밍 요금제 추천,로밍 요금제의 데이터 제공량과 가격을 비교할 수 있습니다.,2026-09-15T09:10:00,completed,650.0,False,initial,해외 로밍 이용,ROAMING_GUIDE,N,2026-09-15T11:10:00,synthetic-seeder
320419,2026-09-15,3204190,THREAD-320419,RUN-320419,로밍 요금제 추천,로밍 요금제의 데이터 제공량과 가격을 비교할 수 있습니다.,2026-09-15T09:19:00,completed,650.0,False,initial,해외 로밍 이용,ROAMING_GUIDE,N,2026-09-15T11:19:00,synthetic-seeder
320415,2026-09-15,3204150,THREAD-320415,RUN-320415,로밍 요금제 추천,로밍 요금제의 데이터 제공량과 가격을 비교할 수 있습니다.,2026-09-15T09:15:00,completed,650.0,False,initial,해외 로밍 이용,ROAMING_GUIDE,N,2026-09-15T11:15:00,synthetic-seeder
320413,2026-09-15,3204130,THREAD-320413,RUN-320413,로밍 요금제 추천,로밍 요금제의 데이터 제공량과 가격을 비교할 수 있습니다.,2026-09-15T09:13:00,completed,650.0,False,initial,해외 로밍 이용,ROAMING_GUIDE,N,2026-09-15T11:13:00,synthetic-seeder
320402,2026-09-15,3204020,THREAD-320402,RUN-320402,로밍 요금제 추천,로밍 요금제의 데이터 제공량과 가격을 비교할 수 있습니다.,2026-09-15T09:02:00,completed,650.0,False,initial,해외 로밍 이용,ROAMING_GUIDE,N,2026-09-15T11:02:00,synthetic-seeder
320418,2026-09-15,3204180,THREAD-320418,RUN-320418,로밍 요금제 추천,로밍 요금제의 데이터 제공량과 가격을 비교할 수 있습니다.,2026-09-15T09:18:00,completed,650.0,False,initial,해외 로밍 이용,ROAMING_GUIDE,N,2026-09-15T11:18:00,synthetic-seeder
320511,2026-09-16,3205110,THREAD-320511,RUN-320511,로밍 요금제 추천,로밍 요금제의 데이터 제공량과 가격을 비교할 수 있습니다.,2026-09-16T09:11:00,completed,650.0,False,initial,해외 로밍 이용,ROAMING_GUIDE,N,2026-09-16T11:11:00,synthetic-seeder
320508,2026-09-16,3205080,THREAD-320508,RUN-320508,로밍 요금제 추천,로밍 요금제의 데이터 제공량과 가격을 비교할 수 있습니다.,2026-09-16T09:08:00,completed,650.0,False,initial,해외 로밍 이용,ROAMING_GUIDE,N,2026-09-16T11:08:00,synthetic-seeder
320516,2026-09-16,3205160,THREAD-320516,RUN-320516,로밍 요금제 추천,로밍 요금제의 데이터 제공량과 가격을 비교할 수 있습니다.,2026-09-16T09:16:00,completed,650.0,False,initial,해외 로밍 이용,ROAMING_GUIDE,N,2026-09-16T11:16:00,synthetic-seeder
320519,2026-09-16,3205190,THREAD-320519,RUN-320519,로밍 요금제 추천,로밍 요금제의 데이터 제공량과 가격을 비교할 수 있습니다.,2026-09-16T09:19:00,completed,650.0,False,initial,해외 로밍 이용,ROAMING_GUIDE,N,2026-09-16T11:19:00,synthetic-seeder
320502,2026-09-16,3205020,THREAD-320502,RUN-320502,로밍 요금제 추천,로밍 요금제의 데이터 제공량과 가격을 비교할 수 있습니다.,2026-09-16T09:02:00,completed,650.0,False,initial,해외 로밍 이용,ROAMING_GUIDE,N,2026-09-16T11:02:00,synthetic-seeder
320503,2026-09-16,3205030,THREAD-320503,RUN-320503,로밍 요금제 추천,로밍 요금제의 데이터 제공량과 가격을 비교할 수 있습니다.,2026-09-16T09:03:00,completed,650.0,False,initial,해외 로밍 이용,ROAMING_GUIDE,N,2026-09-16T11:03:00,synthetic-seeder
320520,2026-09-16,3205200,THREAD-320520,RUN-320520,로밍 요금제 추천,로밍 요금제의 데이터 제공량과 가격을 비교할 수 있습니다.,2026-09-16T09:20:00,completed,650.0,False,initial,해외 로밍 이용,ROAMING_GUIDE,N,2026-09-16T11:20:00,synthetic-seeder
320515,2026-09-16,3205150,THREAD-320515,RUN-320515,로밍 요금제 추천,로밍 요금제의 데이터 제공량과 가격을 비교할 수 있습니다.,2026-09-16T09:15:00,completed,650.0,False,initial,해외 로밍 이용,ROAMING_GUIDE,N,2026-09-16T11:15:00,synthetic-seeder
320509,2026-09-16,3205090,THREAD-320509,RUN-320509,로밍 요금제 추천,로밍 요금제의 데이터 제공량과 가격을 비교할 수 있습니다.,2026-09-16T09:09:00,completed,650.0,False,initial,해외 로밍 이용,ROAMING_GUIDE,N,2026-09-16T11:09:00,synthetic-seeder
320507,2026-09-16,3205070,THREAD-320507,RUN-320507,로밍 요금제 추천,로밍 요금제의 데이터 제공량과 가격을 비교할 수 있습니다.,2026-09-16T09:07:00,completed,650.0,False,initial,해외 로밍 이용,ROAMING_GUIDE,N,2026-09-16T11:07:00,synthetic-seeder
320518,2026-09-16,3205180,THREAD-320518,RUN-320518,로밍 요금제 추천,로밍 요금제의 데이터 제공량과 가격을 비교할 수 있습니다.,2026-09-16T09:18:00,completed,650.0,False,initial,해외 로밍 이용,ROAMING_GUIDE,N,2026-09-16T11:18:00,synthetic-seeder
320517,2026-09-16,3205170,THREAD-320517,RUN-320517,로밍 요금제 추천,로밍 요금제의 데이터 제공량과 가격을 비교할 수 있습니다.,2026-09-16T09:17:00,completed,650.0,False,initial,해외 로밍 이용,ROAMING_GUIDE,N,2026-09-16T11:17:00,synthetic-seeder
320506,2026-09-16,3205060,THREAD-320506,RUN-320506,로밍 요금제 추천,로밍 요금제의 데이터 제공량과 가격을 비교할 수 있습니다.,2026-09-16T09:06:00,completed,650.0,False,initial,해외 로밍 이용,ROAMING_GUIDE,N,2026-09-16T11:06:00,synthetic-seeder
320514,2026-09-16,3205140,THREAD-320514,RUN-320514,로밍 요금제 추천,로밍 요금제의 데이터 제공량과 가격을 비교할 수 있습니다.,2026-09-16T09:14:00,completed,650.0,False,initial,해외 로밍 이용,ROAMING_GUIDE,N,2026-09-16T11:14:00,synthetic-seeder
320512,2026-09-16,3205120,THREAD-320512,RUN-320512,로밍 요금제 추천,로밍 요금제의 데이터 제공량과 가격을 비교할 수 있습니다.,2026-09-16T09:12:00,completed,650.0,False,initial,해외 로밍 이용,ROAMING_GUIDE,N,2026-09-16T11:12:00,synthetic-seeder
320501,2026-09-16,3205010,THREAD-320501,RUN-320501,로밍 요금제 추천,로밍 요금제의 데이터 제공량과 가격을 비교할 수 있습니다.,2026-09-16T09:01:00,completed,650.0,False,initial,해외 로밍 이용,ROAMING_GUIDE,N,2026-09-16T11:01:00,synthetic-seeder
320504,2026-09-16,3205040,THREAD-320504,RUN-320504,로밍 요금제 추천,로밍 요금제의 데이터 제공량과 가격을 비교할 수 있습니다.,2026-09-16T09:04:00,completed,650.0,False,initial,해외 로밍 이용,ROAMING_GUIDE,N,2026-09-16T11:04:00,synthetic-seeder
320510,2026-09-16,3205100,THREAD-320510,RUN-320510,로밍 요금제 추천,로밍 요금제의 데이터 제공량과 가격을 비교할 수 있습니다.,2026-09-16T09:10:00,completed,650.0,False,initial,해외 로밍 이용,ROAMING_GUIDE,N,2026-09-16T11:10:00,synthetic-seeder
320505,2026-09-16,3205050,THREAD-320505,RUN-320505,로밍 요금제 추천,로밍 요금제의 데이터 제공량과 가격을 비교할 수 있습니다.,2026-09-16T09:05:00,completed,650.0,False,initial,해외 로밍 이용,ROAMING_GUIDE,N,2026-09-16T11:05:00,synthetic-seeder
320513,2026-09-16,3205130,THREAD-320513,RUN-320513,로밍 요금제 추천,로밍 요금제의 데이터 제공량과 가격을 비교할 수 있습니다.,2026-09-16T09:13:00,completed,650.0,False,initial,해외 로밍 이용,ROAMING_GUIDE,N,2026-09-16T11:13:00,synthetic-seeder
320609,2026-09-17,3206090,THREAD-320609,RUN-320609,로밍 요금제 추천,로밍 요금제의 데이터 제공량과 가격을 비교할 수 있습니다.,2026-09-17T09:09:00,completed,650.0,False,initial,해외 로밍 이용,ROAMING_GUIDE,N,2026-09-17T11:09:00,synthetic-seeder
320618,2026-09-17,3206180,THREAD-320618,RUN-320618,로밍 요금제 추천,로밍 요금제의 데이터 제공량과 가격을 비교할 수 있습니다.,2026-09-17T09:18:00,completed,650.0,False,initial,해외 로밍 이용,ROAMING_GUIDE,N,2026-09-17T11:18:00,synthetic-seeder
320611,2026-09-17,3206110,THREAD-320611,RUN-320611,로밍 요금제 추천,로밍 요금제의 데이터 제공량과 가격을 비교할 수 있습니다.,2026-09-17T09:11:00,completed,650.0,False,initial,해외 로밍 이용,ROAMING_GUIDE,N,2026-09-17T11:11:00,synthetic-seeder
320612,2026-09-17,3206120,THREAD-320612,RUN-320612,로밍 요금제 추천,로밍 요금제의 데이터 제공량과 가격을 비교할 수 있습니다.,2026-09-17T09:12:00,completed,650.0,False,initial,해외 로밍 이용,ROAMING_GUIDE,N,2026-09-17T11:12:00,synthetic-seeder
320613,2026-09-17,3206130,THREAD-320613,RUN-320613,로밍 요금제 추천,로밍 요금제의 데이터 제공량과 가격을 비교할 수 있습니다.,2026-09-17T09:13:00,completed,650.0,False,initial,해외 로밍 이용,ROAMING_GUIDE,N,2026-09-17T11:13:00,synthetic-seeder
320606,2026-09-17,3206060,THREAD-320606,RUN-320606,로밍 요금제 추천,로밍 요금제의 데이터 제공량과 가격을 비교할 수 있습니다.,2026-09-17T09:06:00,completed,650.0,False,initial,해외 로밍 이용,ROAMING_GUIDE,N,2026-09-17T11:06:00,synthetic-seeder
320614,2026-09-17,3206140,THREAD-320614,RUN-320614,로밍 요금제 추천,로밍 요금제의 데이터 제공량과 가격을 비교할 수 있습니다.,2026-09-17T09:14:00,completed,650.0,False,initial,해외 로밍 이용,ROAMING_GUIDE,N,2026-09-17T11:14:00,synthetic-seeder
320601,2026-09-17,3206010,THREAD-320601,RUN-320601,로밍 요금제 추천,로밍 요금제의 데이터 제공량과 가격을 비교할 수 있습니다.,2026-09-17T09:01:00,completed,650.0,False,initial,해외 로밍 이용,ROAMING_GUIDE,N,2026-09-17T11:01:00,synthetic-seeder
320603,2026-09-17,3206030,THREAD-320603,RUN-320603,로밍 요금제 추천,로밍 요금제의 데이터 제공량과 가격을 비교할 수 있습니다.,2026-09-17T09:03:00,completed,650.0,False,initial,해외 로밍 이용,ROAMING_GUIDE,N,2026-09-17T11:03:00,synthetic-seeder
320617,2026-09-17,3206170,THREAD-320617,RUN-320617,로밍 요금제 추천,로밍 요금제의 데이터 제공량과 가격을 비교할 수 있습니다.,2026-09-17T09:17:00,completed,650.0,False,initial,해외 로밍 이용,ROAMING_GUIDE,N,2026-09-17T11:17:00,synthetic-seeder
320615,2026-09-17,3206150,THREAD-320615,RUN-320615,로밍 요금제 추천,로밍 요금제의 데이터 제공량과 가격을 비교할 수 있습니다.,2026-09-17T09:15:00,completed,650.0,False,initial,해외 로밍 이용,ROAMING_GUIDE,N,2026-09-17T11:15:00,synthetic-seeder
320605,2026-09-17,3206050,THREAD-320605,RUN-320605,로밍 요금제 추천,로밍 요금제의 데이터 제공량과 가격을 비교할 수 있습니다.,2026-09-17T09:05:00,completed,650.0,False,initial,해외 로밍 이용,ROAMING_GUIDE,N,2026-09-17T11:05:00,synthetic-seeder
320602,2026-09-17,3206020,THREAD-320602,RUN-320602,로밍 요금제 추천,로밍 요금제의 데이터 제공량과 가격을 비교할 수 있습니다.,2026-09-17T09:02:00,completed,650.0,False,initial,해외 로밍 이용,ROAMING_GUIDE,N,2026-09-17T11:02:00,synthetic-seeder
320616,2026-09-17,3206160,THREAD-320616,RUN-320616,로밍 요금제 추천,로밍 요금제의 데이터 제공량과 가격을 비교할 수 있습니다.,2026-09-17T09:16:00,completed,650.0,False,initial,해외 로밍 이용,ROAMING_GUIDE,N,2026-09-17T11:16:00,synthetic-seeder
320608,2026-09-17,3206080,THREAD-320608,RUN-320608,로밍 요금제 추천,로밍 요금제의 데이터 제공량과 가격을 비교할 수 있습니다.,2026-09-17T09:08:00,completed,650.0,False,initial,해외 로밍 이용,ROAMING_GUIDE,N,2026-09-17T11:08:00,synthetic-seeder
320619,2026-09-17,3206190,THREAD-320619,RUN-320619,로밍 요금제 추천,로밍 요금제의 데이터 제공량과 가격을 비교할 수 있습니다.,2026-09-17T09:19:00,completed,650.0,False,initial,해외 로밍 이용,ROAMING_GUIDE,N,2026-09-17T11:19:00,synthetic-seeder
320607,2026-09-17,3206070,THREAD-320607,RUN-320607,로밍 요금제 추천,로밍 요금제의 데이터 제공량과 가격을 비교할 수 있습니다.,2026-09-17T09:07:00,completed,650.0,False,initial,해외 로밍 이용,ROAMING_GUIDE,N,2026-09-17T11:07:00,synthetic-seeder
320604,2026-09-17,3206040,THREAD-320604,RUN-320604,로밍 요금제 추천,로밍 요금제의 데이터 제공량과 가격을 비교할 수 있습니다.,2026-09-17T09:04:00,completed,650.0,False,initial,해외 로밍 이용,ROAMING_GUIDE,N,2026-09-17T11:04:00,synthetic-seeder
320610,2026-09-17,3206100,THREAD-320610,RUN-320610,로밍 요금제 추천,로밍 요금제의 데이터 제공량과 가격을 비교할 수 있습니다.,2026-09-17T09:10:00,completed,650.0,False,initial,해외 로밍 이용,ROAMING_GUIDE,N,2026-09-17T11:10:00,synthetic-seeder
320620,2026-09-17,3206200,THREAD-320620,RUN-320620,로밍 요금제 추천,로밍 요금제의 데이터 제공량과 가격을 비교할 수 있습니다.,2026-09-17T09:20:00,completed,650.0,False,initial,해외 로밍 이용,ROAMING_GUIDE,N,2026-09-17T11:20:00,synthetic-seeder
