CZ_LNK_KEY,BASE_YYMM,BILL_ACNT_NO,ENTR_NO,CUST_NO,YY10_AGELV_ID,CUST_AGE,PP_CD,PP_NM,ENTR_STTS_CD,FRST_ENTR_DT,SPPS_AMT,SMLS_STLM_AMT,TOT_BILL_AMT,DP_LOAD_DTTM,DP_LOAD_USER_ID,SEX_DV_CD
110001,202609,BILL-110001,ENTR-VAS-BASELINE-0001,110001,2,26,5G-STD-01,5G 스탠다드,A,20230801,6800,0,81800,2026-09-04T23:00:00,synthetic-seeder,M
110002,202609,BILL-110002,ENTR-VAS-BASELINE-0002,110002,2,27,5G-STD-01,5G 스탠다드,A,20230801,6800,0,81800,2026-09-05T23:00:00,synthetic-seeder,F
110003,202609,BILL-110003,ENTR-VAS-BASELINE-0003,110003,2,28,5G-STD-01,5G 스탠다드,A,20230801,6800,0,81800,2026-09-06T23:00:00,synthetic-seeder,M
110004,202609,BILL-110004,ENTR-VAS-BASELINE-0004,110004,2,29,5G-STD-01,5G 스탠다드,A,20230801,6800,0,81800,2026-09-07T23:00:00,synthetic-seeder,F
110005,202609,BILL-110005,ENTR-VAS-BASELINE-0005,110005,3,30,5G-STD-01,5G 스탠다드,A,20230801,6800,0,81800,2026-09-08T23:00:00,synthetic-seeder,M
110006,202609,BILL-110006,ENTR-VAS-BASELINE-0006,110006,3,31,5G-STD-01,5G 스탠다드,A,20230801,6800,0,81800,2026-09-09T23:00:00,synthetic-seeder,F
110007,202609,BILL-110007,ENTR-VAS-BASELINE-0007,110007,3,32,5G-STD-01,5G 스탠다드,A,20230801,6800,0,81800,2026-09-10T23:00:00,synthetic-seeder,M
110008,202609,BILL-110008,ENTR-VAS-BASELINE-0008,110008,3,33,5G-STD-01,5G 스탠다드,A,20230801,6800,0,81800,2026-09-04T23:00:00,synthetic-seeder,F
110009,202609,BILL-110009,ENTR-VAS-BASELINE-0009,110009,3,34,5G-STD-01,5G 스탠다드,A,20230801,6800,0,81800,2026-09-05T23:00:00,synthetic-seeder,M
110010,202609,BILL-110010,ENTR-VAS-BASELINE-0010,110010,3,35,5G-STD-01,5G 스탠다드,A,20230801,6800,0,81800,2026-09-06T23:00:00,synthetic-seeder,F
110011,202609,BILL-110011,ENTR-VAS-BASELINE-0011,110011,3,36,5G-STD-01,5G 스탠다드,A,20230801,6800,0,81800,2026-09-07T23:00:00,synthetic-seeder,M
110012,202609,BILL-110012,ENTR-VAS-BASELINE-0012,110012,3,37,5G-STD-01,5G 스탠다드,A,20230801,6800,0,81800,2026-09-08T23:00:00,synthetic-seeder,F
110013,202609,BILL-110013,ENTR-VAS-BASELINE-0013,110013,3,38,5G-STD-01,5G 스탠다드,A,20230801,6800,0,81800,2026-09-09T23:00:00,synthetic-seeder,M
110014,202609,BILL-110014,ENTR-VAS-BASELINE-0014,110014,3,39,5G-STD-01,5G 스탠다드,A,20230801,6800,0,81800,2026-09-10T23:00:00,synthetic-seeder,F
110015,202609,BILL-110015,ENTR-VAS-BASELINE-0015,110015,4,40,5G-STD-01,5G 스탠다드,A,20230801,6800,0,81800,2026-09-04T23:00:00,synthetic-seeder,M
110016,202609,BILL-110016,ENTR-VAS-BASELINE-0016,110016,4,41,5G-STD-01,5G 스탠다드,A,20230801,6800,0,81800,2026-09-05T23:00:00,synthetic-seeder,F
110017,202609,BILL-110017,ENTR-VAS-BASELINE-0017,110017,4,42,5G-STD-01,5G 스탠다드,A,20230801,6800,0,81800,2026-09-06T23:00:00,synthetic-seeder,M
110018,202609,BILL-110018,ENTR-VAS-BASELINE-0018,110018,4,43,5G-STD-01,5G 스탠다드,A,20230801,6800,0,81800,2026-09-07T23:00:00,synthetic-seeder,F
110019,202609,BILL-110019,ENTR-VAS-BASELINE-0019,110019,4,44,5G-STD-01,5G 스탠다드,A,20230801,6800,0,81800,2026-09-08T23:00:00,synthetic-seeder,M
110020,202609,BILL-110020,ENTR-VAS-BASELINE-0020,110020,4,45,5G-STD-01,5G 스탠다드,A,20230801,6800,0,81800,2026-09-09T23:00:00,synthetic-seeder,F
110021,202609,BILL-110021,ENTR-VAS-BASELINE-0021,110021,4,46,5G-STD-01,5G 스탠다드,A,20230801,6800,0,81800,2026-09-10T23:00:00,synthetic-seeder,M
110022,202609,BILL-110022,ENTR-VAS-BASELINE-0022,110022,4,47,5G-STD-01,5G 스탠다드,A,20230801,6800,0,81800,2026-09-04T23:00:00,synthetic-seeder,F
110023,202609,BILL-110023,ENTR-VAS-BASELINE-0023,110023,4,48,5G-STD-01,5G 스탠다드,A,20230801,6800,0,81800,2026-09-05T23:00:00,synthetic-seeder,M
110024,202609,BILL-110024,ENTR-VAS-BASELINE-0024,110024,4,49,5G-STD-01,5G 스탠다드,A,20230801,6800,0,81800,2026-09-06T23:00:00,synthetic-seeder,F
110025,202609,BILL-110025,ENTR-VAS-BASELINE-0025,110025,5,50,5G-STD-01,5G 스탠다드,A,20230801,6800,0,81800,2026-09-07T23:00:00,synthetic-seeder,M
110026,202609,BILL-110026,ENTR-VAS-BASELINE-0026,110026,5,51,5G-STD-01,5G 스탠다드,A,20230801,6800,0,81800,2026-09-08T23:00:00,synthetic-seeder,F
110027,202609,BILL-110027,ENTR-VAS-BASELINE-0027,110027,5,52,5G-STD-01,5G 스탠다드,A,20230801,6800,0,81800,2026-09-09T23:00:00,synthetic-seeder,M
110028,202609,BILL-110028,ENTR-VAS-BASELINE-0028,110028,5,53,5G-STD-01,5G 스탠다드,A,20230801,6800,0,81800,2026-09-10T23:00:00,synthetic-seeder,F
110029,202609,BILL-110029,ENTR-VAS-BASELINE-0029,110029,5,54,5G-STD-01,5G 스탠다드,A,20230801,6800,0,81800,2026-09-04T23:00:00,synthetic-seeder,M
110030,202609,BILL-110030,ENTR-VAS-BASELINE-0030,110030,5,55,5G-STD-01,5G 스탠다드,A,20230801,6800,0,81800,2026-09-05T23:00:00,synthetic-seeder,F
110031,202609,BILL-110031,ENTR-VAS-BASELINE-0031,110031,5,56,5G-STD-01,5G 스탠다드,A,20230801,6800,0,81800,2026-09-06T23:00:00,synthetic-seeder,M
110032,202609,BILL-110032,ENTR-VAS-BASELINE-0032,110032,5,57,5G-STD-01,5G 스탠다드,A,20230801,6800,0,81800,2026-09-07T23:00:00,synthetic-seeder,F
110033,202609,BILL-110033,ENTR-VAS-BASELINE-0033,110033,5,58,5G-STD-01,5G 스탠다드,A,20230801,6800,0,81800,2026-09-08T23:00:00,synthetic-seeder,M
110034,202609,BILL-110034,ENTR-VAS-BASELINE-0034,110034,5,59,5G-STD-01,5G 스탠다드,A,20230801,6800,0,81800,2026-09-09T23:00:00,synthetic-seeder,F
110035,202609,BILL-110035,ENTR-VAS-BASELINE-0035,110035,6,60,5G-STD-01,5G 스탠다드,A,20230801,6800,0,81800,2026-09-10T23:00:00,synthetic-seeder,M
110036,202609,BILL-110036,ENTR-VAS-BASELINE-0036,110036,2,25,5G-STD-01,5G 스탠다드,A,20230801,6800,0,81800,2026-09-04T23:00:00,synthetic-seeder,F
110037,202609,BILL-110037,ENTR-VAS-BASELINE-0037,110037,2,26,5G-STD-01,5G 스탠다드,A,20230801,6800,0,81800,2026-09-05T23:00:00,synthetic-seeder,M
110038,202609,BILL-110038,ENTR-VAS-BASELINE-0038,110038,2,27,5G-STD-01,5G 스탠다드,A,20230801,6800,0,81800,2026-09-06T23:00:00,synthetic-seeder,F
110039,202609,BILL-110039,ENTR-VAS-BASELINE-0039,110039,2,28,5G-STD-01,5G 스탠다드,A,20230801,6800,0,81800,2026-09-07T23:00:00,synthetic-seeder,M
110040,202609,BILL-110040,ENTR-VAS-BASELINE-0040,110040,2,29,5G-STD-01,5G 스탠다드,A,20230801,6800,0,81800,2026-09-08T23:00:00,synthetic-seeder,F
110041,202609,BILL-110041,ENTR-VAS-BASELINE-0041,110041,3,30,5G-STD-01,5G 스탠다드,A,20230801,6800,0,81800,2026-09-09T23:00:00,synthetic-seeder,M
110042,202609,BILL-110042,ENTR-VAS-BASELINE-0042,110042,3,31,5G-STD-01,5G 스탠다드,A,20230801,6800,0,81800,2026-09-10T23:00:00,synthetic-seeder,F
110043,202609,BILL-110043,ENTR-VAS-BASELINE-0043,110043,3,32,5G-STD-01,5G 스탠다드,A,20230801,6800,0,81800,2026-09-04T23:00:00,synthetic-seeder,M
110044,202609,BILL-110044,ENTR-VAS-BASELINE-0044,110044,3,33,5G-STD-01,5G 스탠다드,A,20230801,6800,0,81800,2026-09-05T23:00:00,synthetic-seeder,F
110045,202609,BILL-110045,ENTR-VAS-BASELINE-0045,110045,3,34,5G-STD-01,5G 스탠다드,A,20230801,6800,0,81800,2026-09-06T23:00:00,synthetic-seeder,M
110046,202609,BILL-110046,ENTR-VAS-BASELINE-0046,110046,3,35,5G-STD-01,5G 스탠다드,A,20230801,6800,0,81800,2026-09-07T23:00:00,synthetic-seeder,F
110047,202609,BILL-110047,ENTR-VAS-BASELINE-0047,110047,3,36,5G-STD-01,5G 스탠다드,A,20230801,6800,0,81800,2026-09-08T23:00:00,synthetic-seeder,M
110048,202609,BILL-110048,ENTR-VAS-BASELINE-0048,110048,3,37,5G-STD-01,5G 스탠다드,A,20230801,6800,0,81800,2026-09-09T23:00:00,synthetic-seeder,F
110049,202609,BILL-110049,ENTR-VAS-BASELINE-0049,110049,3,38,5G-STD-01,5G 스탠다드,A,20230801,6800,0,81800,2026-09-10T23:00:00,synthetic-seeder,M
110050,202609,BILL-110050,ENTR-VAS-BASELINE-0050,110050,3,39,5G-STD-01,5G 스탠다드,A,20230801,6800,0,81800,2026-09-04T23:00:00,synthetic-seeder,F
110051,202609,BILL-110051,ENTR-VAS-BASELINE-0051,110051,4,40,5G-STD-01,5G 스탠다드,A,20230801,6800,0,81800,2026-09-05T23:00:00,synthetic-seeder,M
110052,202609,BILL-110052,ENTR-VAS-BASELINE-0052,110052,4,41,5G-STD-01,5G 스탠다드,A,20230801,6800,0,81800,2026-09-06T23:00:00,synthetic-seeder,F
110053,202609,BILL-110053,ENTR-VAS-BASELINE-0053,110053,4,42,5G-STD-01,5G 스탠다드,A,20230801,6800,0,81800,2026-09-07T23:00:00,synthetic-seeder,M
110054,202609,BILL-110054,ENTR-VAS-BASELINE-0054,110054,4,43,5G-STD-01,5G 스탠다드,A,20230801,6800,0,81800,2026-09-08T23:00:00,synthetic-seeder,F
110055,202609,BILL-110055,ENTR-VAS-BASELINE-0055,110055,4,44,5G-STD-01,5G 스탠다드,A,20230801,6800,0,81800,2026-09-09T23:00:00,synthetic-seeder,M
110056,202609,BILL-110056,ENTR-VAS-BASELINE-0056,110056,4,45,5G-STD-01,5G 스탠다드,A,20230801,6800,0,81800,2026-09-10T23:00:00,synthetic-seeder,F
110057,202609,BILL-110057,ENTR-VAS-BASELINE-0057,110057,4,46,5G-STD-01,5G 스탠다드,A,20230801,6800,0,81800,2026-09-04T23:00:00,synthetic-seeder,M
110058,202609,BILL-110058,ENTR-VAS-BASELINE-0058,110058,4,47,5G-STD-01,5G 스탠다드,A,20230801,6800,0,81800,2026-09-05T23:00:00,synthetic-seeder,F
110059,202609,BILL-110059,ENTR-VAS-BASELINE-0059,110059,4,48,5G-STD-01,5G 스탠다드,A,20230801,6800,0,81800,2026-09-06T23:00:00,synthetic-seeder,M
110060,202609,BILL-110060,ENTR-VAS-BASELINE-0060,110060,4,49,5G-STD-01,5G 스탠다드,A,20230801,6800,0,81800,2026-09-07T23:00:00,synthetic-seeder,F
110061,202609,BILL-110061,ENTR-VAS-BASELINE-0061,110061,5,50,5G-STD-01,5G 스탠다드,A,20230801,6800,0,81800,2026-09-08T23:00:00,synthetic-seeder,M
110062,202609,BILL-110062,ENTR-VAS-BASELINE-0062,110062,5,51,5G-STD-01,5G 스탠다드,A,20230801,6800,0,81800,2026-09-09T23:00:00,synthetic-seeder,F
110063,202609,BILL-110063,ENTR-VAS-BASELINE-0063,110063,5,52,5G-STD-01,5G 스탠다드,A,20230801,6800,0,81800,2026-09-10T23:00:00,synthetic-seeder,M
110064,202609,BILL-110064,ENTR-VAS-BASELINE-0064,110064,5,53,5G-STD-01,5G 스탠다드,A,20230801,6800,0,81800,2026-09-04T23:00:00,synthetic-seeder,F
110065,202609,BILL-110065,ENTR-VAS-BASELINE-0065,110065,5,54,5G-STD-01,5G 스탠다드,A,20230801,6800,0,81800,2026-09-05T23:00:00,synthetic-seeder,M
110066,202609,BILL-110066,ENTR-VAS-BASELINE-0066,110066,5,55,5G-STD-01,5G 스탠다드,A,20230801,6800,0,81800,2026-09-06T23:00:00,synthetic-seeder,F
110067,202609,BILL-110067,ENTR-VAS-BASELINE-0067,110067,5,56,5G-STD-01,5G 스탠다드,A,20230801,6800,0,81800,2026-09-07T23:00:00,synthetic-seeder,M
110068,202609,BILL-110068,ENTR-VAS-BASELINE-0068,110068,5,57,5G-STD-01,5G 스탠다드,A,20230801,6800,0,81800,2026-09-08T23:00:00,synthetic-seeder,F
110069,202609,BILL-110069,ENTR-VAS-BASELINE-0069,110069,5,58,5G-STD-01,5G 스탠다드,A,20230801,6800,0,81800,2026-09-09T23:00:00,synthetic-seeder,M
110070,202609,BILL-110070,ENTR-VAS-BASELINE-0070,110070,5,59,5G-STD-01,5G 스탠다드,A,20230801,6800,0,81800,2026-09-10T23:00:00,synthetic-seeder,F
110071,202609,BILL-110071,ENTR-VAS-BASELINE-0071,110071,6,60,5G-STD-01,5G 스탠다드,A,20230801,6800,0,81800,2026-09-04T23:00:00,synthetic-seeder,M
110072,202609,BILL-110072,ENTR-VAS-BASELINE-0072,110072,2,25,5G-STD-01,5G 스탠다드,A,20230801,6800,0,81800,2026-09-05T23:00:00,synthetic-seeder,F
110073,202609,BILL-110073,ENTR-VAS-BASELINE-0073,110073,2,26,5G-STD-01,5G 스탠다드,A,20230801,6800,0,81800,2026-09-06T23:00:00,synthetic-seeder,M
110074,202609,BILL-110074,ENTR-VAS-BASELINE-0074,110074,2,27,5G-STD-01,5G 스탠다드,A,20230801,6800,0,81800,2026-09-07T23:00:00,synthetic-seeder,F
110075,202609,BILL-110075,ENTR-VAS-BASELINE-0075,110075,2,28,5G-STD-01,5G 스탠다드,A,20230801,6800,0,81800,2026-09-08T23:00:00,synthetic-seeder,M
110076,202609,BILL-110076,ENTR-VAS-BASELINE-0076,110076,2,29,5G-STD-01,5G 스탠다드,A,20230801,6800,0,81800,2026-09-09T23:00:00,synthetic-seeder,F
110077,202609,BILL-110077,ENTR-VAS-BASELINE-0077,110077,3,30,5G-STD-01,5G 스탠다드,A,20230801,6800,0,81800,2026-09-10T23:00:00,synthetic-seeder,M
110078,202609,BILL-110078,ENTR-VAS-BASELINE-0078,110078,3,31,5G-STD-01,5G 스탠다드,A,20230801,6800,0,81800,2026-09-04T23:00:00,synthetic-seeder,F
110079,202609,BILL-110079,ENTR-VAS-BASELINE-0079,110079,3,32,5G-STD-01,5G 스탠다드,A,20230801,6800,0,81800,2026-09-05T23:00:00,synthetic-seeder,M
110080,202609,BILL-110080,ENTR-VAS-BASELINE-0080,110080,3,33,5G-STD-01,5G 스탠다드,A,20230801,6800,0,81800,2026-09-06T23:00:00,synthetic-seeder,F
110081,202609,BILL-110081,ENTR-VAS-BASELINE-0081,110081,3,34,5G-STD-01,5G 스탠다드,A,20230801,6800,0,81800,2026-09-07T23:00:00,synthetic-seeder,M
110082,202609,BILL-110082,ENTR-VAS-BASELINE-0082,110082,3,35,5G-STD-01,5G 스탠다드,A,20230801,6800,0,81800,2026-09-08T23:00:00,synthetic-seeder,F
110083,202609,BILL-110083,ENTR-VAS-BASELINE-0083,110083,3,36,5G-STD-01,5G 스탠다드,A,20230801,6800,0,81800,2026-09-09T23:00:00,synthetic-seeder,M
110084,202609,BILL-110084,ENTR-VAS-BASELINE-0084,110084,3,37,5G-STD-01,5G 스탠다드,A,20230801,6800,0,81800,2026-09-10T23:00:00,synthetic-seeder,F
110085,202609,BILL-110085,ENTR-VAS-BASELINE-0085,110085,3,38,5G-STD-01,5G 스탠다드,A,20230801,6800,0,81800,2026-09-04T23:00:00,synthetic-seeder,M
110086,202609,BILL-110086,ENTR-VAS-BASELINE-0086,110086,3,39,5G-STD-01,5G 스탠다드,A,20230801,6800,0,81800,2026-09-05T23:00:00,synthetic-seeder,F
110087,202609,BILL-110087,ENTR-VAS-BASELINE-0087,110087,4,40,5G-STD-01,5G 스탠다드,A,20230801,6800,0,81800,2026-09-06T23:00:00,synthetic-seeder,M
110088,202609,BILL-110088,ENTR-VAS-BASELINE-0088,110088,4,41,5G-STD-01,5G 스탠다드,A,20230801,6800,0,81800,2026-09-07T23:00:00,synthetic-seeder,F
110089,202609,BILL-110089,ENTR-VAS-BASELINE-0089,110089,4,42,5G-STD-01,5G 스탠다드,A,20230801,6800,0,81800,2026-09-08T23:00:00,synthetic-seeder,M
110090,202609,BILL-110090,ENTR-VAS-BASELINE-0090,110090,4,43,5G-STD-01,5G 스탠다드,A,20230801,6800,0,81800,2026-09-09T23:00:00,synthetic-seeder,F
110091,202609,BILL-110091,ENTR-VAS-BASELINE-0091,110091,4,44,5G-STD-01,5G 스탠다드,A,20230801,6800,0,81800,2026-09-10T23:00:00,synthetic-seeder,M
110092,202609,BILL-110092,ENTR-VAS-BASELINE-0092,110092,4,45,5G-STD-01,5G 스탠다드,A,20230801,6800,0,81800,2026-09-04T23:00:00,synthetic-seeder,F
110093,202609,BILL-110093,ENTR-VAS-BASELINE-0093,110093,4,46,5G-STD-01,5G 스탠다드,A,20230801,6800,0,81800,2026-09-05T23:00:00,synthetic-seeder,M
110094,202609,BILL-110094,ENTR-VAS-BASELINE-0094,110094,4,47,5G-STD-01,5G 스탠다드,A,20230801,6800,0,81800,2026-09-06T23:00:00,synthetic-seeder,F
110095,202609,BILL-110095,ENTR-VAS-BASELINE-0095,110095,4,48,5G-STD-01,5G 스탠다드,A,20230801,6800,0,81800,2026-09-07T23:00:00,synthetic-seeder,M
110096,202609,BILL-110096,ENTR-VAS-BASELINE-0096,110096,4,49,5G-STD-01,5G 스탠다드,A,20230801,6800,0,81800,2026-09-08T23:00:00,synthetic-seeder,F
110097,202609,BILL-110097,ENTR-VAS-BASELINE-0097,110097,5,50,5G-STD-01,5G 스탠다드,A,20230801,6800,0,81800,2026-09-09T23:00:00,synthetic-seeder,M
110098,202609,BILL-110098,ENTR-VAS-BASELINE-0098,110098,5,51,5G-STD-01,5G 스탠다드,A,20230801,6800,0,81800,2026-09-10T23:00:00,synthetic-seeder,F
110099,202609,BILL-110099,ENTR-VAS-BASELINE-0099,110099,5,52,5G-STD-01,5G 스탠다드,A,20230801,6800,0,81800,2026-09-04T23:00:00,synthetic-seeder,M
110100,202609,BILL-110100,ENTR-VAS-BASELINE-0100,110100,5,53,5G-STD-01,5G 스탠다드,A,20230801,6800,0,81800,2026-09-05T23:00:00,synthetic-seeder,F
110101,202609,BILL-110101,ENTR-VAS-BASELINE-0101,110101,5,54,5G-STD-01,5G 스탠다드,A,20230801,6800,0,81800,2026-09-06T23:00:00,synthetic-seeder,M
110102,202609,BILL-110102,ENTR-VAS-BASELINE-0102,110102,5,55,5G-STD-01,5G 스탠다드,A,20230801,6800,0,81800,2026-09-07T23:00:00,synthetic-seeder,F
110103,202609,BILL-110103,ENTR-VAS-BASELINE-0103,110103,5,56,5G-STD-01,5G 스탠다드,A,20230801,6800,0,81800,2026-09-08T23:00:00,synthetic-seeder,M
110104,202609,BILL-110104,ENTR-VAS-BASELINE-0104,110104,5,57,5G-STD-01,5G 스탠다드,A,20230801,6800,0,81800,2026-09-09T23:00:00,synthetic-seeder,F
110105,202609,BILL-110105,ENTR-VAS-BASELINE-0105,110105,5,58,5G-STD-01,5G 스탠다드,A,20230801,6800,0,81800,2026-09-10T23:00:00,synthetic-seeder,M
110106,202609,BILL-110106,ENTR-VAS-BASELINE-0106,110106,5,59,5G-STD-01,5G 스탠다드,A,20230801,6800,0,81800,2026-09-04T23:00:00,synthetic-seeder,F
110107,202609,BILL-110107,ENTR-VAS-BASELINE-0107,110107,6,60,5G-STD-01,5G 스탠다드,A,20230801,6800,0,81800,2026-09-05T23:00:00,synthetic-seeder,M
110108,202609,BILL-110108,ENTR-VAS-BASELINE-0108,110108,2,25,5G-STD-01,5G 스탠다드,A,20230801,6800,0,81800,2026-09-06T23:00:00,synthetic-seeder,F
110109,202609,BILL-110109,ENTR-VAS-BASELINE-0109,110109,2,26,5G-STD-01,5G 스탠다드,A,20230801,6800,0,81800,2026-09-07T23:00:00,synthetic-seeder,M
110110,202609,BILL-110110,ENTR-VAS-BASELINE-0110,110110,2,27,5G-STD-01,5G 스탠다드,A,20230801,6800,0,81800,2026-09-08T23:00:00,synthetic-seeder,F
110111,202609,BILL-110111,ENTR-VAS-BASELINE-0111,110111,2,28,5G-STD-01,5G 스탠다드,A,20230801,6800,0,81800,2026-09-09T23:00:00,synthetic-seeder,M
110112,202609,BILL-110112,ENTR-VAS-BASELINE-0112,110112,2,29,5G-STD-01,5G 스탠다드,A,20230801,6800,0,81800,2026-09-10T23:00:00,synthetic-seeder,F
110113,202609,BILL-110113,ENTR-VAS-BASELINE-0113,110113,3,30,5G-STD-01,5G 스탠다드,A,20230801,6800,0,81800,2026-09-04T23:00:00,synthetic-seeder,M
110114,202609,BILL-110114,ENTR-VAS-BASELINE-0114,110114,3,31,5G-STD-01,5G 스탠다드,A,20230801,6800,0,81800,2026-09-05T23:00:00,synthetic-seeder,F
110115,202609,BILL-110115,ENTR-VAS-BASELINE-0115,110115,3,32,5G-STD-01,5G 스탠다드,A,20230801,6800,0,81800,2026-09-06T23:00:00,synthetic-seeder,M
110116,202609,BILL-110116,ENTR-VAS-BASELINE-0116,110116,3,33,5G-STD-01,5G 스탠다드,A,20230801,6800,0,81800,2026-09-07T23:00:00,synthetic-seeder,F
110117,202609,BILL-110117,ENTR-VAS-BASELINE-0117,110117,3,34,5G-STD-01,5G 스탠다드,A,20230801,6800,0,81800,2026-09-08T23:00:00,synthetic-seeder,M
110118,202609,BILL-110118,ENTR-VAS-BASELINE-0118,110118,3,35,5G-STD-01,5G 스탠다드,A,20230801,6800,0,81800,2026-09-09T23:00:00,synthetic-seeder,F
110119,202609,BILL-110119,ENTR-VAS-BASELINE-0119,110119,3,36,5G-STD-01,5G 스탠다드,A,20230801,6800,0,81800,2026-09-10T23:00:00,synthetic-seeder,M
110120,202609,BILL-110120,ENTR-VAS-BASELINE-0120,110120,3,37,5G-STD-01,5G 스탠다드,A,20230801,6800,0,81800,2026-09-04T23:00:00,synthetic-seeder,F
110121,202609,BILL-110121,ENTR-VAS-BASELINE-0121,110121,3,38,5G-STD-01,5G 스탠다드,A,20230801,6800,0,81800,2026-09-05T23:00:00,synthetic-seeder,M
110122,202609,BILL-110122,ENTR-VAS-BASELINE-0122,110122,3,39,5G-STD-01,5G 스탠다드,A,20230801,6800,0,81800,2026-09-06T23:00:00,synthetic-seeder,F
110123,202609,BILL-110123,ENTR-VAS-BASELINE-0123,110123,4,40,5G-STD-01,5G 스탠다드,A,20230801,6800,0,81800,2026-09-07T23:00:00,synthetic-seeder,M
110124,202609,BILL-110124,ENTR-VAS-BASELINE-0124,110124,4,41,5G-STD-01,5G 스탠다드,A,20230801,6800,0,81800,2026-09-08T23:00:00,synthetic-seeder,F
110125,202609,BILL-110125,ENTR-VAS-BASELINE-0125,110125,4,42,5G-STD-01,5G 스탠다드,A,20230801,6800,0,81800,2026-09-09T23:00:00,synthetic-seeder,M
110126,202609,BILL-110126,ENTR-VAS-BASELINE-0126,110126,4,43,5G-STD-01,5G 스탠다드,A,20230801,6800,0,81800,2026-09-10T23:00:00,synthetic-seeder,F
110127,202609,BILL-110127,ENTR-VAS-BASELINE-0127,110127,4,44,5G-STD-01,5G 스탠다드,A,20230801,6800,0,81800,2026-09-04T23:00:00,synthetic-seeder,M
110128,202609,BILL-110128,ENTR-VAS-BASELINE-0128,110128,4,45,5G-STD-01,5G 스탠다드,A,20230801,6800,0,81800,2026-09-05T23:00:00,synthetic-seeder,F
110129,202609,BILL-110129,ENTR-VAS-BASELINE-0129,110129,4,46,5G-STD-01,5G 스탠다드,A,20230801,6800,0,81800,2026-09-06T23:00:00,synthetic-seeder,M
110130,202609,BILL-110130,ENTR-VAS-BASELINE-0130,110130,4,47,5G-STD-01,5G 스탠다드,A,20230801,6800,0,81800,2026-09-07T23:00:00,synthetic-seeder,F
110131,202609,BILL-110131,ENTR-VAS-BASELINE-0131,110131,4,48,5G-STD-01,5G 스탠다드,A,20230801,6800,0,81800,2026-09-08T23:00:00,synthetic-seeder,M
110132,202609,BILL-110132,ENTR-VAS-BASELINE-0132,110132,4,49,5G-STD-01,5G 스탠다드,A,20230801,6800,0,81800,2026-09-09T23:00:00,synthetic-seeder,F
110133,202609,BILL-110133,ENTR-VAS-BASELINE-0133,110133,5,50,5G-STD-01,5G 스탠다드,A,20230801,6800,0,81800,2026-09-10T23:00:00,synthetic-seeder,M
110134,202609,BILL-110134,ENTR-VAS-BASELINE-0134,110134,5,51,5G-STD-01,5G 스탠다드,A,20230801,6800,0,81800,2026-09-04T23:00:00,synthetic-seeder,F
110135,202609,BILL-110135,ENTR-VAS-BASELINE-0135,110135,5,52,5G-STD-01,5G 스탠다드,A,20230801,6800,0,81800,2026-09-05T23:00:00,synthetic-seeder,M
110136,202609,BILL-110136,ENTR-VAS-BASELINE-0136,110136,5,53,5G-STD-01,5G 스탠다드,A,20230801,6800,0,81800,2026-09-06T23:00:00,synthetic-seeder,F
110137,202609,BILL-110137,ENTR-VAS-BASELINE-0137,110137,5,54,5G-STD-01,5G 스탠다드,A,20230801,6800,0,81800,2026-09-07T23:00:00,synthetic-seeder,M
110138,202609,BILL-110138,ENTR-VAS-BASELINE-0138,110138,5,55,5G-STD-01,5G 스탠다드,A,20230801,6800,0,81800,2026-09-08T23:00:00,synthetic-seeder,F
110139,202609,BILL-110139,ENTR-VAS-BASELINE-0139,110139,5,56,5G-STD-01,5G 스탠다드,A,20230801,6800,0,81800,2026-09-09T23:00:00,synthetic-seeder,M
110140,202609,BILL-110140,ENTR-VAS-BASELINE-0140,110140,5,57,5G-STD-01,5G 스탠다드,A,20230801,6800,0,81800,2026-09-10T23:00:00,synthetic-seeder,F
110141,202609,BILL-110141,ENTR-VAS-BASELINE-0141,110141,5,58,5G-STD-01,5G 스탠다드,A,20230801,6800,0,81800,2026-09-04T23:00:00,synthetic-seeder,M
110142,202609,BILL-110142,ENTR-VAS-BASELINE-0142,110142,5,59,5G-STD-01,5G 스탠다드,A,20230801,6800,0,81800,2026-09-05T23:00:00,synthetic-seeder,F
110143,202609,BILL-110143,ENTR-VAS-BASELINE-0143,110143,6,60,5G-STD-01,5G 스탠다드,A,20230801,6800,0,81800,2026-09-06T23:00:00,synthetic-seeder,M
110144,202609,BILL-110144,ENTR-VAS-BASELINE-0144,110144,2,25,5G-STD-01,5G 스탠다드,A,20230801,6800,0,81800,2026-09-07T23:00:00,synthetic-seeder,F
110145,202609,BILL-110145,ENTR-VAS-BASELINE-0145,110145,2,26,5G-STD-01,5G 스탠다드,A,20230801,6800,0,81800,2026-09-08T23:00:00,synthetic-seeder,M
110146,202609,BILL-110146,ENTR-VAS-BASELINE-0146,110146,2,27,5G-STD-01,5G 스탠다드,A,20230801,6800,0,81800,2026-09-09T23:00:00,synthetic-seeder,F
110147,202609,BILL-110147,ENTR-VAS-BASELINE-0147,110147,2,28,5G-STD-01,5G 스탠다드,A,20230801,6800,0,81800,2026-09-10T23:00:00,synthetic-seeder,M
110148,202609,BILL-110148,ENTR-VAS-BASELINE-0148,110148,2,29,5G-STD-01,5G 스탠다드,A,20230801,6800,0,81800,2026-09-04T23:00:00,synthetic-seeder,F
110149,202609,BILL-110149,ENTR-VAS-BASELINE-0149,110149,3,30,5G-STD-01,5G 스탠다드,A,20230801,6800,0,81800,2026-09-05T23:00:00,synthetic-seeder,M
110150,202609,BILL-110150,ENTR-VAS-BASELINE-0150,110150,3,31,5G-STD-01,5G 스탠다드,A,20230801,6800,0,81800,2026-09-06T23:00:00,synthetic-seeder,F
110151,202609,BILL-110151,ENTR-VAS-BASELINE-0151,110151,3,32,5G-STD-01,5G 스탠다드,A,20230801,6800,0,81800,2026-09-07T23:00:00,synthetic-seeder,M
110152,202609,BILL-110152,ENTR-VAS-BASELINE-0152,110152,3,33,5G-STD-01,5G 스탠다드,A,20230801,6800,0,81800,2026-09-08T23:00:00,synthetic-seeder,F
110153,202609,BILL-110153,ENTR-VAS-BASELINE-0153,110153,3,34,5G-STD-01,5G 스탠다드,A,20230801,6800,0,81800,2026-09-09T23:00:00,synthetic-seeder,M
110154,202609,BILL-110154,ENTR-VAS-BASELINE-0154,110154,3,35,5G-STD-01,5G 스탠다드,A,20230801,6800,0,81800,2026-09-10T23:00:00,synthetic-seeder,F
110155,202609,BILL-110155,ENTR-VAS-BASELINE-0155,110155,3,36,5G-STD-01,5G 스탠다드,A,20230801,6800,0,81800,2026-09-04T23:00:00,synthetic-seeder,M
110156,202609,BILL-110156,ENTR-VAS-BASELINE-0156,110156,3,37,5G-STD-01,5G 스탠다드,A,20230801,6800,0,81800,2026-09-05T23:00:00,synthetic-seeder,F
110157,202609,BILL-110157,ENTR-VAS-BASELINE-0157,110157,3,38,5G-STD-01,5G 스탠다드,A,20230801,6800,0,81800,2026-09-06T23:00:00,synthetic-seeder,M
110158,202609,BILL-110158,ENTR-VAS-BASELINE-0158,110158,3,39,5G-STD-01,5G 스탠다드,A,20230801,6800,0,81800,2026-09-07T23:00:00,synthetic-seeder,F
110159,202609,BILL-110159,ENTR-VAS-BASELINE-0159,110159,4,40,5G-STD-01,5G 스탠다드,A,20230801,6800,0,81800,2026-09-08T23:00:00,synthetic-seeder,M
110160,202609,BILL-110160,ENTR-VAS-BASELINE-0160,110160,4,41,5G-STD-01,5G 스탠다드,A,20230801,6800,0,81800,2026-09-09T23:00:00,synthetic-seeder,F
110161,202609,BILL-110161,ENTR-VAS-BASELINE-0161,110161,4,42,5G-STD-01,5G 스탠다드,A,20230801,12100,0,87100,2026-09-10T23:00:00,synthetic-seeder,M
110162,202609,BILL-110162,ENTR-VAS-BASELINE-0162,110162,4,43,5G-STD-01,5G 스탠다드,A,20230801,12100,0,87100,2026-09-04T23:00:00,synthetic-seeder,F
110163,202609,BILL-110163,ENTR-VAS-BASELINE-0163,110163,4,44,5G-STD-01,5G 스탠다드,A,20230801,12100,0,87100,2026-09-05T23:00:00,synthetic-seeder,M
110164,202609,BILL-110164,ENTR-VAS-BASELINE-0164,110164,4,45,5G-STD-01,5G 스탠다드,A,20230801,12100,0,87100,2026-09-06T23:00:00,synthetic-seeder,F
110165,202609,BILL-110165,ENTR-VAS-BASELINE-0165,110165,4,46,5G-STD-01,5G 스탠다드,A,20230801,12100,0,87100,2026-09-07T23:00:00,synthetic-seeder,M
110166,202609,BILL-110166,ENTR-VAS-BASELINE-0166,110166,4,47,5G-STD-01,5G 스탠다드,A,20230801,12100,0,87100,2026-09-08T23:00:00,synthetic-seeder,F
110167,202609,BILL-110167,ENTR-VAS-BASELINE-0167,110167,4,48,5G-STD-01,5G 스탠다드,A,20230801,12100,0,87100,2026-09-09T23:00:00,synthetic-seeder,M
110168,202609,BILL-110168,ENTR-VAS-BASELINE-0168,110168,4,49,5G-STD-01,5G 스탠다드,A,20230801,12100,0,87100,2026-09-10T23:00:00,synthetic-seeder,F
110169,202609,BILL-110169,ENTR-VAS-BASELINE-0169,110169,5,50,5G-STD-01,5G 스탠다드,A,20230801,12100,0,87100,2026-09-04T23:00:00,synthetic-seeder,M
110170,202609,BILL-110170,ENTR-VAS-BASELINE-0170,110170,5,51,5G-STD-01,5G 스탠다드,A,20230801,12100,0,87100,2026-09-05T23:00:00,synthetic-seeder,F
110171,202609,BILL-110171,ENTR-VAS-BASELINE-0171,110171,5,52,5G-STD-01,5G 스탠다드,A,20230801,12100,0,87100,2026-09-06T23:00:00,synthetic-seeder,M
110172,202609,BILL-110172,ENTR-VAS-BASELINE-0172,110172,5,53,5G-STD-01,5G 스탠다드,A,20230801,12100,0,87100,2026-09-07T23:00:00,synthetic-seeder,F
110173,202609,BILL-110173,ENTR-VAS-BASELINE-0173,110173,5,54,5G-STD-01,5G 스탠다드,A,20230801,12100,0,87100,2026-09-08T23:00:00,synthetic-seeder,M
110174,202609,BILL-110174,ENTR-VAS-BASELINE-0174,110174,5,55,5G-STD-01,5G 스탠다드,A,20230801,12100,0,87100,2026-09-09T23:00:00,synthetic-seeder,F
110175,202609,BILL-110175,ENTR-VAS-BASELINE-0175,110175,5,56,5G-STD-01,5G 스탠다드,A,20230801,12100,0,87100,2026-09-10T23:00:00,synthetic-seeder,M
110176,202609,BILL-110176,ENTR-VAS-BASELINE-0176,110176,5,57,5G-STD-01,5G 스탠다드,A,20230801,12100,0,87100,2026-09-04T23:00:00,synthetic-seeder,F
110177,202609,BILL-110177,ENTR-VAS-BASELINE-0177,110177,5,58,5G-STD-01,5G 스탠다드,A,20230801,12100,0,87100,2026-09-05T23:00:00,synthetic-seeder,M
110178,202609,BILL-110178,ENTR-VAS-BASELINE-0178,110178,5,59,5G-STD-01,5G 스탠다드,A,20230801,12100,0,87100,2026-09-06T23:00:00,synthetic-seeder,F
110179,202609,BILL-110179,ENTR-VAS-BASELINE-0179,110179,6,60,5G-STD-01,5G 스탠다드,A,20230801,12100,0,87100,2026-09-07T23:00:00,synthetic-seeder,M
110180,202609,BILL-110180,ENTR-VAS-BASELINE-0180,110180,2,25,5G-STD-01,5G 스탠다드,A,20230801,12100,0,87100,2026-09-08T23:00:00,synthetic-seeder,F
110181,202609,BILL-110181,ENTR-VAS-BASELINE-0181,110181,2,26,5G-STD-01,5G 스탠다드,A,20230801,6800,0,81800,2026-09-09T23:00:00,synthetic-seeder,M
110182,202609,BILL-110182,ENTR-VAS-BASELINE-0182,110182,2,27,5G-STD-01,5G 스탠다드,A,20230801,6800,0,81800,2026-09-10T23:00:00,synthetic-seeder,F
110183,202609,BILL-110183,ENTR-VAS-BASELINE-0183,110183,2,28,5G-STD-01,5G 스탠다드,A,20230801,6800,0,81800,2026-09-04T23:00:00,synthetic-seeder,M
110184,202609,BILL-110184,ENTR-VAS-BASELINE-0184,110184,2,29,5G-STD-01,5G 스탠다드,A,20230801,6800,0,81800,2026-09-05T23:00:00,synthetic-seeder,F
110185,202609,BILL-110185,ENTR-VAS-BASELINE-0185,110185,3,30,5G-STD-01,5G 스탠다드,A,20230801,6800,0,81800,2026-09-06T23:00:00,synthetic-seeder,M
110186,202609,BILL-110186,ENTR-VAS-BASELINE-0186,110186,3,31,5G-STD-01,5G 스탠다드,A,20230801,6800,0,81800,2026-09-07T23:00:00,synthetic-seeder,F
110187,202609,BILL-110187,ENTR-VAS-BASELINE-0187,110187,3,32,5G-STD-01,5G 스탠다드,A,20230801,6800,0,81800,2026-09-08T23:00:00,synthetic-seeder,M
110188,202609,BILL-110188,ENTR-VAS-BASELINE-0188,110188,3,33,5G-STD-01,5G 스탠다드,A,20230801,6800,0,81800,2026-09-09T23:00:00,synthetic-seeder,F
110189,202609,BILL-110189,ENTR-VAS-BASELINE-0189,110189,3,34,5G-STD-01,5G 스탠다드,A,20230801,6800,0,81800,2026-09-10T23:00:00,synthetic-seeder,M
110190,202609,BILL-110190,ENTR-VAS-BASELINE-0190,110190,3,35,5G-STD-01,5G 스탠다드,A,20230801,6800,0,81800,2026-09-04T23:00:00,synthetic-seeder,F
110191,202609,BILL-110191,ENTR-VAS-BASELINE-0191,110191,3,36,5G-STD-01,5G 스탠다드,A,20230801,6800,0,81800,2026-09-05T23:00:00,synthetic-seeder,M
110192,202609,BILL-110192,ENTR-VAS-BASELINE-0192,110192,3,37,5G-STD-01,5G 스탠다드,A,20230801,6800,0,81800,2026-09-06T23:00:00,synthetic-seeder,F
110193,202609,BILL-110193,ENTR-VAS-BASELINE-0193,110193,3,38,5G-STD-01,5G 스탠다드,A,20230801,6800,0,81800,2026-09-07T23:00:00,synthetic-seeder,M
110194,202609,BILL-110194,ENTR-VAS-BASELINE-0194,110194,3,39,5G-STD-01,5G 스탠다드,A,20230801,6800,0,81800,2026-09-08T23:00:00,synthetic-seeder,F
110195,202609,BILL-110195,ENTR-VAS-BASELINE-0195,110195,4,40,5G-STD-01,5G 스탠다드,A,20230801,6800,0,81800,2026-09-09T23:00:00,synthetic-seeder,M
110196,202609,BILL-110196,ENTR-VAS-BASELINE-0196,110196,4,41,5G-STD-01,5G 스탠다드,A,20230801,6800,0,81800,2026-09-10T23:00:00,synthetic-seeder,F
110197,202609,BILL-110197,ENTR-VAS-BASELINE-0197,110197,4,42,5G-STD-01,5G 스탠다드,A,20230801,6800,0,81800,2026-09-04T23:00:00,synthetic-seeder,M
110198,202609,BILL-110198,ENTR-VAS-BASELINE-0198,110198,4,43,5G-STD-01,5G 스탠다드,A,20230801,6800,0,81800,2026-09-05T23:00:00,synthetic-seeder,F
110199,202609,BILL-110199,ENTR-VAS-BASELINE-0199,110199,4,44,5G-STD-01,5G 스탠다드,A,20230801,6800,0,81800,2026-09-06T23:00:00,synthetic-seeder,M
110200,202609,BILL-110200,ENTR-VAS-BASELINE-0200,110200,4,45,5G-STD-01,5G 스탠다드,A,20230801,6800,0,81800,2026-09-07T23:00:00,synthetic-seeder,F
110201,202609,BILL-110201,ENTR-VAS-BASELINE-0201,110201,4,46,5G-STD-01,5G 스탠다드,A,20230801,6800,0,81800,2026-09-08T23:00:00,synthetic-seeder,M
110202,202609,BILL-110202,ENTR-VAS-BASELINE-0202,110202,4,47,5G-STD-01,5G 스탠다드,A,20230801,6800,0,81800,2026-09-09T23:00:00,synthetic-seeder,F
110203,202609,BILL-110203,ENTR-VAS-BASELINE-0203,110203,4,48,5G-STD-01,5G 스탠다드,A,20230801,6800,0,81800,2026-09-10T23:00:00,synthetic-seeder,M
110204,202609,BILL-110204,ENTR-VAS-BASELINE-0204,110204,4,49,5G-STD-01,5G 스탠다드,A,20230801,6800,0,81800,2026-09-04T23:00:00,synthetic-seeder,F
110205,202609,BILL-110205,ENTR-VAS-BASELINE-0205,110205,5,50,5G-STD-01,5G 스탠다드,A,20230801,6800,0,81800,2026-09-05T23:00:00,synthetic-seeder,M
110206,202609,BILL-110206,ENTR-VAS-BASELINE-0206,110206,5,51,5G-STD-01,5G 스탠다드,A,20230801,6800,0,81800,2026-09-06T23:00:00,synthetic-seeder,F
110207,202609,BILL-110207,ENTR-VAS-BASELINE-0207,110207,5,52,5G-STD-01,5G 스탠다드,A,20230801,6800,0,81800,2026-09-07T23:00:00,synthetic-seeder,M
110208,202609,BILL-110208,ENTR-VAS-BASELINE-0208,110208,5,53,5G-STD-01,5G 스탠다드,A,20230801,6800,0,81800,2026-09-08T23:00:00,synthetic-seeder,F
110209,202609,BILL-110209,ENTR-VAS-BASELINE-0209,110209,5,54,5G-STD-01,5G 스탠다드,A,20230801,6800,0,81800,2026-09-09T23:00:00,synthetic-seeder,M
110210,202609,BILL-110210,ENTR-VAS-BASELINE-0210,110210,5,55,5G-STD-01,5G 스탠다드,A,20230801,6800,0,81800,2026-09-10T23:00:00,synthetic-seeder,F
110211,202609,BILL-110211,ENTR-VAS-BASELINE-0211,110211,5,56,5G-STD-01,5G 스탠다드,A,20230801,6800,0,81800,2026-09-04T23:00:00,synthetic-seeder,M
110212,202609,BILL-110212,ENTR-VAS-BASELINE-0212,110212,5,57,5G-STD-01,5G 스탠다드,A,20230801,6800,0,81800,2026-09-05T23:00:00,synthetic-seeder,F
110213,202609,BILL-110213,ENTR-VAS-BASELINE-0213,110213,5,58,5G-STD-01,5G 스탠다드,A,20230801,6800,0,81800,2026-09-06T23:00:00,synthetic-seeder,M
110214,202609,BILL-110214,ENTR-VAS-BASELINE-0214,110214,5,59,5G-STD-01,5G 스탠다드,A,20230801,6800,0,81800,2026-09-07T23:00:00,synthetic-seeder,F
110215,202609,BILL-110215,ENTR-VAS-BASELINE-0215,110215,6,60,5G-STD-01,5G 스탠다드,A,20230801,6800,0,81800,2026-09-08T23:00:00,synthetic-seeder,M
110216,202609,BILL-110216,ENTR-VAS-BASELINE-0216,110216,2,25,5G-STD-01,5G 스탠다드,A,20230801,6800,0,81800,2026-09-09T23:00:00,synthetic-seeder,F
110217,202609,BILL-110217,ENTR-VAS-BASELINE-0217,110217,2,26,5G-STD-01,5G 스탠다드,A,20230801,6800,0,81800,2026-09-10T23:00:00,synthetic-seeder,M
110218,202609,BILL-110218,ENTR-VAS-BASELINE-0218,110218,2,27,5G-STD-01,5G 스탠다드,A,20230801,6800,0,81800,2026-09-04T23:00:00,synthetic-seeder,F
110219,202609,BILL-110219,ENTR-VAS-BASELINE-0219,110219,2,28,5G-STD-01,5G 스탠다드,A,20230801,6800,0,81800,2026-09-05T23:00:00,synthetic-seeder,M
110220,202609,BILL-110220,ENTR-VAS-BASELINE-0220,110220,2,29,5G-STD-01,5G 스탠다드,A,20230801,6800,0,81800,2026-09-06T23:00:00,synthetic-seeder,F
110221,202609,BILL-110221,ENTR-VAS-BASELINE-0221,110221,3,30,5G-STD-01,5G 스탠다드,A,20230801,6800,0,81800,2026-09-07T23:00:00,synthetic-seeder,M
110222,202609,BILL-110222,ENTR-VAS-BASELINE-0222,110222,3,31,5G-STD-01,5G 스탠다드,A,20230801,6800,0,81800,2026-09-08T23:00:00,synthetic-seeder,F
110223,202609,BILL-110223,ENTR-VAS-BASELINE-0223,110223,3,32,5G-STD-01,5G 스탠다드,A,20230801,6800,0,81800,2026-09-09T23:00:00,synthetic-seeder,M
110224,202609,BILL-110224,ENTR-VAS-BASELINE-0224,110224,3,33,5G-STD-01,5G 스탠다드,A,20230801,6800,0,81800,2026-09-10T23:00:00,synthetic-seeder,F
110225,202609,BILL-110225,ENTR-VAS-BASELINE-0225,110225,3,34,5G-STD-01,5G 스탠다드,A,20230801,6800,0,81800,2026-09-04T23:00:00,synthetic-seeder,M
110226,202609,BILL-110226,ENTR-VAS-BASELINE-0226,110226,3,35,5G-STD-01,5G 스탠다드,A,20230801,6800,0,81800,2026-09-05T23:00:00,synthetic-seeder,F
110227,202609,BILL-110227,ENTR-VAS-BASELINE-0227,110227,3,36,5G-STD-01,5G 스탠다드,A,20230801,6800,0,81800,2026-09-06T23:00:00,synthetic-seeder,M
110228,202609,BILL-110228,ENTR-VAS-BASELINE-0228,110228,3,37,5G-STD-01,5G 스탠다드,A,20230801,6800,0,81800,2026-09-07T23:00:00,synthetic-seeder,F
110229,202609,BILL-110229,ENTR-VAS-BASELINE-0229,110229,3,38,5G-STD-01,5G 스탠다드,A,20230801,6800,0,81800,2026-09-08T23:00:00,synthetic-seeder,M
110230,202609,BILL-110230,ENTR-VAS-BASELINE-0230,110230,3,39,5G-STD-01,5G 스탠다드,A,20230801,6800,0,81800,2026-09-09T23:00:00,synthetic-seeder,F
110231,202609,BILL-110231,ENTR-VAS-BASELINE-0231,110231,4,40,5G-STD-01,5G 스탠다드,A,20230801,6800,0,81800,2026-09-10T23:00:00,synthetic-seeder,M
110232,202609,BILL-110232,ENTR-VAS-BASELINE-0232,110232,4,41,5G-STD-01,5G 스탠다드,A,20230801,6800,0,81800,2026-09-04T23:00:00,synthetic-seeder,F
110233,202609,BILL-110233,ENTR-VAS-BASELINE-0233,110233,4,42,5G-STD-01,5G 스탠다드,A,20230801,6800,0,81800,2026-09-05T23:00:00,synthetic-seeder,M
110234,202609,BILL-110234,ENTR-VAS-BASELINE-0234,110234,4,43,5G-STD-01,5G 스탠다드,A,20230801,6800,0,81800,2026-09-06T23:00:00,synthetic-seeder,F
110235,202609,BILL-110235,ENTR-VAS-BASELINE-0235,110235,4,44,5G-STD-01,5G 스탠다드,A,20230801,6800,0,81800,2026-09-07T23:00:00,synthetic-seeder,M
110236,202609,BILL-110236,ENTR-VAS-BASELINE-0236,110236,4,45,5G-STD-01,5G 스탠다드,A,20230801,6800,0,81800,2026-09-08T23:00:00,synthetic-seeder,F
110237,202609,BILL-110237,ENTR-VAS-BASELINE-0237,110237,4,46,5G-STD-01,5G 스탠다드,A,20230801,6800,0,81800,2026-09-09T23:00:00,synthetic-seeder,M
110238,202609,BILL-110238,ENTR-VAS-BASELINE-0238,110238,4,47,5G-STD-01,5G 스탠다드,A,20230801,6800,0,81800,2026-09-10T23:00:00,synthetic-seeder,F
110239,202609,BILL-110239,ENTR-VAS-BASELINE-0239,110239,4,48,5G-STD-01,5G 스탠다드,A,20230801,6800,0,81800,2026-09-04T23:00:00,synthetic-seeder,M
110240,202609,BILL-110240,ENTR-VAS-BASELINE-0240,110240,4,49,5G-STD-01,5G 스탠다드,A,20230801,6800,0,81800,2026-09-05T23:00:00,synthetic-seeder,F
110241,202609,BILL-110241,ENTR-VAS-BASELINE-0241,110241,5,50,5G-STD-01,5G 스탠다드,A,20230801,6800,0,81800,2026-09-06T23:00:00,synthetic-seeder,M
110242,202609,BILL-110242,ENTR-VAS-BASELINE-0242,110242,5,51,5G-STD-01,5G 스탠다드,A,20230801,6800,0,81800,2026-09-07T23:00:00,synthetic-seeder,F
110243,202609,BILL-110243,ENTR-VAS-BASELINE-0243,110243,5,52,5G-STD-01,5G 스탠다드,A,20230801,6800,0,81800,2026-09-08T23:00:00,synthetic-seeder,M
110244,202609,BILL-110244,ENTR-VAS-BASELINE-0244,110244,5,53,5G-STD-01,5G 스탠다드,A,20230801,6800,0,81800,2026-09-09T23:00:00,synthetic-seeder,F
110245,202609,BILL-110245,ENTR-VAS-BASELINE-0245,110245,5,54,5G-STD-01,5G 스탠다드,A,20230801,6800,0,81800,2026-09-10T23:00:00,synthetic-seeder,M
110246,202609,BILL-110246,ENTR-VAS-BASELINE-0246,110246,5,55,5G-STD-01,5G 스탠다드,A,20230801,6800,0,81800,2026-09-04T23:00:00,synthetic-seeder,F
110247,202609,BILL-110247,ENTR-VAS-BASELINE-0247,110247,5,56,5G-STD-01,5G 스탠다드,A,20230801,6800,0,81800,2026-09-05T23:00:00,synthetic-seeder,M
110248,202609,BILL-110248,ENTR-VAS-BASELINE-0248,110248,5,57,5G-STD-01,5G 스탠다드,A,20230801,6800,0,81800,2026-09-06T23:00:00,synthetic-seeder,F
110249,202609,BILL-110249,ENTR-VAS-BASELINE-0249,110249,5,58,5G-STD-01,5G 스탠다드,A,20230801,6800,0,81800,2026-09-07T23:00:00,synthetic-seeder,M
110250,202609,BILL-110250,ENTR-VAS-BASELINE-0250,110250,5,59,5G-STD-01,5G 스탠다드,A,20230801,6800,0,81800,2026-09-08T23:00:00,synthetic-seeder,F
110251,202609,BILL-110251,ENTR-VAS-BASELINE-0251,110251,6,60,5G-STD-01,5G 스탠다드,A,20230801,6800,0,81800,2026-09-09T23:00:00,synthetic-seeder,M
110252,202609,BILL-110252,ENTR-VAS-BASELINE-0252,110252,2,25,5G-STD-01,5G 스탠다드,A,20230801,6800,0,81800,2026-09-10T23:00:00,synthetic-seeder,F
110253,202609,BILL-110253,ENTR-VAS-BASELINE-0253,110253,2,26,5G-STD-01,5G 스탠다드,A,20230801,6800,0,81800,2026-09-04T23:00:00,synthetic-seeder,M
110254,202609,BILL-110254,ENTR-VAS-BASELINE-0254,110254,2,27,5G-STD-01,5G 스탠다드,A,20230801,6800,0,81800,2026-09-05T23:00:00,synthetic-seeder,F
110255,202609,BILL-110255,ENTR-VAS-BASELINE-0255,110255,2,28,5G-STD-01,5G 스탠다드,A,20230801,6800,0,81800,2026-09-06T23:00:00,synthetic-seeder,M
110256,202609,BILL-110256,ENTR-VAS-BASELINE-0256,110256,2,29,5G-STD-01,5G 스탠다드,A,20230801,6800,0,81800,2026-09-07T23:00:00,synthetic-seeder,F
110257,202609,BILL-110257,ENTR-VAS-BASELINE-0257,110257,3,30,5G-STD-01,5G 스탠다드,A,20230801,6800,0,81800,2026-09-08T23:00:00,synthetic-seeder,M
110258,202609,BILL-110258,ENTR-VAS-BASELINE-0258,110258,3,31,5G-STD-01,5G 스탠다드,A,20230801,6800,0,81800,2026-09-09T23:00:00,synthetic-seeder,F
110259,202609,BILL-110259,ENTR-VAS-BASELINE-0259,110259,3,32,5G-STD-01,5G 스탠다드,A,20230801,6800,0,81800,2026-09-10T23:00:00,synthetic-seeder,M
110260,202609,BILL-110260,ENTR-VAS-BASELINE-0260,110260,3,33,5G-STD-01,5G 스탠다드,A,20230801,6800,0,81800,2026-09-04T23:00:00,synthetic-seeder,F
110261,202609,BILL-110261,ENTR-VAS-BASELINE-0261,110261,3,34,5G-STD-01,5G 스탠다드,A,20230801,12100,0,87100,2026-09-05T23:00:00,synthetic-seeder,M
110262,202609,BILL-110262,ENTR-VAS-BASELINE-0262,110262,3,35,5G-STD-01,5G 스탠다드,A,20230801,12100,0,87100,2026-09-06T23:00:00,synthetic-seeder,F
110263,202609,BILL-110263,ENTR-VAS-BASELINE-0263,110263,3,36,5G-STD-01,5G 스탠다드,A,20230801,12100,0,87100,2026-09-07T23:00:00,synthetic-seeder,M
110264,202609,BILL-110264,ENTR-VAS-BASELINE-0264,110264,3,37,5G-STD-01,5G 스탠다드,A,20230801,12100,0,87100,2026-09-08T23:00:00,synthetic-seeder,F
110265,202609,BILL-110265,ENTR-VAS-BASELINE-0265,110265,3,38,5G-STD-01,5G 스탠다드,A,20230801,12100,0,87100,2026-09-09T23:00:00,synthetic-seeder,M
110266,202609,BILL-110266,ENTR-VAS-BASELINE-0266,110266,3,39,5G-STD-01,5G 스탠다드,A,20230801,12100,0,87100,2026-09-10T23:00:00,synthetic-seeder,F
110267,202609,BILL-110267,ENTR-VAS-BASELINE-0267,110267,4,40,5G-STD-01,5G 스탠다드,A,20230801,12100,0,87100,2026-09-04T23:00:00,synthetic-seeder,M
110268,202609,BILL-110268,ENTR-VAS-BASELINE-0268,110268,4,41,5G-STD-01,5G 스탠다드,A,20230801,12100,0,87100,2026-09-05T23:00:00,synthetic-seeder,F
110269,202609,BILL-110269,ENTR-VAS-BASELINE-0269,110269,4,42,5G-STD-01,5G 스탠다드,A,20230801,12100,0,87100,2026-09-06T23:00:00,synthetic-seeder,M
110270,202609,BILL-110270,ENTR-VAS-BASELINE-0270,110270,4,43,5G-STD-01,5G 스탠다드,A,20230801,12100,0,87100,2026-09-07T23:00:00,synthetic-seeder,F
110271,202609,BILL-110271,ENTR-VAS-BASELINE-0271,110271,4,44,5G-STD-01,5G 스탠다드,A,20230801,12100,0,87100,2026-09-08T23:00:00,synthetic-seeder,M
110272,202609,BILL-110272,ENTR-VAS-BASELINE-0272,110272,4,45,5G-STD-01,5G 스탠다드,A,20230801,12100,0,87100,2026-09-09T23:00:00,synthetic-seeder,F
110273,202609,BILL-110273,ENTR-VAS-BASELINE-0273,110273,4,46,5G-STD-01,5G 스탠다드,A,20230801,12100,0,87100,2026-09-10T23:00:00,synthetic-seeder,M
110274,202609,BILL-110274,ENTR-VAS-BASELINE-0274,110274,4,47,5G-STD-01,5G 스탠다드,A,20230801,12100,0,87100,2026-09-04T23:00:00,synthetic-seeder,F
110275,202609,BILL-110275,ENTR-VAS-BASELINE-0275,110275,4,48,5G-STD-01,5G 스탠다드,A,20230801,12100,0,87100,2026-09-05T23:00:00,synthetic-seeder,M
110276,202609,BILL-110276,ENTR-VAS-BASELINE-0276,110276,4,49,5G-STD-01,5G 스탠다드,A,20230801,12100,0,87100,2026-09-06T23:00:00,synthetic-seeder,F
110277,202609,BILL-110277,ENTR-VAS-BASELINE-0277,110277,5,50,5G-STD-01,5G 스탠다드,A,20230801,12100,0,87100,2026-09-07T23:00:00,synthetic-seeder,M
110278,202609,BILL-110278,ENTR-VAS-BASELINE-0278,110278,5,51,5G-STD-01,5G 스탠다드,A,20230801,12100,0,87100,2026-09-08T23:00:00,synthetic-seeder,F
110279,202609,BILL-110279,ENTR-VAS-BASELINE-0279,110279,5,52,5G-STD-01,5G 스탠다드,A,20230801,12100,0,87100,2026-09-09T23:00:00,synthetic-seeder,M
110280,202609,BILL-110280,ENTR-VAS-BASELINE-0280,110280,5,53,5G-STD-01,5G 스탠다드,A,20230801,12100,0,87100,2026-09-10T23:00:00,synthetic-seeder,F
110281,202609,BILL-110281,ENTR-VAS-BASELINE-0281,110281,5,54,5G-STD-01,5G 스탠다드,A,20230801,12100,0,87100,2026-09-04T23:00:00,synthetic-seeder,M
110282,202609,BILL-110282,ENTR-VAS-BASELINE-0282,110282,5,55,5G-STD-01,5G 스탠다드,A,20230801,12100,0,87100,2026-09-05T23:00:00,synthetic-seeder,F
110283,202609,BILL-110283,ENTR-VAS-BASELINE-0283,110283,5,56,5G-STD-01,5G 스탠다드,A,20230801,12100,0,87100,2026-09-06T23:00:00,synthetic-seeder,M
110284,202609,BILL-110284,ENTR-VAS-BASELINE-0284,110284,5,57,5G-STD-01,5G 스탠다드,A,20230801,12100,0,87100,2026-09-07T23:00:00,synthetic-seeder,F
110285,202609,BILL-110285,ENTR-VAS-BASELINE-0285,110285,5,58,5G-STD-01,5G 스탠다드,A,20230801,12100,0,87100,2026-09-08T23:00:00,synthetic-seeder,M
110286,202609,BILL-110286,ENTR-VAS-BASELINE-0286,110286,5,59,5G-STD-01,5G 스탠다드,A,20230801,12100,0,87100,2026-09-09T23:00:00,synthetic-seeder,F
110287,202609,BILL-110287,ENTR-VAS-BASELINE-0287,110287,6,60,5G-STD-01,5G 스탠다드,A,20230801,12100,0,87100,2026-09-10T23:00:00,synthetic-seeder,M
110288,202609,BILL-110288,ENTR-VAS-BASELINE-0288,110288,2,25,5G-STD-01,5G 스탠다드,A,20230801,12100,0,87100,2026-09-04T23:00:00,synthetic-seeder,F
110289,202609,BILL-110289,ENTR-VAS-BASELINE-0289,110289,2,26,5G-STD-01,5G 스탠다드,A,20230801,12100,0,87100,2026-09-05T23:00:00,synthetic-seeder,M
110290,202609,BILL-110290,ENTR-VAS-BASELINE-0290,110290,2,27,5G-STD-01,5G 스탠다드,A,20230801,12100,0,87100,2026-09-06T23:00:00,synthetic-seeder,F
110291,202609,BILL-110291,ENTR-VAS-BASELINE-0291,110291,2,28,5G-STD-01,5G 스탠다드,A,20230801,12100,0,87100,2026-09-07T23:00:00,synthetic-seeder,M
110292,202609,BILL-110292,ENTR-VAS-BASELINE-0292,110292,2,29,5G-STD-01,5G 스탠다드,A,20230801,12100,0,87100,2026-09-08T23:00:00,synthetic-seeder,F
110293,202609,BILL-110293,ENTR-VAS-BASELINE-0293,110293,3,30,5G-STD-01,5G 스탠다드,A,20230801,12100,0,87100,2026-09-09T23:00:00,synthetic-seeder,M
110294,202609,BILL-110294,ENTR-VAS-BASELINE-0294,110294,3,31,5G-STD-01,5G 스탠다드,A,20230801,12100,0,87100,2026-09-10T23:00:00,synthetic-seeder,F
110295,202609,BILL-110295,ENTR-VAS-BASELINE-0295,110295,3,32,5G-STD-01,5G 스탠다드,A,20230801,12100,0,87100,2026-09-04T23:00:00,synthetic-seeder,M
110296,202609,BILL-110296,ENTR-VAS-BASELINE-0296,110296,3,33,5G-STD-01,5G 스탠다드,A,20230801,12100,0,87100,2026-09-05T23:00:00,synthetic-seeder,F
110297,202609,BILL-110297,ENTR-VAS-BASELINE-0297,110297,3,34,5G-STD-01,5G 스탠다드,A,20230801,12100,0,87100,2026-09-06T23:00:00,synthetic-seeder,M
110298,202609,BILL-110298,ENTR-VAS-BASELINE-0298,110298,3,35,5G-STD-01,5G 스탠다드,A,20230801,12100,0,87100,2026-09-07T23:00:00,synthetic-seeder,F
110299,202609,BILL-110299,ENTR-VAS-BASELINE-0299,110299,3,36,5G-STD-01,5G 스탠다드,A,20230801,12100,0,87100,2026-09-08T23:00:00,synthetic-seeder,M
110300,202609,BILL-110300,ENTR-VAS-BASELINE-0300,110300,3,37,5G-STD-01,5G 스탠다드,A,20230801,12100,0,87100,2026-09-09T23:00:00,synthetic-seeder,F
110301,202609,BILL-110301,ENTR-VAS-BASELINE-0301,110301,3,38,5G-STD-01,5G 스탠다드,A,20230801,12100,0,87100,2026-09-10T23:00:00,synthetic-seeder,M
110302,202609,BILL-110302,ENTR-VAS-BASELINE-0302,110302,3,39,5G-STD-01,5G 스탠다드,A,20230801,12100,0,87100,2026-09-04T23:00:00,synthetic-seeder,F
110303,202609,BILL-110303,ENTR-VAS-BASELINE-0303,110303,4,40,5G-STD-01,5G 스탠다드,A,20230801,12100,0,87100,2026-09-05T23:00:00,synthetic-seeder,M
110304,202609,BILL-110304,ENTR-VAS-BASELINE-0304,110304,4,41,5G-STD-01,5G 스탠다드,A,20230801,12100,0,87100,2026-09-06T23:00:00,synthetic-seeder,F
110305,202609,BILL-110305,ENTR-VAS-BASELINE-0305,110305,4,42,5G-STD-01,5G 스탠다드,A,20230801,12100,0,87100,2026-09-07T23:00:00,synthetic-seeder,M
110306,202609,BILL-110306,ENTR-VAS-BASELINE-0306,110306,4,43,5G-STD-01,5G 스탠다드,A,20230801,12100,0,87100,2026-09-08T23:00:00,synthetic-seeder,F
110307,202609,BILL-110307,ENTR-VAS-BASELINE-0307,110307,4,44,5G-STD-01,5G 스탠다드,A,20230801,12100,0,87100,2026-09-09T23:00:00,synthetic-seeder,M
110308,202609,BILL-110308,ENTR-VAS-BASELINE-0308,110308,4,45,5G-STD-01,5G 스탠다드,A,20230801,12100,0,87100,2026-09-10T23:00:00,synthetic-seeder,F
110309,202609,BILL-110309,ENTR-VAS-BASELINE-0309,110309,4,46,5G-STD-01,5G 스탠다드,A,20230801,12100,0,87100,2026-09-04T23:00:00,synthetic-seeder,M
110310,202609,BILL-110310,ENTR-VAS-BASELINE-0310,110310,4,47,5G-STD-01,5G 스탠다드,A,20230801,12100,0,87100,2026-09-05T23:00:00,synthetic-seeder,F
110311,202609,BILL-110311,ENTR-VAS-BASELINE-0311,110311,4,48,5G-STD-01,5G 스탠다드,A,20230801,12100,0,87100,2026-09-06T23:00:00,synthetic-seeder,M
110312,202609,BILL-110312,ENTR-VAS-BASELINE-0312,110312,4,49,5G-STD-01,5G 스탠다드,A,20230801,12100,0,87100,2026-09-07T23:00:00,synthetic-seeder,F
110313,202609,BILL-110313,ENTR-VAS-BASELINE-0313,110313,5,50,5G-STD-01,5G 스탠다드,A,20230801,12100,0,87100,2026-09-08T23:00:00,synthetic-seeder,M
110314,202609,BILL-110314,ENTR-VAS-BASELINE-0314,110314,5,51,5G-STD-01,5G 스탠다드,A,20230801,12100,0,87100,2026-09-09T23:00:00,synthetic-seeder,F
110315,202609,BILL-110315,ENTR-VAS-BASELINE-0315,110315,5,52,5G-STD-01,5G 스탠다드,A,20230801,12100,0,87100,2026-09-10T23:00:00,synthetic-seeder,M
110316,202609,BILL-110316,ENTR-VAS-BASELINE-0316,110316,5,53,5G-STD-01,5G 스탠다드,A,20230801,12100,0,87100,2026-09-04T23:00:00,synthetic-seeder,F
110317,202609,BILL-110317,ENTR-VAS-BASELINE-0317,110317,5,54,5G-STD-01,5G 스탠다드,A,20230801,12100,0,87100,2026-09-05T23:00:00,synthetic-seeder,M
110318,202609,BILL-110318,ENTR-VAS-BASELINE-0318,110318,5,55,5G-STD-01,5G 스탠다드,A,20230801,12100,0,87100,2026-09-06T23:00:00,synthetic-seeder,F
110319,202609,BILL-110319,ENTR-VAS-BASELINE-0319,110319,5,56,5G-STD-01,5G 스탠다드,A,20230801,12100,0,87100,2026-09-07T23:00:00,synthetic-seeder,M
110320,202609,BILL-110320,ENTR-VAS-BASELINE-0320,110320,5,57,5G-STD-01,5G 스탠다드,A,20230801,12100,0,87100,2026-09-08T23:00:00,synthetic-seeder,F
110321,202609,BILL-110321,ENTR-VAS-BASELINE-0321,110321,5,58,5G-STD-01,5G 스탠다드,A,20230801,12100,0,87100,2026-09-09T23:00:00,synthetic-seeder,M
110322,202609,BILL-110322,ENTR-VAS-BASELINE-0322,110322,5,59,5G-STD-01,5G 스탠다드,A,20230801,12100,0,87100,2026-09-10T23:00:00,synthetic-seeder,F
110323,202609,BILL-110323,ENTR-VAS-BASELINE-0323,110323,6,60,5G-STD-01,5G 스탠다드,A,20230801,12100,0,87100,2026-09-04T23:00:00,synthetic-seeder,M
110324,202609,BILL-110324,ENTR-VAS-BASELINE-0324,110324,2,25,5G-STD-01,5G 스탠다드,A,20230801,12100,0,87100,2026-09-05T23:00:00,synthetic-seeder,F
110325,202609,BILL-110325,ENTR-VAS-BASELINE-0325,110325,2,26,5G-STD-01,5G 스탠다드,A,20230801,12100,0,87100,2026-09-06T23:00:00,synthetic-seeder,M
110326,202609,BILL-110326,ENTR-VAS-BASELINE-0326,110326,2,27,5G-STD-01,5G 스탠다드,A,20230801,12100,0,87100,2026-09-07T23:00:00,synthetic-seeder,F
110327,202609,BILL-110327,ENTR-VAS-BASELINE-0327,110327,2,28,5G-STD-01,5G 스탠다드,A,20230801,12100,0,87100,2026-09-08T23:00:00,synthetic-seeder,M
110328,202609,BILL-110328,ENTR-VAS-BASELINE-0328,110328,2,29,5G-STD-01,5G 스탠다드,A,20230801,12100,0,87100,2026-09-09T23:00:00,synthetic-seeder,F
110329,202609,BILL-110329,ENTR-VAS-BASELINE-0329,110329,3,30,5G-STD-01,5G 스탠다드,A,20230801,12100,0,87100,2026-09-10T23:00:00,synthetic-seeder,M
110330,202609,BILL-110330,ENTR-VAS-BASELINE-0330,110330,3,31,5G-STD-01,5G 스탠다드,A,20230801,12100,0,87100,2026-09-04T23:00:00,synthetic-seeder,F
110331,202609,BILL-110331,ENTR-VAS-BASELINE-0331,110331,3,32,5G-STD-01,5G 스탠다드,A,20230801,12100,0,87100,2026-09-05T23:00:00,synthetic-seeder,M
110332,202609,BILL-110332,ENTR-VAS-BASELINE-0332,110332,3,33,5G-STD-01,5G 스탠다드,A,20230801,12100,0,87100,2026-09-06T23:00:00,synthetic-seeder,F
110333,202609,BILL-110333,ENTR-VAS-BASELINE-0333,110333,3,34,5G-STD-01,5G 스탠다드,A,20230801,12100,0,87100,2026-09-07T23:00:00,synthetic-seeder,M
110334,202609,BILL-110334,ENTR-VAS-BASELINE-0334,110334,3,35,5G-STD-01,5G 스탠다드,A,20230801,12100,0,87100,2026-09-08T23:00:00,synthetic-seeder,F
110335,202609,BILL-110335,ENTR-VAS-BASELINE-0335,110335,3,36,5G-STD-01,5G 스탠다드,A,20230801,12100,0,87100,2026-09-09T23:00:00,synthetic-seeder,M
110336,202609,BILL-110336,ENTR-VAS-BASELINE-0336,110336,3,37,5G-STD-01,5G 스탠다드,A,20230801,12100,0,87100,2026-09-10T23:00:00,synthetic-seeder,F
110337,202609,BILL-110337,ENTR-VAS-BASELINE-0337,110337,3,38,5G-STD-01,5G 스탠다드,A,20230801,12100,0,87100,2026-09-04T23:00:00,synthetic-seeder,M
110338,202609,BILL-110338,ENTR-VAS-BASELINE-0338,110338,3,39,5G-STD-01,5G 스탠다드,A,20230801,12100,0,87100,2026-09-05T23:00:00,synthetic-seeder,F
110339,202609,BILL-110339,ENTR-VAS-BASELINE-0339,110339,4,40,5G-STD-01,5G 스탠다드,A,20230801,12100,0,87100,2026-09-06T23:00:00,synthetic-seeder,M
110340,202609,BILL-110340,ENTR-VAS-BASELINE-0340,110340,4,41,5G-STD-01,5G 스탠다드,A,20230801,12100,0,87100,2026-09-07T23:00:00,synthetic-seeder,F
210001,202609,BILL-210001,ENTR-PAYMENT-BASELINE-0001,210001,2,23,5G-STD-01,5G 스탠다드,A,20230801,0,15000,90000,2026-09-07T23:00:00,synthetic-seeder,M
210002,202609,BILL-210002,ENTR-PAYMENT-BASELINE-0002,210002,2,24,5G-STD-01,5G 스탠다드,A,20230801,0,20000,95000,2026-09-08T23:00:00,synthetic-seeder,F
210003,202609,BILL-210003,ENTR-PAYMENT-BASELINE-0003,210003,2,25,5G-STD-01,5G 스탠다드,A,20230801,3300,25000,103300,2026-09-09T23:00:00,synthetic-seeder,M
210004,202609,BILL-210004,ENTR-PAYMENT-BASELINE-0004,210004,2,26,5G-STD-01,5G 스탠다드,A,20230801,0,30000,105000,2026-09-10T23:00:00,synthetic-seeder,F
210005,202609,BILL-210005,ENTR-PAYMENT-BASELINE-0005,210005,2,27,5G-STD-01,5G 스탠다드,A,20230801,0,35000,110000,2026-09-07T23:00:00,synthetic-seeder,M
210006,202609,BILL-210006,ENTR-PAYMENT-BASELINE-0006,210006,2,28,5G-STD-01,5G 스탠다드,A,20230801,3300,10000,88300,2026-09-08T23:00:00,synthetic-seeder,F
210007,202609,BILL-210007,ENTR-PAYMENT-BASELINE-0007,210007,2,29,5G-STD-01,5G 스탠다드,A,20230801,0,15000,90000,2026-09-09T23:00:00,synthetic-seeder,M
210008,202609,BILL-210008,ENTR-PAYMENT-BASELINE-0008,210008,3,30,5G-STD-01,5G 스탠다드,A,20230801,0,20000,95000,2026-09-10T23:00:00,synthetic-seeder,F
210009,202609,BILL-210009,ENTR-PAYMENT-BASELINE-0009,210009,3,31,5G-STD-01,5G 스탠다드,A,20230801,3300,25000,103300,2026-09-07T23:00:00,synthetic-seeder,M
210010,202609,BILL-210010,ENTR-PAYMENT-BASELINE-0010,210010,3,32,5G-STD-01,5G 스탠다드,A,20230801,0,30000,105000,2026-09-08T23:00:00,synthetic-seeder,F
210011,202609,BILL-210011,ENTR-PAYMENT-BASELINE-0011,210011,3,33,5G-STD-01,5G 스탠다드,A,20230801,0,35000,110000,2026-09-09T23:00:00,synthetic-seeder,M
210012,202609,BILL-210012,ENTR-PAYMENT-BASELINE-0012,210012,3,34,5G-STD-01,5G 스탠다드,A,20230801,3300,10000,88300,2026-09-10T23:00:00,synthetic-seeder,F
210013,202609,BILL-210013,ENTR-PAYMENT-BASELINE-0013,210013,3,35,5G-STD-01,5G 스탠다드,A,20230801,0,15000,90000,2026-09-07T23:00:00,synthetic-seeder,M
210014,202609,BILL-210014,ENTR-PAYMENT-BASELINE-0014,210014,3,36,5G-STD-01,5G 스탠다드,A,20230801,0,20000,95000,2026-09-08T23:00:00,synthetic-seeder,F
210015,202609,BILL-210015,ENTR-PAYMENT-BASELINE-0015,210015,3,37,5G-STD-01,5G 스탠다드,A,20230801,3300,25000,103300,2026-09-09T23:00:00,synthetic-seeder,M
210016,202609,BILL-210016,ENTR-PAYMENT-BASELINE-0016,210016,3,38,5G-STD-01,5G 스탠다드,A,20230801,0,30000,105000,2026-09-10T23:00:00,synthetic-seeder,F
210017,202609,BILL-210017,ENTR-PAYMENT-BASELINE-0017,210017,3,39,5G-STD-01,5G 스탠다드,A,20230801,0,35000,110000,2026-09-07T23:00:00,synthetic-seeder,M
210018,202609,BILL-210018,ENTR-PAYMENT-BASELINE-0018,210018,4,40,5G-STD-01,5G 스탠다드,A,20230801,3300,10000,88300,2026-09-08T23:00:00,synthetic-seeder,F
210019,202609,BILL-210019,ENTR-PAYMENT-BASELINE-0019,210019,4,41,5G-STD-01,5G 스탠다드,A,20230801,0,15000,90000,2026-09-09T23:00:00,synthetic-seeder,M
210020,202609,BILL-210020,ENTR-PAYMENT-BASELINE-0020,210020,4,42,5G-STD-01,5G 스탠다드,A,20230801,0,20000,95000,2026-09-10T23:00:00,synthetic-seeder,F
210021,202609,BILL-210021,ENTR-PAYMENT-BASELINE-0021,210021,4,43,5G-STD-01,5G 스탠다드,A,20230801,3300,25000,103300,2026-09-07T23:00:00,synthetic-seeder,M
210022,202609,BILL-210022,ENTR-PAYMENT-BASELINE-0022,210022,4,44,5G-STD-01,5G 스탠다드,A,20230801,0,30000,105000,2026-09-08T23:00:00,synthetic-seeder,F
210023,202609,BILL-210023,ENTR-PAYMENT-BASELINE-0023,210023,4,45,5G-STD-01,5G 스탠다드,A,20230801,0,35000,110000,2026-09-09T23:00:00,synthetic-seeder,M
210024,202609,BILL-210024,ENTR-PAYMENT-BASELINE-0024,210024,4,46,5G-STD-01,5G 스탠다드,A,20230801,3300,10000,88300,2026-09-10T23:00:00,synthetic-seeder,F
210025,202609,BILL-210025,ENTR-PAYMENT-BASELINE-0025,210025,4,47,5G-STD-01,5G 스탠다드,A,20230801,0,15000,90000,2026-09-07T23:00:00,synthetic-seeder,M
210026,202609,BILL-210026,ENTR-PAYMENT-BASELINE-0026,210026,4,48,5G-STD-01,5G 스탠다드,A,20230801,0,20000,95000,2026-09-08T23:00:00,synthetic-seeder,F
210027,202609,BILL-210027,ENTR-PAYMENT-BASELINE-0027,210027,4,49,5G-STD-01,5G 스탠다드,A,20230801,3300,25000,103300,2026-09-09T23:00:00,synthetic-seeder,M
210028,202609,BILL-210028,ENTR-PAYMENT-BASELINE-0028,210028,5,50,5G-STD-01,5G 스탠다드,A,20230801,0,30000,105000,2026-09-10T23:00:00,synthetic-seeder,F
210029,202609,BILL-210029,ENTR-PAYMENT-BASELINE-0029,210029,5,51,5G-STD-01,5G 스탠다드,A,20230801,0,35000,110000,2026-09-07T23:00:00,synthetic-seeder,M
210030,202609,BILL-210030,ENTR-PAYMENT-BASELINE-0030,210030,5,52,5G-STD-01,5G 스탠다드,A,20230801,3300,10000,88300,2026-09-08T23:00:00,synthetic-seeder,F
210031,202609,BILL-210031,ENTR-PAYMENT-BASELINE-0031,210031,5,53,5G-STD-01,5G 스탠다드,A,20230801,0,15000,90000,2026-09-09T23:00:00,synthetic-seeder,M
210032,202609,BILL-210032,ENTR-PAYMENT-BASELINE-0032,210032,5,54,5G-STD-01,5G 스탠다드,A,20230801,0,20000,95000,2026-09-10T23:00:00,synthetic-seeder,F
210033,202609,BILL-210033,ENTR-PAYMENT-BASELINE-0033,210033,5,55,5G-STD-01,5G 스탠다드,A,20230801,3300,25000,103300,2026-09-07T23:00:00,synthetic-seeder,M
210034,202609,BILL-210034,ENTR-PAYMENT-BASELINE-0034,210034,5,56,5G-STD-01,5G 스탠다드,A,20230801,0,30000,105000,2026-09-08T23:00:00,synthetic-seeder,F
210035,202609,BILL-210035,ENTR-PAYMENT-BASELINE-0035,210035,5,57,5G-STD-01,5G 스탠다드,A,20230801,0,35000,110000,2026-09-09T23:00:00,synthetic-seeder,M
210036,202609,BILL-210036,ENTR-PAYMENT-BASELINE-0036,210036,5,58,5G-STD-01,5G 스탠다드,A,20230801,3300,10000,88300,2026-09-10T23:00:00,synthetic-seeder,F
210037,202609,BILL-210037,ENTR-PAYMENT-BASELINE-0037,210037,5,59,5G-STD-01,5G 스탠다드,A,20230801,0,15000,90000,2026-09-07T23:00:00,synthetic-seeder,M
210038,202609,BILL-210038,ENTR-PAYMENT-BASELINE-0038,210038,6,60,5G-STD-01,5G 스탠다드,A,20230801,0,20000,95000,2026-09-08T23:00:00,synthetic-seeder,F
210039,202609,BILL-210039,ENTR-PAYMENT-BASELINE-0039,210039,6,61,5G-STD-01,5G 스탠다드,A,20230801,3300,25000,103300,2026-09-09T23:00:00,synthetic-seeder,M
210040,202609,BILL-210040,ENTR-PAYMENT-BASELINE-0040,210040,2,22,5G-STD-01,5G 스탠다드,A,20230801,0,30000,105000,2026-09-10T23:00:00,synthetic-seeder,F
210041,202609,BILL-210041,ENTR-PAYMENT-BASELINE-0041,210041,2,23,5G-STD-01,5G 스탠다드,A,20230801,0,35000,110000,2026-09-07T23:00:00,synthetic-seeder,M
210042,202609,BILL-210042,ENTR-PAYMENT-BASELINE-0042,210042,2,24,5G-STD-01,5G 스탠다드,A,20230801,3300,10000,88300,2026-09-08T23:00:00,synthetic-seeder,F
210043,202609,BILL-210043,ENTR-PAYMENT-BASELINE-0043,210043,2,25,5G-STD-01,5G 스탠다드,A,20230801,0,15000,90000,2026-09-09T23:00:00,synthetic-seeder,M
210044,202609,BILL-210044,ENTR-PAYMENT-BASELINE-0044,210044,2,26,5G-STD-01,5G 스탠다드,A,20230801,0,20000,95000,2026-09-10T23:00:00,synthetic-seeder,F
210045,202609,BILL-210045,ENTR-PAYMENT-BASELINE-0045,210045,2,27,5G-STD-01,5G 스탠다드,A,20230801,3300,25000,103300,2026-09-07T23:00:00,synthetic-seeder,M
210046,202609,BILL-210046,ENTR-PAYMENT-BASELINE-0046,210046,2,28,5G-STD-01,5G 스탠다드,A,20230801,0,30000,105000,2026-09-08T23:00:00,synthetic-seeder,F
210047,202609,BILL-210047,ENTR-PAYMENT-BASELINE-0047,210047,2,29,5G-STD-01,5G 스탠다드,A,20230801,0,35000,110000,2026-09-09T23:00:00,synthetic-seeder,M
210048,202609,BILL-210048,ENTR-PAYMENT-BASELINE-0048,210048,3,30,5G-STD-01,5G 스탠다드,A,20230801,3300,10000,88300,2026-09-10T23:00:00,synthetic-seeder,F
210049,202609,BILL-210049,ENTR-PAYMENT-BASELINE-0049,210049,3,31,5G-STD-01,5G 스탠다드,A,20230801,0,15000,90000,2026-09-07T23:00:00,synthetic-seeder,M
210050,202609,BILL-210050,ENTR-PAYMENT-BASELINE-0050,210050,3,32,5G-STD-01,5G 스탠다드,A,20230801,0,20000,95000,2026-09-08T23:00:00,synthetic-seeder,F
210051,202609,BILL-210051,ENTR-PAYMENT-BASELINE-0051,210051,3,33,5G-STD-01,5G 스탠다드,A,20230801,3300,25000,103300,2026-09-09T23:00:00,synthetic-seeder,M
210052,202609,BILL-210052,ENTR-PAYMENT-BASELINE-0052,210052,3,34,5G-STD-01,5G 스탠다드,A,20230801,0,30000,105000,2026-09-10T23:00:00,synthetic-seeder,F
210053,202609,BILL-210053,ENTR-PAYMENT-BASELINE-0053,210053,3,35,5G-STD-01,5G 스탠다드,A,20230801,0,35000,110000,2026-09-07T23:00:00,synthetic-seeder,M
210054,202609,BILL-210054,ENTR-PAYMENT-BASELINE-0054,210054,3,36,5G-STD-01,5G 스탠다드,A,20230801,3300,10000,88300,2026-09-08T23:00:00,synthetic-seeder,F
210055,202609,BILL-210055,ENTR-PAYMENT-BASELINE-0055,210055,3,37,5G-STD-01,5G 스탠다드,A,20230801,0,15000,90000,2026-09-09T23:00:00,synthetic-seeder,M
210056,202609,BILL-210056,ENTR-PAYMENT-BASELINE-0056,210056,3,38,5G-STD-01,5G 스탠다드,A,20230801,0,20000,95000,2026-09-10T23:00:00,synthetic-seeder,F
210057,202609,BILL-210057,ENTR-PAYMENT-BASELINE-0057,210057,3,39,5G-STD-01,5G 스탠다드,A,20230801,3300,25000,103300,2026-09-07T23:00:00,synthetic-seeder,M
210058,202609,BILL-210058,ENTR-PAYMENT-BASELINE-0058,210058,4,40,5G-STD-01,5G 스탠다드,A,20230801,0,30000,105000,2026-09-08T23:00:00,synthetic-seeder,F
210059,202609,BILL-210059,ENTR-PAYMENT-BASELINE-0059,210059,4,41,5G-STD-01,5G 스탠다드,A,20230801,0,35000,110000,2026-09-09T23:00:00,synthetic-seeder,M
210060,202609,BILL-210060,ENTR-PAYMENT-BASELINE-0060,210060,4,42,5G-STD-01,5G 스탠다드,A,20230801,3300,10000,88300,2026-09-10T23:00:00,synthetic-seeder,F
210061,202609,BILL-210061,ENTR-PAYMENT-BASELINE-0061,210061,4,43,5G-STD-01,5G 스탠다드,A,20230801,0,15000,90000,2026-09-07T23:00:00,synthetic-seeder,M
210062,202609,BILL-210062,ENTR-PAYMENT-BASELINE-0062,210062,4,44,5G-STD-01,5G 스탠다드,A,20230801,0,20000,95000,2026-09-08T23:00:00,synthetic-seeder,F
210063,202609,BILL-210063,ENTR-PAYMENT-BASELINE-0063,210063,4,45,5G-STD-01,5G 스탠다드,A,20230801,3300,25000,103300,2026-09-09T23:00:00,synthetic-seeder,M
210064,202609,BILL-210064,ENTR-PAYMENT-BASELINE-0064,210064,4,46,5G-STD-01,5G 스탠다드,A,20230801,0,30000,105000,2026-09-10T23:00:00,synthetic-seeder,F
210065,202609,BILL-210065,ENTR-PAYMENT-BASELINE-0065,210065,4,47,5G-STD-01,5G 스탠다드,A,20230801,0,35000,110000,2026-09-07T23:00:00,synthetic-seeder,M
210066,202609,BILL-210066,ENTR-PAYMENT-BASELINE-0066,210066,4,48,5G-STD-01,5G 스탠다드,A,20230801,3300,10000,88300,2026-09-08T23:00:00,synthetic-seeder,F
210067,202609,BILL-210067,ENTR-PAYMENT-BASELINE-0067,210067,4,49,5G-STD-01,5G 스탠다드,A,20230801,0,15000,90000,2026-09-09T23:00:00,synthetic-seeder,M
210068,202609,BILL-210068,ENTR-PAYMENT-BASELINE-0068,210068,5,50,5G-STD-01,5G 스탠다드,A,20230801,0,20000,95000,2026-09-10T23:00:00,synthetic-seeder,F
210069,202609,BILL-210069,ENTR-PAYMENT-BASELINE-0069,210069,5,51,5G-STD-01,5G 스탠다드,A,20230801,3300,25000,103300,2026-09-07T23:00:00,synthetic-seeder,M
210070,202609,BILL-210070,ENTR-PAYMENT-BASELINE-0070,210070,5,52,5G-STD-01,5G 스탠다드,A,20230801,0,30000,105000,2026-09-08T23:00:00,synthetic-seeder,F
210071,202609,BILL-210071,ENTR-PAYMENT-BASELINE-0071,210071,5,53,5G-STD-01,5G 스탠다드,A,20230801,0,35000,110000,2026-09-09T23:00:00,synthetic-seeder,M
210072,202609,BILL-210072,ENTR-PAYMENT-BASELINE-0072,210072,5,54,5G-STD-01,5G 스탠다드,A,20230801,3300,10000,88300,2026-09-10T23:00:00,synthetic-seeder,F
210073,202609,BILL-210073,ENTR-PAYMENT-BASELINE-0073,210073,5,55,5G-STD-01,5G 스탠다드,A,20230801,0,15000,90000,2026-09-07T23:00:00,synthetic-seeder,M
210074,202609,BILL-210074,ENTR-PAYMENT-BASELINE-0074,210074,5,56,5G-STD-01,5G 스탠다드,A,20230801,0,20000,95000,2026-09-08T23:00:00,synthetic-seeder,F
210075,202609,BILL-210075,ENTR-PAYMENT-BASELINE-0075,210075,5,57,5G-STD-01,5G 스탠다드,A,20230801,3300,25000,103300,2026-09-09T23:00:00,synthetic-seeder,M
210076,202609,BILL-210076,ENTR-PAYMENT-BASELINE-0076,210076,5,58,5G-STD-01,5G 스탠다드,A,20230801,0,30000,105000,2026-09-10T23:00:00,synthetic-seeder,F
210077,202609,BILL-210077,ENTR-PAYMENT-BASELINE-0077,210077,5,59,5G-STD-01,5G 스탠다드,A,20230801,0,35000,110000,2026-09-07T23:00:00,synthetic-seeder,M
210078,202609,BILL-210078,ENTR-PAYMENT-BASELINE-0078,210078,6,60,5G-STD-01,5G 스탠다드,A,20230801,3300,10000,88300,2026-09-08T23:00:00,synthetic-seeder,F
210079,202609,BILL-210079,ENTR-PAYMENT-BASELINE-0079,210079,6,61,5G-STD-01,5G 스탠다드,A,20230801,0,15000,90000,2026-09-09T23:00:00,synthetic-seeder,M
210080,202609,BILL-210080,ENTR-PAYMENT-BASELINE-0080,210080,2,22,5G-STD-01,5G 스탠다드,A,20230801,0,20000,95000,2026-09-10T23:00:00,synthetic-seeder,F
210081,202609,BILL-210081,ENTR-PAYMENT-BASELINE-0081,210081,2,23,5G-STD-01,5G 스탠다드,A,20230801,3300,25000,103300,2026-09-07T23:00:00,synthetic-seeder,M
210082,202609,BILL-210082,ENTR-PAYMENT-BASELINE-0082,210082,2,24,5G-STD-01,5G 스탠다드,A,20230801,0,30000,105000,2026-09-08T23:00:00,synthetic-seeder,F
210083,202609,BILL-210083,ENTR-PAYMENT-BASELINE-0083,210083,2,25,5G-STD-01,5G 스탠다드,A,20230801,0,35000,110000,2026-09-09T23:00:00,synthetic-seeder,M
210084,202609,BILL-210084,ENTR-PAYMENT-BASELINE-0084,210084,2,26,5G-STD-01,5G 스탠다드,A,20230801,3300,10000,88300,2026-09-10T23:00:00,synthetic-seeder,F
210085,202609,BILL-210085,ENTR-PAYMENT-BASELINE-0085,210085,2,27,5G-STD-01,5G 스탠다드,A,20230801,0,15000,90000,2026-09-07T23:00:00,synthetic-seeder,M
210086,202609,BILL-210086,ENTR-PAYMENT-BASELINE-0086,210086,2,28,5G-STD-01,5G 스탠다드,A,20230801,0,20000,95000,2026-09-08T23:00:00,synthetic-seeder,F
210087,202609,BILL-210087,ENTR-PAYMENT-BASELINE-0087,210087,2,29,5G-STD-01,5G 스탠다드,A,20230801,3300,25000,103300,2026-09-09T23:00:00,synthetic-seeder,M
210088,202609,BILL-210088,ENTR-PAYMENT-BASELINE-0088,210088,3,30,5G-STD-01,5G 스탠다드,A,20230801,0,30000,105000,2026-09-10T23:00:00,synthetic-seeder,F
210089,202609,BILL-210089,ENTR-PAYMENT-BASELINE-0089,210089,3,31,5G-STD-01,5G 스탠다드,A,20230801,0,35000,110000,2026-09-07T23:00:00,synthetic-seeder,M
210090,202609,BILL-210090,ENTR-PAYMENT-BASELINE-0090,210090,3,32,5G-STD-01,5G 스탠다드,A,20230801,3300,10000,88300,2026-09-08T23:00:00,synthetic-seeder,F
210091,202609,BILL-210091,ENTR-PAYMENT-BASELINE-0091,210091,3,33,5G-STD-01,5G 스탠다드,A,20230801,0,15000,90000,2026-09-09T23:00:00,synthetic-seeder,M
210092,202609,BILL-210092,ENTR-PAYMENT-BASELINE-0092,210092,3,34,5G-STD-01,5G 스탠다드,A,20230801,0,20000,95000,2026-09-10T23:00:00,synthetic-seeder,F
210093,202609,BILL-210093,ENTR-PAYMENT-BASELINE-0093,210093,3,35,5G-STD-01,5G 스탠다드,A,20230801,3300,25000,103300,2026-09-07T23:00:00,synthetic-seeder,M
210094,202609,BILL-210094,ENTR-PAYMENT-BASELINE-0094,210094,3,36,5G-STD-01,5G 스탠다드,A,20230801,0,30000,105000,2026-09-08T23:00:00,synthetic-seeder,F
210095,202609,BILL-210095,ENTR-PAYMENT-BASELINE-0095,210095,3,37,5G-STD-01,5G 스탠다드,A,20230801,0,35000,110000,2026-09-09T23:00:00,synthetic-seeder,M
210096,202609,BILL-210096,ENTR-PAYMENT-BASELINE-0096,210096,3,38,5G-STD-01,5G 스탠다드,A,20230801,3300,10000,88300,2026-09-10T23:00:00,synthetic-seeder,F
210097,202609,BILL-210097,ENTR-PAYMENT-BASELINE-0097,210097,3,39,5G-STD-01,5G 스탠다드,A,20230801,0,15000,90000,2026-09-07T23:00:00,synthetic-seeder,M
210098,202609,BILL-210098,ENTR-PAYMENT-BASELINE-0098,210098,4,40,5G-STD-01,5G 스탠다드,A,20230801,0,20000,95000,2026-09-08T23:00:00,synthetic-seeder,F
210099,202609,BILL-210099,ENTR-PAYMENT-BASELINE-0099,210099,4,41,5G-STD-01,5G 스탠다드,A,20230801,3300,25000,103300,2026-09-09T23:00:00,synthetic-seeder,M
210100,202609,BILL-210100,ENTR-PAYMENT-BASELINE-0100,210100,4,42,5G-STD-01,5G 스탠다드,A,20230801,0,30000,105000,2026-09-10T23:00:00,synthetic-seeder,F
210101,202609,BILL-210101,ENTR-PAYMENT-BASELINE-0101,210101,4,43,5G-STD-01,5G 스탠다드,A,20230801,0,35000,110000,2026-09-07T23:00:00,synthetic-seeder,M
210102,202609,BILL-210102,ENTR-PAYMENT-BASELINE-0102,210102,4,44,5G-STD-01,5G 스탠다드,A,20230801,3300,10000,88300,2026-09-08T23:00:00,synthetic-seeder,F
210103,202609,BILL-210103,ENTR-PAYMENT-BASELINE-0103,210103,4,45,5G-STD-01,5G 스탠다드,A,20230801,0,15000,90000,2026-09-09T23:00:00,synthetic-seeder,M
210104,202609,BILL-210104,ENTR-PAYMENT-BASELINE-0104,210104,4,46,5G-STD-01,5G 스탠다드,A,20230801,0,20000,95000,2026-09-10T23:00:00,synthetic-seeder,F
210105,202609,BILL-210105,ENTR-PAYMENT-BASELINE-0105,210105,4,47,5G-STD-01,5G 스탠다드,A,20230801,3300,25000,103300,2026-09-07T23:00:00,synthetic-seeder,M
210106,202609,BILL-210106,ENTR-PAYMENT-BASELINE-0106,210106,4,48,5G-STD-01,5G 스탠다드,A,20230801,0,30000,105000,2026-09-08T23:00:00,synthetic-seeder,F
210107,202609,BILL-210107,ENTR-PAYMENT-BASELINE-0107,210107,4,49,5G-STD-01,5G 스탠다드,A,20230801,0,35000,110000,2026-09-09T23:00:00,synthetic-seeder,M
210108,202609,BILL-210108,ENTR-PAYMENT-BASELINE-0108,210108,5,50,5G-STD-01,5G 스탠다드,A,20230801,3300,10000,88300,2026-09-10T23:00:00,synthetic-seeder,F
210109,202609,BILL-210109,ENTR-PAYMENT-BASELINE-0109,210109,5,51,5G-STD-01,5G 스탠다드,A,20230801,0,15000,90000,2026-09-07T23:00:00,synthetic-seeder,M
210110,202609,BILL-210110,ENTR-PAYMENT-BASELINE-0110,210110,5,52,5G-STD-01,5G 스탠다드,A,20230801,0,20000,95000,2026-09-08T23:00:00,synthetic-seeder,F
210111,202609,BILL-210111,ENTR-PAYMENT-BASELINE-0111,210111,5,53,5G-STD-01,5G 스탠다드,A,20230801,3300,25000,103300,2026-09-09T23:00:00,synthetic-seeder,M
210112,202609,BILL-210112,ENTR-PAYMENT-BASELINE-0112,210112,5,54,5G-STD-01,5G 스탠다드,A,20230801,0,30000,105000,2026-09-10T23:00:00,synthetic-seeder,F
210113,202609,BILL-210113,ENTR-PAYMENT-BASELINE-0113,210113,5,55,5G-STD-01,5G 스탠다드,A,20230801,0,35000,110000,2026-09-07T23:00:00,synthetic-seeder,M
210114,202609,BILL-210114,ENTR-PAYMENT-BASELINE-0114,210114,5,56,5G-STD-01,5G 스탠다드,A,20230801,3300,10000,88300,2026-09-08T23:00:00,synthetic-seeder,F
210115,202609,BILL-210115,ENTR-PAYMENT-BASELINE-0115,210115,5,57,5G-STD-01,5G 스탠다드,A,20230801,0,15000,90000,2026-09-09T23:00:00,synthetic-seeder,M
210116,202609,BILL-210116,ENTR-PAYMENT-BASELINE-0116,210116,5,58,5G-STD-01,5G 스탠다드,A,20230801,0,20000,95000,2026-09-10T23:00:00,synthetic-seeder,F
210117,202609,BILL-210117,ENTR-PAYMENT-BASELINE-0117,210117,5,59,5G-STD-01,5G 스탠다드,A,20230801,3300,25000,103300,2026-09-07T23:00:00,synthetic-seeder,M
210118,202609,BILL-210118,ENTR-PAYMENT-BASELINE-0118,210118,6,60,5G-STD-01,5G 스탠다드,A,20230801,0,30000,105000,2026-09-08T23:00:00,synthetic-seeder,F
210119,202609,BILL-210119,ENTR-PAYMENT-BASELINE-0119,210119,6,61,5G-STD-01,5G 스탠다드,A,20230801,0,35000,110000,2026-09-09T23:00:00,synthetic-seeder,M
210120,202609,BILL-210120,ENTR-PAYMENT-BASELINE-0120,210120,2,22,5G-STD-01,5G 스탠다드,A,20230801,3300,10000,88300,2026-09-10T23:00:00,synthetic-seeder,F
210121,202609,BILL-210121,ENTR-PAYMENT-BASELINE-0121,210121,2,23,5G-STD-01,5G 스탠다드,A,20230801,0,15000,90000,2026-09-07T23:00:00,synthetic-seeder,M
210122,202609,BILL-210122,ENTR-PAYMENT-BASELINE-0122,210122,2,24,5G-STD-01,5G 스탠다드,A,20230801,0,20000,95000,2026-09-08T23:00:00,synthetic-seeder,F
210123,202609,BILL-210123,ENTR-PAYMENT-BASELINE-0123,210123,2,25,5G-STD-01,5G 스탠다드,A,20230801,3300,25000,103300,2026-09-09T23:00:00,synthetic-seeder,M
210124,202609,BILL-210124,ENTR-PAYMENT-BASELINE-0124,210124,2,26,5G-STD-01,5G 스탠다드,A,20230801,0,30000,105000,2026-09-10T23:00:00,synthetic-seeder,F
210125,202609,BILL-210125,ENTR-PAYMENT-BASELINE-0125,210125,2,27,5G-STD-01,5G 스탠다드,A,20230801,0,35000,110000,2026-09-07T23:00:00,synthetic-seeder,M
210126,202609,BILL-210126,ENTR-PAYMENT-BASELINE-0126,210126,2,28,5G-STD-01,5G 스탠다드,A,20230801,3300,10000,88300,2026-09-08T23:00:00,synthetic-seeder,F
210127,202609,BILL-210127,ENTR-PAYMENT-BASELINE-0127,210127,2,29,5G-STD-01,5G 스탠다드,A,20230801,0,15000,90000,2026-09-09T23:00:00,synthetic-seeder,M
210128,202609,BILL-210128,ENTR-PAYMENT-BASELINE-0128,210128,3,30,5G-STD-01,5G 스탠다드,A,20230801,0,20000,95000,2026-09-10T23:00:00,synthetic-seeder,F
210129,202609,BILL-210129,ENTR-PAYMENT-BASELINE-0129,210129,3,31,5G-STD-01,5G 스탠다드,A,20230801,3300,25000,103300,2026-09-07T23:00:00,synthetic-seeder,M
210130,202609,BILL-210130,ENTR-PAYMENT-BASELINE-0130,210130,3,32,5G-STD-01,5G 스탠다드,A,20230801,0,30000,105000,2026-09-08T23:00:00,synthetic-seeder,F
210131,202609,BILL-210131,ENTR-PAYMENT-BASELINE-0131,210131,3,33,5G-STD-01,5G 스탠다드,A,20230801,0,35000,110000,2026-09-09T23:00:00,synthetic-seeder,M
210132,202609,BILL-210132,ENTR-PAYMENT-BASELINE-0132,210132,3,34,5G-STD-01,5G 스탠다드,A,20230801,3300,10000,88300,2026-09-10T23:00:00,synthetic-seeder,F
210133,202609,BILL-210133,ENTR-PAYMENT-BASELINE-0133,210133,3,35,5G-STD-01,5G 스탠다드,A,20230801,0,15000,90000,2026-09-07T23:00:00,synthetic-seeder,M
210134,202609,BILL-210134,ENTR-PAYMENT-BASELINE-0134,210134,3,36,5G-STD-01,5G 스탠다드,A,20230801,0,20000,95000,2026-09-08T23:00:00,synthetic-seeder,F
210135,202609,BILL-210135,ENTR-PAYMENT-BASELINE-0135,210135,3,37,5G-STD-01,5G 스탠다드,A,20230801,3300,25000,103300,2026-09-09T23:00:00,synthetic-seeder,M
210136,202609,BILL-210136,ENTR-PAYMENT-BASELINE-0136,210136,3,38,5G-STD-01,5G 스탠다드,A,20230801,0,30000,105000,2026-09-10T23:00:00,synthetic-seeder,F
210137,202609,BILL-210137,ENTR-PAYMENT-BASELINE-0137,210137,3,39,5G-STD-01,5G 스탠다드,A,20230801,0,35000,110000,2026-09-07T23:00:00,synthetic-seeder,M
210138,202609,BILL-210138,ENTR-PAYMENT-BASELINE-0138,210138,4,40,5G-STD-01,5G 스탠다드,A,20230801,3300,10000,88300,2026-09-08T23:00:00,synthetic-seeder,F
210139,202609,BILL-210139,ENTR-PAYMENT-BASELINE-0139,210139,4,41,5G-STD-01,5G 스탠다드,A,20230801,0,15000,90000,2026-09-09T23:00:00,synthetic-seeder,M
210140,202609,BILL-210140,ENTR-PAYMENT-BASELINE-0140,210140,4,42,5G-STD-01,5G 스탠다드,A,20230801,0,20000,95000,2026-09-10T23:00:00,synthetic-seeder,F
210141,202609,BILL-210141,ENTR-PAYMENT-BASELINE-0141,210141,4,43,5G-STD-01,5G 스탠다드,A,20230801,3300,25000,103300,2026-09-07T23:00:00,synthetic-seeder,M
210142,202609,BILL-210142,ENTR-PAYMENT-BASELINE-0142,210142,4,44,5G-STD-01,5G 스탠다드,A,20230801,0,30000,105000,2026-09-08T23:00:00,synthetic-seeder,F
210143,202609,BILL-210143,ENTR-PAYMENT-BASELINE-0143,210143,4,45,5G-STD-01,5G 스탠다드,A,20230801,0,35000,110000,2026-09-09T23:00:00,synthetic-seeder,M
210144,202609,BILL-210144,ENTR-PAYMENT-BASELINE-0144,210144,4,46,5G-STD-01,5G 스탠다드,A,20230801,3300,10000,88300,2026-09-10T23:00:00,synthetic-seeder,F
210145,202609,BILL-210145,ENTR-PAYMENT-BASELINE-0145,210145,4,47,5G-STD-01,5G 스탠다드,A,20230801,0,15000,90000,2026-09-07T23:00:00,synthetic-seeder,M
210146,202609,BILL-210146,ENTR-PAYMENT-BASELINE-0146,210146,4,48,5G-STD-01,5G 스탠다드,A,20230801,0,20000,95000,2026-09-08T23:00:00,synthetic-seeder,F
210147,202609,BILL-210147,ENTR-PAYMENT-BASELINE-0147,210147,4,49,5G-STD-01,5G 스탠다드,A,20230801,3300,25000,103300,2026-09-09T23:00:00,synthetic-seeder,M
210148,202609,BILL-210148,ENTR-PAYMENT-BASELINE-0148,210148,5,50,5G-STD-01,5G 스탠다드,A,20230801,0,30000,105000,2026-09-08T23:00:00,synthetic-seeder,F
210149,202609,BILL-210149,ENTR-PAYMENT-BASELINE-0149,210149,5,51,5G-STD-01,5G 스탠다드,A,20230801,0,35000,110000,2026-09-05T23:00:00,synthetic-seeder,M
210150,202609,BILL-210150,ENTR-PAYMENT-BASELINE-0150,210150,5,52,5G-STD-01,5G 스탠다드,A,20230801,3300,10000,88300,2026-09-06T23:00:00,synthetic-seeder,F
210151,202609,BILL-210151,ENTR-PAYMENT-BASELINE-0151,210151,5,53,5G-STD-01,5G 스탠다드,A,20230801,0,15000,90000,2026-09-07T23:00:00,synthetic-seeder,M
210152,202609,BILL-210152,ENTR-PAYMENT-BASELINE-0152,210152,5,54,5G-STD-01,5G 스탠다드,A,20230801,0,20000,95000,2026-09-08T23:00:00,synthetic-seeder,F
210153,202609,BILL-210153,ENTR-PAYMENT-BASELINE-0153,210153,5,55,5G-STD-01,5G 스탠다드,A,20230801,3300,25000,103300,2026-09-05T23:00:00,synthetic-seeder,M
210154,202609,BILL-210154,ENTR-PAYMENT-BASELINE-0154,210154,5,56,5G-STD-01,5G 스탠다드,A,20230801,0,30000,105000,2026-09-06T23:00:00,synthetic-seeder,F
210155,202609,BILL-210155,ENTR-PAYMENT-BASELINE-0155,210155,5,57,5G-STD-01,5G 스탠다드,A,20230801,0,35000,110000,2026-09-07T23:00:00,synthetic-seeder,M
210156,202609,BILL-210156,ENTR-PAYMENT-BASELINE-0156,210156,5,58,5G-STD-01,5G 스탠다드,A,20230801,3300,10000,88300,2026-09-08T23:00:00,synthetic-seeder,F
210157,202609,BILL-210157,ENTR-PAYMENT-BASELINE-0157,210157,5,59,5G-STD-01,5G 스탠다드,A,20230801,0,15000,90000,2026-09-05T23:00:00,synthetic-seeder,M
210158,202609,BILL-210158,ENTR-PAYMENT-BASELINE-0158,210158,6,60,5G-STD-01,5G 스탠다드,A,20230801,0,20000,95000,2026-09-06T23:00:00,synthetic-seeder,F
210159,202609,BILL-210159,ENTR-PAYMENT-BASELINE-0159,210159,6,61,5G-STD-01,5G 스탠다드,A,20230801,3300,25000,103300,2026-09-07T23:00:00,synthetic-seeder,M
210160,202609,BILL-210160,ENTR-PAYMENT-BASELINE-0160,210160,2,22,5G-STD-01,5G 스탠다드,A,20230801,0,30000,105000,2026-09-08T23:00:00,synthetic-seeder,F
210161,202609,BILL-210161,ENTR-PAYMENT-BASELINE-0161,210161,2,23,5G-STD-01,5G 스탠다드,A,20230801,0,35000,110000,2026-09-05T23:00:00,synthetic-seeder,M
210162,202609,BILL-210162,ENTR-PAYMENT-BASELINE-0162,210162,2,24,5G-STD-01,5G 스탠다드,A,20230801,3300,10000,88300,2026-09-06T23:00:00,synthetic-seeder,F
210163,202609,BILL-210163,ENTR-PAYMENT-BASELINE-0163,210163,2,25,5G-STD-01,5G 스탠다드,A,20230801,0,15000,90000,2026-09-07T23:00:00,synthetic-seeder,M
210164,202609,BILL-210164,ENTR-PAYMENT-BASELINE-0164,210164,2,26,5G-STD-01,5G 스탠다드,A,20230801,0,20000,95000,2026-09-08T23:00:00,synthetic-seeder,F
210165,202609,BILL-210165,ENTR-PAYMENT-BASELINE-0165,210165,2,27,5G-STD-01,5G 스탠다드,A,20230801,3300,25000,103300,2026-09-05T23:00:00,synthetic-seeder,M
210166,202609,BILL-210166,ENTR-PAYMENT-BASELINE-0166,210166,2,28,5G-STD-01,5G 스탠다드,A,20230801,0,30000,105000,2026-09-06T23:00:00,synthetic-seeder,F
210167,202609,BILL-210167,ENTR-PAYMENT-BASELINE-0167,210167,2,29,5G-STD-01,5G 스탠다드,A,20230801,0,35000,110000,2026-09-07T23:00:00,synthetic-seeder,M
210168,202609,BILL-210168,ENTR-PAYMENT-BASELINE-0168,210168,3,30,5G-STD-01,5G 스탠다드,A,20230801,3300,10000,88300,2026-09-08T23:00:00,synthetic-seeder,F
210169,202609,BILL-210169,ENTR-PAYMENT-BASELINE-0169,210169,3,31,5G-STD-01,5G 스탠다드,A,20230801,0,15000,90000,2026-09-05T23:00:00,synthetic-seeder,M
210170,202609,BILL-210170,ENTR-PAYMENT-BASELINE-0170,210170,3,32,5G-STD-01,5G 스탠다드,A,20230801,0,20000,95000,2026-09-06T23:00:00,synthetic-seeder,F
210171,202609,BILL-210171,ENTR-PAYMENT-BASELINE-0171,210171,3,33,5G-STD-01,5G 스탠다드,A,20230801,3300,25000,103300,2026-09-07T23:00:00,synthetic-seeder,M
210172,202609,BILL-210172,ENTR-PAYMENT-BASELINE-0172,210172,3,34,5G-STD-01,5G 스탠다드,A,20230801,0,30000,105000,2026-09-08T23:00:00,synthetic-seeder,F
210173,202609,BILL-210173,ENTR-PAYMENT-BASELINE-0173,210173,3,35,5G-STD-01,5G 스탠다드,A,20230801,0,35000,110000,2026-09-05T23:00:00,synthetic-seeder,M
210174,202609,BILL-210174,ENTR-PAYMENT-BASELINE-0174,210174,3,36,5G-STD-01,5G 스탠다드,A,20230801,3300,10000,88300,2026-09-06T23:00:00,synthetic-seeder,F
210175,202609,BILL-210175,ENTR-PAYMENT-BASELINE-0175,210175,3,37,5G-STD-01,5G 스탠다드,A,20230801,0,15000,90000,2026-09-07T23:00:00,synthetic-seeder,M
210176,202609,BILL-210176,ENTR-PAYMENT-BASELINE-0176,210176,3,38,5G-STD-01,5G 스탠다드,A,20230801,0,20000,95000,2026-09-08T23:00:00,synthetic-seeder,F
210177,202609,BILL-210177,ENTR-PAYMENT-BASELINE-0177,210177,3,39,5G-STD-01,5G 스탠다드,A,20230801,3300,25000,103300,2026-09-05T23:00:00,synthetic-seeder,M
210178,202609,BILL-210178,ENTR-PAYMENT-BASELINE-0178,210178,4,40,5G-STD-01,5G 스탠다드,A,20230801,0,30000,105000,2026-09-06T23:00:00,synthetic-seeder,F
210179,202609,BILL-210179,ENTR-PAYMENT-BASELINE-0179,210179,4,41,5G-STD-01,5G 스탠다드,A,20230801,0,35000,110000,2026-09-07T23:00:00,synthetic-seeder,M
210180,202609,BILL-210180,ENTR-PAYMENT-BASELINE-0180,210180,4,42,5G-STD-01,5G 스탠다드,A,20230801,3300,10000,88300,2026-09-08T23:00:00,synthetic-seeder,F
210181,202609,BILL-210181,ENTR-PAYMENT-BASELINE-0181,210181,4,43,5G-STD-01,5G 스탠다드,A,20230801,0,15000,90000,2026-09-05T23:00:00,synthetic-seeder,M
210182,202609,BILL-210182,ENTR-PAYMENT-BASELINE-0182,210182,4,44,5G-STD-01,5G 스탠다드,A,20230801,0,20000,95000,2026-09-06T23:00:00,synthetic-seeder,F
210183,202609,BILL-210183,ENTR-PAYMENT-BASELINE-0183,210183,4,45,5G-STD-01,5G 스탠다드,A,20230801,3300,25000,103300,2026-09-07T23:00:00,synthetic-seeder,M
210184,202609,BILL-210184,ENTR-PAYMENT-BASELINE-0184,210184,4,46,5G-STD-01,5G 스탠다드,A,20230801,0,30000,105000,2026-09-08T23:00:00,synthetic-seeder,F
210185,202609,BILL-210185,ENTR-PAYMENT-BASELINE-0185,210185,4,47,5G-STD-01,5G 스탠다드,A,20230801,0,35000,110000,2026-09-05T23:00:00,synthetic-seeder,M
210186,202609,BILL-210186,ENTR-PAYMENT-BASELINE-0186,210186,4,48,5G-STD-01,5G 스탠다드,A,20230801,3300,10000,88300,2026-09-06T23:00:00,synthetic-seeder,F
210187,202609,BILL-210187,ENTR-PAYMENT-BASELINE-0187,210187,4,49,5G-STD-01,5G 스탠다드,A,20230801,0,15000,90000,2026-09-07T23:00:00,synthetic-seeder,M
210188,202609,BILL-210188,ENTR-PAYMENT-BASELINE-0188,210188,5,50,5G-STD-01,5G 스탠다드,A,20230801,0,20000,95000,2026-09-08T23:00:00,synthetic-seeder,F
210189,202609,BILL-210189,ENTR-PAYMENT-BASELINE-0189,210189,5,51,5G-STD-01,5G 스탠다드,A,20230801,3300,25000,103300,2026-09-05T23:00:00,synthetic-seeder,M
210190,202609,BILL-210190,ENTR-PAYMENT-BASELINE-0190,210190,5,52,5G-STD-01,5G 스탠다드,A,20230801,0,30000,105000,2026-09-06T23:00:00,synthetic-seeder,F
210191,202609,BILL-210191,ENTR-PAYMENT-BASELINE-0191,210191,5,53,5G-STD-01,5G 스탠다드,A,20230801,0,35000,110000,2026-09-07T23:00:00,synthetic-seeder,M
210192,202609,BILL-210192,ENTR-PAYMENT-BASELINE-0192,210192,5,54,5G-STD-01,5G 스탠다드,A,20230801,3300,10000,88300,2026-09-08T23:00:00,synthetic-seeder,F
210193,202609,BILL-210193,ENTR-PAYMENT-BASELINE-0193,210193,5,55,5G-STD-01,5G 스탠다드,A,20230801,0,15000,90000,2026-09-05T23:00:00,synthetic-seeder,M
210194,202609,BILL-210194,ENTR-PAYMENT-BASELINE-0194,210194,5,56,5G-STD-01,5G 스탠다드,A,20230801,0,20000,95000,2026-09-06T23:00:00,synthetic-seeder,F
210195,202609,BILL-210195,ENTR-PAYMENT-BASELINE-0195,210195,5,57,5G-STD-01,5G 스탠다드,A,20230801,3300,25000,103300,2026-09-07T23:00:00,synthetic-seeder,M
210196,202609,BILL-210196,ENTR-PAYMENT-BASELINE-0196,210196,5,58,5G-STD-01,5G 스탠다드,A,20230801,0,30000,105000,2026-09-08T23:00:00,synthetic-seeder,F
210197,202609,BILL-210197,ENTR-PAYMENT-BASELINE-0197,210197,5,59,5G-STD-01,5G 스탠다드,A,20230801,0,35000,110000,2026-09-05T23:00:00,synthetic-seeder,M
210198,202609,BILL-210198,ENTR-PAYMENT-BASELINE-0198,210198,6,60,5G-STD-01,5G 스탠다드,A,20230801,3300,10000,88300,2026-09-06T23:00:00,synthetic-seeder,F
210199,202609,BILL-210199,ENTR-PAYMENT-BASELINE-0199,210199,6,61,5G-STD-01,5G 스탠다드,A,20230801,0,15000,90000,2026-09-07T23:00:00,synthetic-seeder,M
210200,202609,BILL-210200,ENTR-PAYMENT-BASELINE-0200,210200,2,22,5G-STD-01,5G 스탠다드,A,20230801,0,20000,95000,2026-09-08T23:00:00,synthetic-seeder,F
210201,202609,BILL-210201,ENTR-PAYMENT-BASELINE-0201,210201,2,23,5G-STD-01,5G 스탠다드,A,20230801,3300,25000,103300,2026-09-05T23:00:00,synthetic-seeder,M
210202,202609,BILL-210202,ENTR-PAYMENT-BASELINE-0202,210202,2,24,5G-STD-01,5G 스탠다드,A,20230801,0,30000,105000,2026-09-06T23:00:00,synthetic-seeder,F
210203,202609,BILL-210203,ENTR-PAYMENT-BASELINE-0203,210203,2,25,5G-STD-01,5G 스탠다드,A,20230801,0,35000,110000,2026-09-07T23:00:00,synthetic-seeder,M
210204,202609,BILL-210204,ENTR-PAYMENT-BASELINE-0204,210204,2,26,5G-STD-01,5G 스탠다드,A,20230801,3300,10000,88300,2026-09-08T23:00:00,synthetic-seeder,F
210205,202609,BILL-210205,ENTR-PAYMENT-BASELINE-0205,210205,2,27,5G-STD-01,5G 스탠다드,A,20230801,0,15000,90000,2026-09-05T23:00:00,synthetic-seeder,M
210206,202609,BILL-210206,ENTR-PAYMENT-BASELINE-0206,210206,2,28,5G-STD-01,5G 스탠다드,A,20230801,0,20000,95000,2026-09-06T23:00:00,synthetic-seeder,F
210207,202609,BILL-210207,ENTR-PAYMENT-BASELINE-0207,210207,2,29,5G-STD-01,5G 스탠다드,A,20230801,3300,25000,103300,2026-09-07T23:00:00,synthetic-seeder,M
210208,202609,BILL-210208,ENTR-PAYMENT-BASELINE-0208,210208,3,30,5G-STD-01,5G 스탠다드,A,20230801,0,30000,105000,2026-09-08T23:00:00,synthetic-seeder,F
210209,202609,BILL-210209,ENTR-PAYMENT-BASELINE-0209,210209,3,31,5G-STD-01,5G 스탠다드,A,20230801,0,35000,110000,2026-09-05T23:00:00,synthetic-seeder,M
210210,202609,BILL-210210,ENTR-PAYMENT-BASELINE-0210,210210,3,32,5G-STD-01,5G 스탠다드,A,20230801,3300,10000,88300,2026-09-06T23:00:00,synthetic-seeder,F
211001,202609,BILL-211001,ENTR-PAYMENT-BASELINE-1001,211001,2,22,5G-STD-01,5G 스탠다드,A,20230801,3300,0,78300,2026-09-04T23:00:00,synthetic-seeder,M
211002,202609,BILL-211002,ENTR-PAYMENT-BASELINE-1002,211002,2,23,5G-STD-01,5G 스탠다드,A,20230801,0,0,75000,2026-09-05T23:00:00,synthetic-seeder,F
211003,202609,BILL-211003,ENTR-PAYMENT-BASELINE-1003,211003,2,24,5G-STD-01,5G 스탠다드,A,20230801,0,0,75000,2026-09-06T23:00:00,synthetic-seeder,M
211004,202609,BILL-211004,ENTR-PAYMENT-BASELINE-1004,211004,2,25,5G-STD-01,5G 스탠다드,A,20230801,3300,0,78300,2026-09-07T23:00:00,synthetic-seeder,F
211005,202609,BILL-211005,ENTR-PAYMENT-BASELINE-1005,211005,2,26,5G-STD-01,5G 스탠다드,A,20230801,0,0,75000,2026-09-08T23:00:00,synthetic-seeder,M
211006,202609,BILL-211006,ENTR-PAYMENT-BASELINE-1006,211006,2,27,5G-STD-01,5G 스탠다드,A,20230801,0,0,75000,2026-09-09T23:00:00,synthetic-seeder,F
211007,202609,BILL-211007,ENTR-PAYMENT-BASELINE-1007,211007,2,28,5G-STD-01,5G 스탠다드,A,20230801,3300,0,78300,2026-09-10T23:00:00,synthetic-seeder,M
211008,202609,BILL-211008,ENTR-PAYMENT-BASELINE-1008,211008,2,29,5G-STD-01,5G 스탠다드,A,20230801,0,0,75000,2026-09-04T23:00:00,synthetic-seeder,F
211009,202609,BILL-211009,ENTR-PAYMENT-BASELINE-1009,211009,3,30,5G-STD-01,5G 스탠다드,A,20230801,0,0,75000,2026-09-05T23:00:00,synthetic-seeder,M
211010,202609,BILL-211010,ENTR-PAYMENT-BASELINE-1010,211010,3,31,5G-STD-01,5G 스탠다드,A,20230801,3300,0,78300,2026-09-06T23:00:00,synthetic-seeder,F
211011,202609,BILL-211011,ENTR-PAYMENT-BASELINE-1011,211011,3,32,5G-STD-01,5G 스탠다드,A,20230801,0,0,75000,2026-09-07T23:00:00,synthetic-seeder,M
211012,202609,BILL-211012,ENTR-PAYMENT-BASELINE-1012,211012,3,33,5G-STD-01,5G 스탠다드,A,20230801,0,0,75000,2026-09-08T23:00:00,synthetic-seeder,F
211013,202609,BILL-211013,ENTR-PAYMENT-BASELINE-1013,211013,3,34,5G-STD-01,5G 스탠다드,A,20230801,3300,0,78300,2026-09-09T23:00:00,synthetic-seeder,M
211014,202609,BILL-211014,ENTR-PAYMENT-BASELINE-1014,211014,3,35,5G-STD-01,5G 스탠다드,A,20230801,0,0,75000,2026-09-10T23:00:00,synthetic-seeder,F
211015,202609,BILL-211015,ENTR-PAYMENT-BASELINE-1015,211015,3,36,5G-STD-01,5G 스탠다드,A,20230801,0,0,75000,2026-09-04T23:00:00,synthetic-seeder,M
211016,202609,BILL-211016,ENTR-PAYMENT-BASELINE-1016,211016,3,37,5G-STD-01,5G 스탠다드,A,20230801,3300,0,78300,2026-09-05T23:00:00,synthetic-seeder,F
211017,202609,BILL-211017,ENTR-PAYMENT-BASELINE-1017,211017,3,38,5G-STD-01,5G 스탠다드,A,20230801,0,0,75000,2026-09-06T23:00:00,synthetic-seeder,M
211018,202609,BILL-211018,ENTR-PAYMENT-BASELINE-1018,211018,3,39,5G-STD-01,5G 스탠다드,A,20230801,0,0,75000,2026-09-07T23:00:00,synthetic-seeder,F
211019,202609,BILL-211019,ENTR-PAYMENT-BASELINE-1019,211019,4,40,5G-STD-01,5G 스탠다드,A,20230801,3300,0,78300,2026-09-08T23:00:00,synthetic-seeder,M
211020,202609,BILL-211020,ENTR-PAYMENT-BASELINE-1020,211020,4,41,5G-STD-01,5G 스탠다드,A,20230801,0,0,75000,2026-09-09T23:00:00,synthetic-seeder,F
211021,202609,BILL-211021,ENTR-PAYMENT-BASELINE-1021,211021,4,42,5G-STD-01,5G 스탠다드,A,20230801,0,0,75000,2026-09-10T23:00:00,synthetic-seeder,M
211022,202609,BILL-211022,ENTR-PAYMENT-BASELINE-1022,211022,4,43,5G-STD-01,5G 스탠다드,A,20230801,3300,0,78300,2026-09-04T23:00:00,synthetic-seeder,F
211023,202609,BILL-211023,ENTR-PAYMENT-BASELINE-1023,211023,4,44,5G-STD-01,5G 스탠다드,A,20230801,0,0,75000,2026-09-05T23:00:00,synthetic-seeder,M
211024,202609,BILL-211024,ENTR-PAYMENT-BASELINE-1024,211024,4,45,5G-STD-01,5G 스탠다드,A,20230801,0,0,75000,2026-09-06T23:00:00,synthetic-seeder,F
211025,202609,BILL-211025,ENTR-PAYMENT-BASELINE-1025,211025,4,46,5G-STD-01,5G 스탠다드,A,20230801,3300,0,78300,2026-09-07T23:00:00,synthetic-seeder,M
211026,202609,BILL-211026,ENTR-PAYMENT-BASELINE-1026,211026,4,47,5G-STD-01,5G 스탠다드,A,20230801,0,0,75000,2026-09-08T23:00:00,synthetic-seeder,F
211027,202609,BILL-211027,ENTR-PAYMENT-BASELINE-1027,211027,4,48,5G-STD-01,5G 스탠다드,A,20230801,0,0,75000,2026-09-09T23:00:00,synthetic-seeder,M
211028,202609,BILL-211028,ENTR-PAYMENT-BASELINE-1028,211028,4,49,5G-STD-01,5G 스탠다드,A,20230801,3300,0,78300,2026-09-10T23:00:00,synthetic-seeder,F
211029,202609,BILL-211029,ENTR-PAYMENT-BASELINE-1029,211029,5,50,5G-STD-01,5G 스탠다드,A,20230801,0,0,75000,2026-09-04T23:00:00,synthetic-seeder,M
211030,202609,BILL-211030,ENTR-PAYMENT-BASELINE-1030,211030,5,51,5G-STD-01,5G 스탠다드,A,20230801,0,0,75000,2026-09-05T23:00:00,synthetic-seeder,F
211031,202609,BILL-211031,ENTR-PAYMENT-BASELINE-1031,211031,5,52,5G-STD-01,5G 스탠다드,A,20230801,3300,0,78300,2026-09-06T23:00:00,synthetic-seeder,M
211032,202609,BILL-211032,ENTR-PAYMENT-BASELINE-1032,211032,5,53,5G-STD-01,5G 스탠다드,A,20230801,0,0,75000,2026-09-07T23:00:00,synthetic-seeder,F
211033,202609,BILL-211033,ENTR-PAYMENT-BASELINE-1033,211033,5,54,5G-STD-01,5G 스탠다드,A,20230801,0,0,75000,2026-09-08T23:00:00,synthetic-seeder,M
211034,202609,BILL-211034,ENTR-PAYMENT-BASELINE-1034,211034,5,55,5G-STD-01,5G 스탠다드,A,20230801,3300,0,78300,2026-09-09T23:00:00,synthetic-seeder,F
211035,202609,BILL-211035,ENTR-PAYMENT-BASELINE-1035,211035,5,56,5G-STD-01,5G 스탠다드,A,20230801,0,0,75000,2026-09-10T23:00:00,synthetic-seeder,M
211036,202609,BILL-211036,ENTR-PAYMENT-BASELINE-1036,211036,5,57,5G-STD-01,5G 스탠다드,A,20230801,0,0,75000,2026-09-04T23:00:00,synthetic-seeder,F
211037,202609,BILL-211037,ENTR-PAYMENT-BASELINE-1037,211037,5,58,5G-STD-01,5G 스탠다드,A,20230801,3300,0,78300,2026-09-05T23:00:00,synthetic-seeder,M
211038,202609,BILL-211038,ENTR-PAYMENT-BASELINE-1038,211038,5,59,5G-STD-01,5G 스탠다드,A,20230801,0,0,75000,2026-09-06T23:00:00,synthetic-seeder,F
211039,202609,BILL-211039,ENTR-PAYMENT-BASELINE-1039,211039,6,60,5G-STD-01,5G 스탠다드,A,20230801,0,0,75000,2026-09-07T23:00:00,synthetic-seeder,M
211040,202609,BILL-211040,ENTR-PAYMENT-BASELINE-1040,211040,6,61,5G-STD-01,5G 스탠다드,A,20230801,3300,0,78300,2026-09-08T23:00:00,synthetic-seeder,F
211041,202609,BILL-211041,ENTR-PAYMENT-BASELINE-1041,211041,2,22,5G-STD-01,5G 스탠다드,A,20230801,0,0,75000,2026-09-09T23:00:00,synthetic-seeder,M
211042,202609,BILL-211042,ENTR-PAYMENT-BASELINE-1042,211042,2,23,5G-STD-01,5G 스탠다드,A,20230801,0,0,75000,2026-09-10T23:00:00,synthetic-seeder,F
211043,202609,BILL-211043,ENTR-PAYMENT-BASELINE-1043,211043,2,24,5G-STD-01,5G 스탠다드,A,20230801,3300,0,78300,2026-09-04T23:00:00,synthetic-seeder,M
211044,202609,BILL-211044,ENTR-PAYMENT-BASELINE-1044,211044,2,25,5G-STD-01,5G 스탠다드,A,20230801,0,0,75000,2026-09-05T23:00:00,synthetic-seeder,F
211045,202609,BILL-211045,ENTR-PAYMENT-BASELINE-1045,211045,2,26,5G-STD-01,5G 스탠다드,A,20230801,0,0,75000,2026-09-06T23:00:00,synthetic-seeder,M
211046,202609,BILL-211046,ENTR-PAYMENT-BASELINE-1046,211046,2,27,5G-STD-01,5G 스탠다드,A,20230801,3300,0,78300,2026-09-07T23:00:00,synthetic-seeder,F
211047,202609,BILL-211047,ENTR-PAYMENT-BASELINE-1047,211047,2,28,5G-STD-01,5G 스탠다드,A,20230801,0,0,75000,2026-09-08T23:00:00,synthetic-seeder,M
211048,202609,BILL-211048,ENTR-PAYMENT-BASELINE-1048,211048,2,29,5G-STD-01,5G 스탠다드,A,20230801,0,0,75000,2026-09-09T23:00:00,synthetic-seeder,F
211049,202609,BILL-211049,ENTR-PAYMENT-BASELINE-1049,211049,3,30,5G-STD-01,5G 스탠다드,A,20230801,3300,0,78300,2026-09-10T23:00:00,synthetic-seeder,M
211050,202609,BILL-211050,ENTR-PAYMENT-BASELINE-1050,211050,3,31,5G-STD-01,5G 스탠다드,A,20230801,0,0,75000,2026-09-04T23:00:00,synthetic-seeder,F
211051,202609,BILL-211051,ENTR-PAYMENT-BASELINE-1051,211051,3,32,5G-STD-01,5G 스탠다드,A,20230801,0,0,75000,2026-09-05T23:00:00,synthetic-seeder,M
211052,202609,BILL-211052,ENTR-PAYMENT-BASELINE-1052,211052,3,33,5G-STD-01,5G 스탠다드,A,20230801,3300,0,78300,2026-09-06T23:00:00,synthetic-seeder,F
211053,202609,BILL-211053,ENTR-PAYMENT-BASELINE-1053,211053,3,34,5G-STD-01,5G 스탠다드,A,20230801,0,0,75000,2026-09-07T23:00:00,synthetic-seeder,M
211054,202609,BILL-211054,ENTR-PAYMENT-BASELINE-1054,211054,3,35,5G-STD-01,5G 스탠다드,A,20230801,0,0,75000,2026-09-08T23:00:00,synthetic-seeder,F
211055,202609,BILL-211055,ENTR-PAYMENT-BASELINE-1055,211055,3,36,5G-STD-01,5G 스탠다드,A,20230801,3300,0,78300,2026-09-09T23:00:00,synthetic-seeder,M
211056,202609,BILL-211056,ENTR-PAYMENT-BASELINE-1056,211056,3,37,5G-STD-01,5G 스탠다드,A,20230801,0,0,75000,2026-09-10T23:00:00,synthetic-seeder,F
211057,202609,BILL-211057,ENTR-PAYMENT-BASELINE-1057,211057,3,38,5G-STD-01,5G 스탠다드,A,20230801,0,0,75000,2026-09-04T23:00:00,synthetic-seeder,M
211058,202609,BILL-211058,ENTR-PAYMENT-BASELINE-1058,211058,3,39,5G-STD-01,5G 스탠다드,A,20230801,3300,0,78300,2026-09-05T23:00:00,synthetic-seeder,F
211059,202609,BILL-211059,ENTR-PAYMENT-BASELINE-1059,211059,4,40,5G-STD-01,5G 스탠다드,A,20230801,0,0,75000,2026-09-06T23:00:00,synthetic-seeder,M
211060,202609,BILL-211060,ENTR-PAYMENT-BASELINE-1060,211060,4,41,5G-STD-01,5G 스탠다드,A,20230801,0,0,75000,2026-09-07T23:00:00,synthetic-seeder,F
211061,202609,BILL-211061,ENTR-PAYMENT-BASELINE-1061,211061,4,42,5G-STD-01,5G 스탠다드,A,20230801,3300,0,78300,2026-09-08T23:00:00,synthetic-seeder,M
211062,202609,BILL-211062,ENTR-PAYMENT-BASELINE-1062,211062,4,43,5G-STD-01,5G 스탠다드,A,20230801,0,0,75000,2026-09-09T23:00:00,synthetic-seeder,F
211063,202609,BILL-211063,ENTR-PAYMENT-BASELINE-1063,211063,4,44,5G-STD-01,5G 스탠다드,A,20230801,0,0,75000,2026-09-10T23:00:00,synthetic-seeder,M
211064,202609,BILL-211064,ENTR-PAYMENT-BASELINE-1064,211064,4,45,5G-STD-01,5G 스탠다드,A,20230801,3300,0,78300,2026-09-04T23:00:00,synthetic-seeder,F
211065,202609,BILL-211065,ENTR-PAYMENT-BASELINE-1065,211065,4,46,5G-STD-01,5G 스탠다드,A,20230801,0,0,75000,2026-09-05T23:00:00,synthetic-seeder,M
211066,202609,BILL-211066,ENTR-PAYMENT-BASELINE-1066,211066,4,47,5G-STD-01,5G 스탠다드,A,20230801,0,0,75000,2026-09-06T23:00:00,synthetic-seeder,F
211067,202609,BILL-211067,ENTR-PAYMENT-BASELINE-1067,211067,4,48,5G-STD-01,5G 스탠다드,A,20230801,3300,0,78300,2026-09-07T23:00:00,synthetic-seeder,M
211068,202609,BILL-211068,ENTR-PAYMENT-BASELINE-1068,211068,4,49,5G-STD-01,5G 스탠다드,A,20230801,0,0,75000,2026-09-08T23:00:00,synthetic-seeder,F
211069,202609,BILL-211069,ENTR-PAYMENT-BASELINE-1069,211069,5,50,5G-STD-01,5G 스탠다드,A,20230801,0,0,75000,2026-09-09T23:00:00,synthetic-seeder,M
211070,202609,BILL-211070,ENTR-PAYMENT-BASELINE-1070,211070,5,51,5G-STD-01,5G 스탠다드,A,20230801,3300,0,78300,2026-09-10T23:00:00,synthetic-seeder,F
211071,202609,BILL-211071,ENTR-PAYMENT-BASELINE-1071,211071,5,52,5G-STD-01,5G 스탠다드,A,20230801,0,0,75000,2026-09-04T23:00:00,synthetic-seeder,M
211072,202609,BILL-211072,ENTR-PAYMENT-BASELINE-1072,211072,5,53,5G-STD-01,5G 스탠다드,A,20230801,0,0,75000,2026-09-05T23:00:00,synthetic-seeder,F
211073,202609,BILL-211073,ENTR-PAYMENT-BASELINE-1073,211073,5,54,5G-STD-01,5G 스탠다드,A,20230801,3300,0,78300,2026-09-06T23:00:00,synthetic-seeder,M
211074,202609,BILL-211074,ENTR-PAYMENT-BASELINE-1074,211074,5,55,5G-STD-01,5G 스탠다드,A,20230801,0,0,75000,2026-09-07T23:00:00,synthetic-seeder,F
211075,202609,BILL-211075,ENTR-PAYMENT-BASELINE-1075,211075,5,56,5G-STD-01,5G 스탠다드,A,20230801,0,0,75000,2026-09-08T23:00:00,synthetic-seeder,M
211076,202609,BILL-211076,ENTR-PAYMENT-BASELINE-1076,211076,5,57,5G-STD-01,5G 스탠다드,A,20230801,3300,0,78300,2026-09-09T23:00:00,synthetic-seeder,F
211077,202609,BILL-211077,ENTR-PAYMENT-BASELINE-1077,211077,5,58,5G-STD-01,5G 스탠다드,A,20230801,0,0,75000,2026-09-10T23:00:00,synthetic-seeder,M
211078,202609,BILL-211078,ENTR-PAYMENT-BASELINE-1078,211078,5,59,5G-STD-01,5G 스탠다드,A,20230801,0,0,75000,2026-09-04T23:00:00,synthetic-seeder,F
211079,202609,BILL-211079,ENTR-PAYMENT-BASELINE-1079,211079,6,60,5G-STD-01,5G 스탠다드,A,20230801,3300,0,78300,2026-09-05T23:00:00,synthetic-seeder,M
211080,202609,BILL-211080,ENTR-PAYMENT-BASELINE-1080,211080,6,61,5G-STD-01,5G 스탠다드,A,20230801,0,0,75000,2026-09-06T23:00:00,synthetic-seeder,F
211081,202609,BILL-211081,ENTR-PAYMENT-BASELINE-1081,211081,2,22,5G-STD-01,5G 스탠다드,A,20230801,0,0,75000,2026-09-07T23:00:00,synthetic-seeder,M
211082,202609,BILL-211082,ENTR-PAYMENT-BASELINE-1082,211082,2,23,5G-STD-01,5G 스탠다드,A,20230801,3300,0,78300,2026-09-08T23:00:00,synthetic-seeder,F
211083,202609,BILL-211083,ENTR-PAYMENT-BASELINE-1083,211083,2,24,5G-STD-01,5G 스탠다드,A,20230801,0,0,75000,2026-09-09T23:00:00,synthetic-seeder,M
211084,202609,BILL-211084,ENTR-PAYMENT-BASELINE-1084,211084,2,25,5G-STD-01,5G 스탠다드,A,20230801,0,0,75000,2026-09-10T23:00:00,synthetic-seeder,F
211085,202609,BILL-211085,ENTR-PAYMENT-BASELINE-1085,211085,2,26,5G-STD-01,5G 스탠다드,A,20230801,3300,0,78300,2026-09-04T23:00:00,synthetic-seeder,M
211086,202609,BILL-211086,ENTR-PAYMENT-BASELINE-1086,211086,2,27,5G-STD-01,5G 스탠다드,A,20230801,0,0,75000,2026-09-05T23:00:00,synthetic-seeder,F
211087,202609,BILL-211087,ENTR-PAYMENT-BASELINE-1087,211087,2,28,5G-STD-01,5G 스탠다드,A,20230801,0,0,75000,2026-09-06T23:00:00,synthetic-seeder,M
211088,202609,BILL-211088,ENTR-PAYMENT-BASELINE-1088,211088,2,29,5G-STD-01,5G 스탠다드,A,20230801,3300,0,78300,2026-09-07T23:00:00,synthetic-seeder,F
211089,202609,BILL-211089,ENTR-PAYMENT-BASELINE-1089,211089,3,30,5G-STD-01,5G 스탠다드,A,20230801,0,0,75000,2026-09-08T23:00:00,synthetic-seeder,M
211090,202609,BILL-211090,ENTR-PAYMENT-BASELINE-1090,211090,3,31,5G-STD-01,5G 스탠다드,A,20230801,0,0,75000,2026-09-09T23:00:00,synthetic-seeder,F
120001,202609,BILL-120001,ENTR-VAS-POST-0001,120001,2,26,5G-STD-01,5G 스탠다드,A,20230801,12100,0,87100,2026-09-11T23:00:00,synthetic-seeder,M
120002,202609,BILL-120002,ENTR-VAS-POST-0002,120002,2,27,5G-STD-01,5G 스탠다드,A,20230801,12100,0,87100,2026-09-11T23:00:00,synthetic-seeder,F
120003,202609,BILL-120003,ENTR-VAS-POST-0003,120003,2,28,5G-STD-01,5G 스탠다드,A,20230801,12100,0,87100,2026-09-11T23:00:00,synthetic-seeder,M
120004,202609,BILL-120004,ENTR-VAS-POST-0004,120004,2,29,5G-STD-01,5G 스탠다드,A,20230801,12100,0,87100,2026-09-11T23:00:00,synthetic-seeder,F
120005,202609,BILL-120005,ENTR-VAS-POST-0005,120005,3,30,5G-STD-01,5G 스탠다드,A,20230801,12100,0,87100,2026-09-11T23:00:00,synthetic-seeder,M
120006,202609,BILL-120006,ENTR-VAS-POST-0006,120006,3,31,5G-STD-01,5G 스탠다드,A,20230801,12100,0,87100,2026-09-11T23:00:00,synthetic-seeder,F
120007,202609,BILL-120007,ENTR-VAS-POST-0007,120007,3,32,5G-STD-01,5G 스탠다드,A,20230801,12100,0,87100,2026-09-11T23:00:00,synthetic-seeder,M
120008,202609,BILL-120008,ENTR-VAS-POST-0008,120008,3,33,5G-STD-01,5G 스탠다드,A,20230801,12100,0,87100,2026-09-11T23:00:00,synthetic-seeder,F
120009,202609,BILL-120009,ENTR-VAS-POST-0009,120009,3,34,5G-STD-01,5G 스탠다드,A,20230801,12100,0,87100,2026-09-11T23:00:00,synthetic-seeder,M
120010,202609,BILL-120010,ENTR-VAS-POST-0010,120010,3,35,5G-STD-01,5G 스탠다드,A,20230801,12100,0,87100,2026-09-11T23:00:00,synthetic-seeder,F
120011,202609,BILL-120011,ENTR-VAS-POST-0011,120011,3,36,5G-STD-01,5G 스탠다드,A,20230801,12100,0,87100,2026-09-11T23:00:00,synthetic-seeder,M
120012,202609,BILL-120012,ENTR-VAS-POST-0012,120012,3,37,5G-STD-01,5G 스탠다드,A,20230801,12100,0,87100,2026-09-11T23:00:00,synthetic-seeder,F
120013,202609,BILL-120013,ENTR-VAS-POST-0013,120013,3,38,5G-STD-01,5G 스탠다드,A,20230801,12100,0,87100,2026-09-11T23:00:00,synthetic-seeder,M
120014,202609,BILL-120014,ENTR-VAS-POST-0014,120014,3,39,5G-STD-01,5G 스탠다드,A,20230801,12100,0,87100,2026-09-11T23:00:00,synthetic-seeder,F
120015,202609,BILL-120015,ENTR-VAS-POST-0015,120015,4,40,5G-STD-01,5G 스탠다드,A,20230801,12100,0,87100,2026-09-11T23:00:00,synthetic-seeder,M
120016,202609,BILL-120016,ENTR-VAS-POST-0016,120016,4,41,5G-STD-01,5G 스탠다드,A,20230801,12100,0,87100,2026-09-11T23:00:00,synthetic-seeder,F
120017,202609,BILL-120017,ENTR-VAS-POST-0017,120017,4,42,5G-STD-01,5G 스탠다드,A,20230801,12100,0,87100,2026-09-11T23:00:00,synthetic-seeder,M
120018,202609,BILL-120018,ENTR-VAS-POST-0018,120018,4,43,5G-STD-01,5G 스탠다드,A,20230801,12100,0,87100,2026-09-11T23:00:00,synthetic-seeder,F
120019,202609,BILL-120019,ENTR-VAS-POST-0019,120019,4,44,5G-STD-01,5G 스탠다드,A,20230801,12100,0,87100,2026-09-11T23:00:00,synthetic-seeder,M
120020,202609,BILL-120020,ENTR-VAS-POST-0020,120020,4,45,5G-STD-01,5G 스탠다드,A,20230801,12100,0,87100,2026-09-11T23:00:00,synthetic-seeder,F
120021,202609,BILL-120021,ENTR-VAS-POST-0021,120021,4,46,5G-STD-01,5G 스탠다드,A,20230801,12100,0,87100,2026-09-11T23:00:00,synthetic-seeder,M
120022,202609,BILL-120022,ENTR-VAS-POST-0022,120022,4,47,5G-STD-01,5G 스탠다드,A,20230801,12100,0,87100,2026-09-11T23:00:00,synthetic-seeder,F
120023,202609,BILL-120023,ENTR-VAS-POST-0023,120023,4,48,5G-STD-01,5G 스탠다드,A,20230801,12100,0,87100,2026-09-11T23:00:00,synthetic-seeder,M
120024,202609,BILL-120024,ENTR-VAS-POST-0024,120024,4,49,5G-STD-01,5G 스탠다드,A,20230801,12100,0,87100,2026-09-11T23:00:00,synthetic-seeder,F
120025,202609,BILL-120025,ENTR-VAS-POST-0025,120025,5,50,5G-STD-01,5G 스탠다드,A,20230801,12100,0,87100,2026-09-11T23:00:00,synthetic-seeder,M
120026,202609,BILL-120026,ENTR-VAS-POST-0026,120026,5,51,5G-STD-01,5G 스탠다드,A,20230801,12100,0,87100,2026-09-11T23:00:00,synthetic-seeder,F
120027,202609,BILL-120027,ENTR-VAS-POST-0027,120027,5,52,5G-STD-01,5G 스탠다드,A,20230801,12100,0,87100,2026-09-11T23:00:00,synthetic-seeder,M
120028,202609,BILL-120028,ENTR-VAS-POST-0028,120028,5,53,5G-STD-01,5G 스탠다드,A,20230801,12100,0,87100,2026-09-11T23:00:00,synthetic-seeder,F
120029,202609,BILL-120029,ENTR-VAS-POST-0029,120029,5,54,5G-STD-01,5G 스탠다드,A,20230801,12100,0,87100,2026-09-11T23:00:00,synthetic-seeder,M
120030,202609,BILL-120030,ENTR-VAS-POST-0030,120030,5,55,5G-STD-01,5G 스탠다드,A,20230801,12100,0,87100,2026-09-11T23:00:00,synthetic-seeder,F
120031,202609,BILL-120031,ENTR-VAS-POST-0031,120031,5,56,5G-STD-01,5G 스탠다드,A,20230801,12100,0,87100,2026-09-11T23:00:00,synthetic-seeder,M
120032,202609,BILL-120032,ENTR-VAS-POST-0032,120032,5,57,5G-STD-01,5G 스탠다드,A,20230801,12100,0,87100,2026-09-11T23:00:00,synthetic-seeder,F
120033,202609,BILL-120033,ENTR-VAS-POST-0033,120033,5,58,5G-STD-01,5G 스탠다드,A,20230801,12100,0,87100,2026-09-11T23:00:00,synthetic-seeder,M
120034,202609,BILL-120034,ENTR-VAS-POST-0034,120034,5,59,5G-STD-01,5G 스탠다드,A,20230801,12100,0,87100,2026-09-11T23:00:00,synthetic-seeder,F
120035,202609,BILL-120035,ENTR-VAS-POST-0035,120035,6,60,5G-STD-01,5G 스탠다드,A,20230801,12100,0,87100,2026-09-11T23:00:00,synthetic-seeder,M
120036,202609,BILL-120036,ENTR-VAS-POST-0036,120036,2,25,5G-STD-01,5G 스탠다드,A,20230801,12100,0,87100,2026-09-11T23:00:00,synthetic-seeder,F
120037,202609,BILL-120037,ENTR-VAS-POST-0037,120037,2,26,5G-STD-01,5G 스탠다드,A,20230801,12100,0,87100,2026-09-11T23:00:00,synthetic-seeder,M
120038,202609,BILL-120038,ENTR-VAS-POST-0038,120038,2,27,5G-STD-01,5G 스탠다드,A,20230801,12100,0,87100,2026-09-11T23:00:00,synthetic-seeder,F
120039,202609,BILL-120039,ENTR-VAS-POST-0039,120039,2,28,5G-STD-01,5G 스탠다드,A,20230801,12100,0,87100,2026-09-11T23:00:00,synthetic-seeder,M
120040,202609,BILL-120040,ENTR-VAS-POST-0040,120040,2,29,5G-STD-01,5G 스탠다드,A,20230801,12100,0,87100,2026-09-11T23:00:00,synthetic-seeder,F
120041,202609,BILL-120041,ENTR-VAS-POST-0041,120041,3,30,5G-STD-01,5G 스탠다드,A,20230801,12100,0,87100,2026-09-11T23:00:00,synthetic-seeder,M
120042,202609,BILL-120042,ENTR-VAS-POST-0042,120042,3,31,5G-STD-01,5G 스탠다드,A,20230801,12100,0,87100,2026-09-11T23:00:00,synthetic-seeder,F
120043,202609,BILL-120043,ENTR-VAS-POST-0043,120043,3,32,5G-STD-01,5G 스탠다드,A,20230801,12100,0,87100,2026-09-11T23:00:00,synthetic-seeder,M
120044,202609,BILL-120044,ENTR-VAS-POST-0044,120044,3,33,5G-STD-01,5G 스탠다드,A,20230801,12100,0,87100,2026-09-11T23:00:00,synthetic-seeder,F
120045,202609,BILL-120045,ENTR-VAS-POST-0045,120045,3,34,5G-STD-01,5G 스탠다드,A,20230801,12100,0,87100,2026-09-11T23:00:00,synthetic-seeder,M
120046,202609,BILL-120046,ENTR-VAS-POST-0046,120046,3,35,5G-STD-01,5G 스탠다드,A,20230801,12100,0,87100,2026-09-11T23:00:00,synthetic-seeder,F
120047,202609,BILL-120047,ENTR-VAS-POST-0047,120047,3,36,5G-STD-01,5G 스탠다드,A,20230801,12100,0,87100,2026-09-11T23:00:00,synthetic-seeder,M
120048,202609,BILL-120048,ENTR-VAS-POST-0048,120048,3,37,5G-STD-01,5G 스탠다드,A,20230801,12100,0,87100,2026-09-11T23:00:00,synthetic-seeder,F
120049,202609,BILL-120049,ENTR-VAS-POST-0049,120049,3,38,5G-STD-01,5G 스탠다드,A,20230801,12100,0,87100,2026-09-11T23:00:00,synthetic-seeder,M
120050,202609,BILL-120050,ENTR-VAS-POST-0050,120050,3,39,5G-STD-01,5G 스탠다드,A,20230801,12100,0,87100,2026-09-11T23:00:00,synthetic-seeder,F
120101,202609,BILL-120101,ENTR-VAS-POST-0101,120101,2,26,5G-STD-01,5G 스탠다드,A,20230801,12100,0,87100,2026-09-12T23:00:00,synthetic-seeder,M
120102,202609,BILL-120102,ENTR-VAS-POST-0102,120102,2,27,5G-STD-01,5G 스탠다드,A,20230801,12100,0,87100,2026-09-12T23:00:00,synthetic-seeder,F
120103,202609,BILL-120103,ENTR-VAS-POST-0103,120103,2,28,5G-STD-01,5G 스탠다드,A,20230801,12100,0,87100,2026-09-12T23:00:00,synthetic-seeder,M
120104,202609,BILL-120104,ENTR-VAS-POST-0104,120104,2,29,5G-STD-01,5G 스탠다드,A,20230801,12100,0,87100,2026-09-12T23:00:00,synthetic-seeder,F
120105,202609,BILL-120105,ENTR-VAS-POST-0105,120105,3,30,5G-STD-01,5G 스탠다드,A,20230801,12100,0,87100,2026-09-12T23:00:00,synthetic-seeder,M
120106,202609,BILL-120106,ENTR-VAS-POST-0106,120106,3,31,5G-STD-01,5G 스탠다드,A,20230801,12100,0,87100,2026-09-12T23:00:00,synthetic-seeder,F
120107,202609,BILL-120107,ENTR-VAS-POST-0107,120107,3,32,5G-STD-01,5G 스탠다드,A,20230801,12100,0,87100,2026-09-12T23:00:00,synthetic-seeder,M
120108,202609,BILL-120108,ENTR-VAS-POST-0108,120108,3,33,5G-STD-01,5G 스탠다드,A,20230801,12100,0,87100,2026-09-12T23:00:00,synthetic-seeder,F
120109,202609,BILL-120109,ENTR-VAS-POST-0109,120109,3,34,5G-STD-01,5G 스탠다드,A,20230801,12100,0,87100,2026-09-12T23:00:00,synthetic-seeder,M
120110,202609,BILL-120110,ENTR-VAS-POST-0110,120110,3,35,5G-STD-01,5G 스탠다드,A,20230801,12100,0,87100,2026-09-12T23:00:00,synthetic-seeder,F
120111,202609,BILL-120111,ENTR-VAS-POST-0111,120111,3,36,5G-STD-01,5G 스탠다드,A,20230801,12100,0,87100,2026-09-12T23:00:00,synthetic-seeder,M
120112,202609,BILL-120112,ENTR-VAS-POST-0112,120112,3,37,5G-STD-01,5G 스탠다드,A,20230801,12100,0,87100,2026-09-12T23:00:00,synthetic-seeder,F
120113,202609,BILL-120113,ENTR-VAS-POST-0113,120113,3,38,5G-STD-01,5G 스탠다드,A,20230801,12100,0,87100,2026-09-12T23:00:00,synthetic-seeder,M
120114,202609,BILL-120114,ENTR-VAS-POST-0114,120114,3,39,5G-STD-01,5G 스탠다드,A,20230801,12100,0,87100,2026-09-12T23:00:00,synthetic-seeder,F
120115,202609,BILL-120115,ENTR-VAS-POST-0115,120115,4,40,5G-STD-01,5G 스탠다드,A,20230801,12100,0,87100,2026-09-12T23:00:00,synthetic-seeder,M
120116,202609,BILL-120116,ENTR-VAS-POST-0116,120116,4,41,5G-STD-01,5G 스탠다드,A,20230801,12100,0,87100,2026-09-12T23:00:00,synthetic-seeder,F
120117,202609,BILL-120117,ENTR-VAS-POST-0117,120117,4,42,5G-STD-01,5G 스탠다드,A,20230801,12100,0,87100,2026-09-12T23:00:00,synthetic-seeder,M
120118,202609,BILL-120118,ENTR-VAS-POST-0118,120118,4,43,5G-STD-01,5G 스탠다드,A,20230801,12100,0,87100,2026-09-12T23:00:00,synthetic-seeder,F
120119,202609,BILL-120119,ENTR-VAS-POST-0119,120119,4,44,5G-STD-01,5G 스탠다드,A,20230801,12100,0,87100,2026-09-12T23:00:00,synthetic-seeder,M
120120,202609,BILL-120120,ENTR-VAS-POST-0120,120120,4,45,5G-STD-01,5G 스탠다드,A,20230801,12100,0,87100,2026-09-12T23:00:00,synthetic-seeder,F
120121,202609,BILL-120121,ENTR-VAS-POST-0121,120121,4,46,5G-STD-01,5G 스탠다드,A,20230801,12100,0,87100,2026-09-12T23:00:00,synthetic-seeder,M
120122,202609,BILL-120122,ENTR-VAS-POST-0122,120122,4,47,5G-STD-01,5G 스탠다드,A,20230801,12100,0,87100,2026-09-12T23:00:00,synthetic-seeder,F
120123,202609,BILL-120123,ENTR-VAS-POST-0123,120123,4,48,5G-STD-01,5G 스탠다드,A,20230801,12100,0,87100,2026-09-12T23:00:00,synthetic-seeder,M
120124,202609,BILL-120124,ENTR-VAS-POST-0124,120124,4,49,5G-STD-01,5G 스탠다드,A,20230801,12100,0,87100,2026-09-12T23:00:00,synthetic-seeder,F
120125,202609,BILL-120125,ENTR-VAS-POST-0125,120125,5,50,5G-STD-01,5G 스탠다드,A,20230801,12100,0,87100,2026-09-12T23:00:00,synthetic-seeder,M
120126,202609,BILL-120126,ENTR-VAS-POST-0126,120126,5,51,5G-STD-01,5G 스탠다드,A,20230801,12100,0,87100,2026-09-12T23:00:00,synthetic-seeder,F
120127,202609,BILL-120127,ENTR-VAS-POST-0127,120127,5,52,5G-STD-01,5G 스탠다드,A,20230801,12100,0,87100,2026-09-12T23:00:00,synthetic-seeder,M
120128,202609,BILL-120128,ENTR-VAS-POST-0128,120128,5,53,5G-STD-01,5G 스탠다드,A,20230801,12100,0,87100,2026-09-12T23:00:00,synthetic-seeder,F
120129,202609,BILL-120129,ENTR-VAS-POST-0129,120129,5,54,5G-STD-01,5G 스탠다드,A,20230801,12100,0,87100,2026-09-12T23:00:00,synthetic-seeder,M
120130,202609,BILL-120130,ENTR-VAS-POST-0130,120130,5,55,5G-STD-01,5G 스탠다드,A,20230801,12100,0,87100,2026-09-12T23:00:00,synthetic-seeder,F
120131,202609,BILL-120131,ENTR-VAS-POST-0131,120131,5,56,5G-STD-01,5G 스탠다드,A,20230801,12100,0,87100,2026-09-12T23:00:00,synthetic-seeder,M
120132,202609,BILL-120132,ENTR-VAS-POST-0132,120132,5,57,5G-STD-01,5G 스탠다드,A,20230801,12100,0,87100,2026-09-12T23:00:00,synthetic-seeder,F
120133,202609,BILL-120133,ENTR-VAS-POST-0133,120133,5,58,5G-STD-01,5G 스탠다드,A,20230801,12100,0,87100,2026-09-12T23:00:00,synthetic-seeder,M
120134,202609,BILL-120134,ENTR-VAS-POST-0134,120134,5,59,5G-STD-01,5G 스탠다드,A,20230801,12100,0,87100,2026-09-12T23:00:00,synthetic-seeder,F
120135,202609,BILL-120135,ENTR-VAS-POST-0135,120135,6,60,5G-STD-01,5G 스탠다드,A,20230801,12100,0,87100,2026-09-12T23:00:00,synthetic-seeder,M
120136,202609,BILL-120136,ENTR-VAS-POST-0136,120136,2,25,5G-STD-01,5G 스탠다드,A,20230801,12100,0,87100,2026-09-12T23:00:00,synthetic-seeder,F
120137,202609,BILL-120137,ENTR-VAS-POST-0137,120137,2,26,5G-STD-01,5G 스탠다드,A,20230801,12100,0,87100,2026-09-12T23:00:00,synthetic-seeder,M
120138,202609,BILL-120138,ENTR-VAS-POST-0138,120138,2,27,5G-STD-01,5G 스탠다드,A,20230801,12100,0,87100,2026-09-12T23:00:00,synthetic-seeder,F
120139,202609,BILL-120139,ENTR-VAS-POST-0139,120139,2,28,5G-STD-01,5G 스탠다드,A,20230801,12100,0,87100,2026-09-12T23:00:00,synthetic-seeder,M
120140,202609,BILL-120140,ENTR-VAS-POST-0140,120140,2,29,5G-STD-01,5G 스탠다드,A,20230801,12100,0,87100,2026-09-12T23:00:00,synthetic-seeder,F
120141,202609,BILL-120141,ENTR-VAS-POST-0141,120141,3,30,5G-STD-01,5G 스탠다드,A,20230801,12100,0,87100,2026-09-12T23:00:00,synthetic-seeder,M
120142,202609,BILL-120142,ENTR-VAS-POST-0142,120142,3,31,5G-STD-01,5G 스탠다드,A,20230801,12100,0,87100,2026-09-12T23:00:00,synthetic-seeder,F
120143,202609,BILL-120143,ENTR-VAS-POST-0143,120143,3,32,5G-STD-01,5G 스탠다드,A,20230801,12100,0,87100,2026-09-12T23:00:00,synthetic-seeder,M
120144,202609,BILL-120144,ENTR-VAS-POST-0144,120144,3,33,5G-STD-01,5G 스탠다드,A,20230801,12100,0,87100,2026-09-12T23:00:00,synthetic-seeder,F
120145,202609,BILL-120145,ENTR-VAS-POST-0145,120145,3,34,5G-STD-01,5G 스탠다드,A,20230801,12100,0,87100,2026-09-12T23:00:00,synthetic-seeder,M
120146,202609,BILL-120146,ENTR-VAS-POST-0146,120146,3,35,5G-STD-01,5G 스탠다드,A,20230801,12100,0,87100,2026-09-12T23:00:00,synthetic-seeder,F
120147,202609,BILL-120147,ENTR-VAS-POST-0147,120147,3,36,5G-STD-01,5G 스탠다드,A,20230801,12100,0,87100,2026-09-12T23:00:00,synthetic-seeder,M
120148,202609,BILL-120148,ENTR-VAS-POST-0148,120148,3,37,5G-STD-01,5G 스탠다드,A,20230801,12100,0,87100,2026-09-12T23:00:00,synthetic-seeder,F
120149,202609,BILL-120149,ENTR-VAS-POST-0149,120149,3,38,5G-STD-01,5G 스탠다드,A,20230801,12100,0,87100,2026-09-12T23:00:00,synthetic-seeder,M
120150,202609,BILL-120150,ENTR-VAS-POST-0150,120150,3,39,5G-STD-01,5G 스탠다드,A,20230801,12100,0,87100,2026-09-12T23:00:00,synthetic-seeder,F
120201,202609,BILL-120201,ENTR-VAS-POST-0201,120201,2,26,5G-STD-01,5G 스탠다드,A,20230801,12100,0,87100,2026-09-13T23:00:00,synthetic-seeder,M
120202,202609,BILL-120202,ENTR-VAS-POST-0202,120202,2,27,5G-STD-01,5G 스탠다드,A,20230801,12100,0,87100,2026-09-13T23:00:00,synthetic-seeder,F
120203,202609,BILL-120203,ENTR-VAS-POST-0203,120203,2,28,5G-STD-01,5G 스탠다드,A,20230801,12100,0,87100,2026-09-13T23:00:00,synthetic-seeder,M
120204,202609,BILL-120204,ENTR-VAS-POST-0204,120204,2,29,5G-STD-01,5G 스탠다드,A,20230801,12100,0,87100,2026-09-13T23:00:00,synthetic-seeder,F
120205,202609,BILL-120205,ENTR-VAS-POST-0205,120205,3,30,5G-STD-01,5G 스탠다드,A,20230801,12100,0,87100,2026-09-13T23:00:00,synthetic-seeder,M
120206,202609,BILL-120206,ENTR-VAS-POST-0206,120206,3,31,5G-STD-01,5G 스탠다드,A,20230801,12100,0,87100,2026-09-13T23:00:00,synthetic-seeder,F
120207,202609,BILL-120207,ENTR-VAS-POST-0207,120207,3,32,5G-STD-01,5G 스탠다드,A,20230801,12100,0,87100,2026-09-13T23:00:00,synthetic-seeder,M
120208,202609,BILL-120208,ENTR-VAS-POST-0208,120208,3,33,5G-STD-01,5G 스탠다드,A,20230801,12100,0,87100,2026-09-13T23:00:00,synthetic-seeder,F
120209,202609,BILL-120209,ENTR-VAS-POST-0209,120209,3,34,5G-STD-01,5G 스탠다드,A,20230801,12100,0,87100,2026-09-13T23:00:00,synthetic-seeder,M
120210,202609,BILL-120210,ENTR-VAS-POST-0210,120210,3,35,5G-STD-01,5G 스탠다드,A,20230801,12100,0,87100,2026-09-13T23:00:00,synthetic-seeder,F
120211,202609,BILL-120211,ENTR-VAS-POST-0211,120211,3,36,5G-STD-01,5G 스탠다드,A,20230801,12100,0,87100,2026-09-13T23:00:00,synthetic-seeder,M
120212,202609,BILL-120212,ENTR-VAS-POST-0212,120212,3,37,5G-STD-01,5G 스탠다드,A,20230801,12100,0,87100,2026-09-13T23:00:00,synthetic-seeder,F
120213,202609,BILL-120213,ENTR-VAS-POST-0213,120213,3,38,5G-STD-01,5G 스탠다드,A,20230801,12100,0,87100,2026-09-13T23:00:00,synthetic-seeder,M
120214,202609,BILL-120214,ENTR-VAS-POST-0214,120214,3,39,5G-STD-01,5G 스탠다드,A,20230801,12100,0,87100,2026-09-13T23:00:00,synthetic-seeder,F
120215,202609,BILL-120215,ENTR-VAS-POST-0215,120215,4,40,5G-STD-01,5G 스탠다드,A,20230801,12100,0,87100,2026-09-13T23:00:00,synthetic-seeder,M
120216,202609,BILL-120216,ENTR-VAS-POST-0216,120216,4,41,5G-STD-01,5G 스탠다드,A,20230801,12100,0,87100,2026-09-13T23:00:00,synthetic-seeder,F
120217,202609,BILL-120217,ENTR-VAS-POST-0217,120217,4,42,5G-STD-01,5G 스탠다드,A,20230801,12100,0,87100,2026-09-13T23:00:00,synthetic-seeder,M
120218,202609,BILL-120218,ENTR-VAS-POST-0218,120218,4,43,5G-STD-01,5G 스탠다드,A,20230801,12100,0,87100,2026-09-13T23:00:00,synthetic-seeder,F
120219,202609,BILL-120219,ENTR-VAS-POST-0219,120219,4,44,5G-STD-01,5G 스탠다드,A,20230801,12100,0,87100,2026-09-13T23:00:00,synthetic-seeder,M
120220,202609,BILL-120220,ENTR-VAS-POST-0220,120220,4,45,5G-STD-01,5G 스탠다드,A,20230801,12100,0,87100,2026-09-13T23:00:00,synthetic-seeder,F
120221,202609,BILL-120221,ENTR-VAS-POST-0221,120221,4,46,5G-STD-01,5G 스탠다드,A,20230801,12100,0,87100,2026-09-13T23:00:00,synthetic-seeder,M
120222,202609,BILL-120222,ENTR-VAS-POST-0222,120222,4,47,5G-STD-01,5G 스탠다드,A,20230801,12100,0,87100,2026-09-13T23:00:00,synthetic-seeder,F
120223,202609,BILL-120223,ENTR-VAS-POST-0223,120223,4,48,5G-STD-01,5G 스탠다드,A,20230801,12100,0,87100,2026-09-13T23:00:00,synthetic-seeder,M
120224,202609,BILL-120224,ENTR-VAS-POST-0224,120224,4,49,5G-STD-01,5G 스탠다드,A,20230801,12100,0,87100,2026-09-13T23:00:00,synthetic-seeder,F
120225,202609,BILL-120225,ENTR-VAS-POST-0225,120225,5,50,5G-STD-01,5G 스탠다드,A,20230801,12100,0,87100,2026-09-13T23:00:00,synthetic-seeder,M
120226,202609,BILL-120226,ENTR-VAS-POST-0226,120226,5,51,5G-STD-01,5G 스탠다드,A,20230801,12100,0,87100,2026-09-13T23:00:00,synthetic-seeder,F
120227,202609,BILL-120227,ENTR-VAS-POST-0227,120227,5,52,5G-STD-01,5G 스탠다드,A,20230801,12100,0,87100,2026-09-13T23:00:00,synthetic-seeder,M
120228,202609,BILL-120228,ENTR-VAS-POST-0228,120228,5,53,5G-STD-01,5G 스탠다드,A,20230801,12100,0,87100,2026-09-13T23:00:00,synthetic-seeder,F
120229,202609,BILL-120229,ENTR-VAS-POST-0229,120229,5,54,5G-STD-01,5G 스탠다드,A,20230801,12100,0,87100,2026-09-13T23:00:00,synthetic-seeder,M
120230,202609,BILL-120230,ENTR-VAS-POST-0230,120230,5,55,5G-STD-01,5G 스탠다드,A,20230801,12100,0,87100,2026-09-13T23:00:00,synthetic-seeder,F
120231,202609,BILL-120231,ENTR-VAS-POST-0231,120231,5,56,5G-STD-01,5G 스탠다드,A,20230801,12100,0,87100,2026-09-13T23:00:00,synthetic-seeder,M
120232,202609,BILL-120232,ENTR-VAS-POST-0232,120232,5,57,5G-STD-01,5G 스탠다드,A,20230801,12100,0,87100,2026-09-13T23:00:00,synthetic-seeder,F
120233,202609,BILL-120233,ENTR-VAS-POST-0233,120233,5,58,5G-STD-01,5G 스탠다드,A,20230801,12100,0,87100,2026-09-13T23:00:00,synthetic-seeder,M
120234,202609,BILL-120234,ENTR-VAS-POST-0234,120234,5,59,5G-STD-01,5G 스탠다드,A,20230801,12100,0,87100,2026-09-13T23:00:00,synthetic-seeder,F
120235,202609,BILL-120235,ENTR-VAS-POST-0235,120235,6,60,5G-STD-01,5G 스탠다드,A,20230801,12100,0,87100,2026-09-13T23:00:00,synthetic-seeder,M
120236,202609,BILL-120236,ENTR-VAS-POST-0236,120236,2,25,5G-STD-01,5G 스탠다드,A,20230801,12100,0,87100,2026-09-13T23:00:00,synthetic-seeder,F
120237,202609,BILL-120237,ENTR-VAS-POST-0237,120237,2,26,5G-STD-01,5G 스탠다드,A,20230801,12100,0,87100,2026-09-13T23:00:00,synthetic-seeder,M
120238,202609,BILL-120238,ENTR-VAS-POST-0238,120238,2,27,5G-STD-01,5G 스탠다드,A,20230801,12100,0,87100,2026-09-13T23:00:00,synthetic-seeder,F
120239,202609,BILL-120239,ENTR-VAS-POST-0239,120239,2,28,5G-STD-01,5G 스탠다드,A,20230801,12100,0,87100,2026-09-13T23:00:00,synthetic-seeder,M
120240,202609,BILL-120240,ENTR-VAS-POST-0240,120240,2,29,5G-STD-01,5G 스탠다드,A,20230801,12100,0,87100,2026-09-13T23:00:00,synthetic-seeder,F
120241,202609,BILL-120241,ENTR-VAS-POST-0241,120241,3,30,5G-STD-01,5G 스탠다드,A,20230801,12100,0,87100,2026-09-13T23:00:00,synthetic-seeder,M
120242,202609,BILL-120242,ENTR-VAS-POST-0242,120242,3,31,5G-STD-01,5G 스탠다드,A,20230801,12100,0,87100,2026-09-13T23:00:00,synthetic-seeder,F
120243,202609,BILL-120243,ENTR-VAS-POST-0243,120243,3,32,5G-STD-01,5G 스탠다드,A,20230801,12100,0,87100,2026-09-13T23:00:00,synthetic-seeder,M
120244,202609,BILL-120244,ENTR-VAS-POST-0244,120244,3,33,5G-STD-01,5G 스탠다드,A,20230801,12100,0,87100,2026-09-13T23:00:00,synthetic-seeder,F
120245,202609,BILL-120245,ENTR-VAS-POST-0245,120245,3,34,5G-STD-01,5G 스탠다드,A,20230801,12100,0,87100,2026-09-13T23:00:00,synthetic-seeder,M
120246,202609,BILL-120246,ENTR-VAS-POST-0246,120246,3,35,5G-STD-01,5G 스탠다드,A,20230801,12100,0,87100,2026-09-13T23:00:00,synthetic-seeder,F
120247,202609,BILL-120247,ENTR-VAS-POST-0247,120247,3,36,5G-STD-01,5G 스탠다드,A,20230801,12100,0,87100,2026-09-13T23:00:00,synthetic-seeder,M
120248,202609,BILL-120248,ENTR-VAS-POST-0248,120248,3,37,5G-STD-01,5G 스탠다드,A,20230801,12100,0,87100,2026-09-13T23:00:00,synthetic-seeder,F
120249,202609,BILL-120249,ENTR-VAS-POST-0249,120249,3,38,5G-STD-01,5G 스탠다드,A,20230801,12100,0,87100,2026-09-13T23:00:00,synthetic-seeder,M
120250,202609,BILL-120250,ENTR-VAS-POST-0250,120250,3,39,5G-STD-01,5G 스탠다드,A,20230801,12100,0,87100,2026-09-13T23:00:00,synthetic-seeder,F
120301,202609,BILL-120301,ENTR-VAS-POST-0301,120301,2,26,5G-STD-01,5G 스탠다드,A,20230801,12100,0,87100,2026-09-14T23:00:00,synthetic-seeder,M
120302,202609,BILL-120302,ENTR-VAS-POST-0302,120302,2,27,5G-STD-01,5G 스탠다드,A,20230801,12100,0,87100,2026-09-14T23:00:00,synthetic-seeder,F
120303,202609,BILL-120303,ENTR-VAS-POST-0303,120303,2,28,5G-STD-01,5G 스탠다드,A,20230801,12100,0,87100,2026-09-14T23:00:00,synthetic-seeder,M
120304,202609,BILL-120304,ENTR-VAS-POST-0304,120304,2,29,5G-STD-01,5G 스탠다드,A,20230801,12100,0,87100,2026-09-14T23:00:00,synthetic-seeder,F
120305,202609,BILL-120305,ENTR-VAS-POST-0305,120305,3,30,5G-STD-01,5G 스탠다드,A,20230801,12100,0,87100,2026-09-14T23:00:00,synthetic-seeder,M
120306,202609,BILL-120306,ENTR-VAS-POST-0306,120306,3,31,5G-STD-01,5G 스탠다드,A,20230801,12100,0,87100,2026-09-14T23:00:00,synthetic-seeder,F
120307,202609,BILL-120307,ENTR-VAS-POST-0307,120307,3,32,5G-STD-01,5G 스탠다드,A,20230801,12100,0,87100,2026-09-14T23:00:00,synthetic-seeder,M
120308,202609,BILL-120308,ENTR-VAS-POST-0308,120308,3,33,5G-STD-01,5G 스탠다드,A,20230801,12100,0,87100,2026-09-14T23:00:00,synthetic-seeder,F
120309,202609,BILL-120309,ENTR-VAS-POST-0309,120309,3,34,5G-STD-01,5G 스탠다드,A,20230801,12100,0,87100,2026-09-14T23:00:00,synthetic-seeder,M
120310,202609,BILL-120310,ENTR-VAS-POST-0310,120310,3,35,5G-STD-01,5G 스탠다드,A,20230801,12100,0,87100,2026-09-14T23:00:00,synthetic-seeder,F
120311,202609,BILL-120311,ENTR-VAS-POST-0311,120311,3,36,5G-STD-01,5G 스탠다드,A,20230801,12100,0,87100,2026-09-14T23:00:00,synthetic-seeder,M
120312,202609,BILL-120312,ENTR-VAS-POST-0312,120312,3,37,5G-STD-01,5G 스탠다드,A,20230801,12100,0,87100,2026-09-14T23:00:00,synthetic-seeder,F
120313,202609,BILL-120313,ENTR-VAS-POST-0313,120313,3,38,5G-STD-01,5G 스탠다드,A,20230801,12100,0,87100,2026-09-14T23:00:00,synthetic-seeder,M
120314,202609,BILL-120314,ENTR-VAS-POST-0314,120314,3,39,5G-STD-01,5G 스탠다드,A,20230801,12100,0,87100,2026-09-14T23:00:00,synthetic-seeder,F
120315,202609,BILL-120315,ENTR-VAS-POST-0315,120315,4,40,5G-STD-01,5G 스탠다드,A,20230801,12100,0,87100,2026-09-14T23:00:00,synthetic-seeder,M
120316,202609,BILL-120316,ENTR-VAS-POST-0316,120316,4,41,5G-STD-01,5G 스탠다드,A,20230801,12100,0,87100,2026-09-14T23:00:00,synthetic-seeder,F
120317,202609,BILL-120317,ENTR-VAS-POST-0317,120317,4,42,5G-STD-01,5G 스탠다드,A,20230801,12100,0,87100,2026-09-14T23:00:00,synthetic-seeder,M
120318,202609,BILL-120318,ENTR-VAS-POST-0318,120318,4,43,5G-STD-01,5G 스탠다드,A,20230801,12100,0,87100,2026-09-14T23:00:00,synthetic-seeder,F
120319,202609,BILL-120319,ENTR-VAS-POST-0319,120319,4,44,5G-STD-01,5G 스탠다드,A,20230801,12100,0,87100,2026-09-14T23:00:00,synthetic-seeder,M
120320,202609,BILL-120320,ENTR-VAS-POST-0320,120320,4,45,5G-STD-01,5G 스탠다드,A,20230801,12100,0,87100,2026-09-14T23:00:00,synthetic-seeder,F
120321,202609,BILL-120321,ENTR-VAS-POST-0321,120321,4,46,5G-STD-01,5G 스탠다드,A,20230801,12100,0,87100,2026-09-14T23:00:00,synthetic-seeder,M
120322,202609,BILL-120322,ENTR-VAS-POST-0322,120322,4,47,5G-STD-01,5G 스탠다드,A,20230801,12100,0,87100,2026-09-14T23:00:00,synthetic-seeder,F
120323,202609,BILL-120323,ENTR-VAS-POST-0323,120323,4,48,5G-STD-01,5G 스탠다드,A,20230801,12100,0,87100,2026-09-14T23:00:00,synthetic-seeder,M
120324,202609,BILL-120324,ENTR-VAS-POST-0324,120324,4,49,5G-STD-01,5G 스탠다드,A,20230801,12100,0,87100,2026-09-14T23:00:00,synthetic-seeder,F
120325,202609,BILL-120325,ENTR-VAS-POST-0325,120325,5,50,5G-STD-01,5G 스탠다드,A,20230801,12100,0,87100,2026-09-14T23:00:00,synthetic-seeder,M
120326,202609,BILL-120326,ENTR-VAS-POST-0326,120326,5,51,5G-STD-01,5G 스탠다드,A,20230801,12100,0,87100,2026-09-14T23:00:00,synthetic-seeder,F
120327,202609,BILL-120327,ENTR-VAS-POST-0327,120327,5,52,5G-STD-01,5G 스탠다드,A,20230801,12100,0,87100,2026-09-14T23:00:00,synthetic-seeder,M
120328,202609,BILL-120328,ENTR-VAS-POST-0328,120328,5,53,5G-STD-01,5G 스탠다드,A,20230801,12100,0,87100,2026-09-14T23:00:00,synthetic-seeder,F
120329,202609,BILL-120329,ENTR-VAS-POST-0329,120329,5,54,5G-STD-01,5G 스탠다드,A,20230801,12100,0,87100,2026-09-14T23:00:00,synthetic-seeder,M
120330,202609,BILL-120330,ENTR-VAS-POST-0330,120330,5,55,5G-STD-01,5G 스탠다드,A,20230801,12100,0,87100,2026-09-14T23:00:00,synthetic-seeder,F
120331,202609,BILL-120331,ENTR-VAS-POST-0331,120331,5,56,5G-STD-01,5G 스탠다드,A,20230801,12100,0,87100,2026-09-14T23:00:00,synthetic-seeder,M
120332,202609,BILL-120332,ENTR-VAS-POST-0332,120332,5,57,5G-STD-01,5G 스탠다드,A,20230801,12100,0,87100,2026-09-14T23:00:00,synthetic-seeder,F
120333,202609,BILL-120333,ENTR-VAS-POST-0333,120333,5,58,5G-STD-01,5G 스탠다드,A,20230801,12100,0,87100,2026-09-14T23:00:00,synthetic-seeder,M
120334,202609,BILL-120334,ENTR-VAS-POST-0334,120334,5,59,5G-STD-01,5G 스탠다드,A,20230801,12100,0,87100,2026-09-14T23:00:00,synthetic-seeder,F
120335,202609,BILL-120335,ENTR-VAS-POST-0335,120335,6,60,5G-STD-01,5G 스탠다드,A,20230801,12100,0,87100,2026-09-14T23:00:00,synthetic-seeder,M
120336,202609,BILL-120336,ENTR-VAS-POST-0336,120336,2,25,5G-STD-01,5G 스탠다드,A,20230801,12100,0,87100,2026-09-14T23:00:00,synthetic-seeder,F
120337,202609,BILL-120337,ENTR-VAS-POST-0337,120337,2,26,5G-STD-01,5G 스탠다드,A,20230801,12100,0,87100,2026-09-14T23:00:00,synthetic-seeder,M
120338,202609,BILL-120338,ENTR-VAS-POST-0338,120338,2,27,5G-STD-01,5G 스탠다드,A,20230801,12100,0,87100,2026-09-14T23:00:00,synthetic-seeder,F
120339,202609,BILL-120339,ENTR-VAS-POST-0339,120339,2,28,5G-STD-01,5G 스탠다드,A,20230801,12100,0,87100,2026-09-14T23:00:00,synthetic-seeder,M
120340,202609,BILL-120340,ENTR-VAS-POST-0340,120340,2,29,5G-STD-01,5G 스탠다드,A,20230801,12100,0,87100,2026-09-14T23:00:00,synthetic-seeder,F
120341,202609,BILL-120341,ENTR-VAS-POST-0341,120341,3,30,5G-STD-01,5G 스탠다드,A,20230801,12100,0,87100,2026-09-14T23:00:00,synthetic-seeder,M
120342,202609,BILL-120342,ENTR-VAS-POST-0342,120342,3,31,5G-STD-01,5G 스탠다드,A,20230801,12100,0,87100,2026-09-14T23:00:00,synthetic-seeder,F
120343,202609,BILL-120343,ENTR-VAS-POST-0343,120343,3,32,5G-STD-01,5G 스탠다드,A,20230801,12100,0,87100,2026-09-14T23:00:00,synthetic-seeder,M
120344,202609,BILL-120344,ENTR-VAS-POST-0344,120344,3,33,5G-STD-01,5G 스탠다드,A,20230801,12100,0,87100,2026-09-14T23:00:00,synthetic-seeder,F
120345,202609,BILL-120345,ENTR-VAS-POST-0345,120345,3,34,5G-STD-01,5G 스탠다드,A,20230801,12100,0,87100,2026-09-14T23:00:00,synthetic-seeder,M
120346,202609,BILL-120346,ENTR-VAS-POST-0346,120346,3,35,5G-STD-01,5G 스탠다드,A,20230801,12100,0,87100,2026-09-14T23:00:00,synthetic-seeder,F
120347,202609,BILL-120347,ENTR-VAS-POST-0347,120347,3,36,5G-STD-01,5G 스탠다드,A,20230801,12100,0,87100,2026-09-14T23:00:00,synthetic-seeder,M
120348,202609,BILL-120348,ENTR-VAS-POST-0348,120348,3,37,5G-STD-01,5G 스탠다드,A,20230801,12100,0,87100,2026-09-14T23:00:00,synthetic-seeder,F
120349,202609,BILL-120349,ENTR-VAS-POST-0349,120349,3,38,5G-STD-01,5G 스탠다드,A,20230801,12100,0,87100,2026-09-14T23:00:00,synthetic-seeder,M
120350,202609,BILL-120350,ENTR-VAS-POST-0350,120350,3,39,5G-STD-01,5G 스탠다드,A,20230801,12100,0,87100,2026-09-14T23:00:00,synthetic-seeder,F
120401,202609,BILL-120401,ENTR-VAS-POST-0401,120401,2,26,5G-STD-01,5G 스탠다드,A,20230801,12100,0,87100,2026-09-15T23:00:00,synthetic-seeder,M
120402,202609,BILL-120402,ENTR-VAS-POST-0402,120402,2,27,5G-STD-01,5G 스탠다드,A,20230801,12100,0,87100,2026-09-15T23:00:00,synthetic-seeder,F
120403,202609,BILL-120403,ENTR-VAS-POST-0403,120403,2,28,5G-STD-01,5G 스탠다드,A,20230801,12100,0,87100,2026-09-15T23:00:00,synthetic-seeder,M
120404,202609,BILL-120404,ENTR-VAS-POST-0404,120404,2,29,5G-STD-01,5G 스탠다드,A,20230801,12100,0,87100,2026-09-15T23:00:00,synthetic-seeder,F
120405,202609,BILL-120405,ENTR-VAS-POST-0405,120405,3,30,5G-STD-01,5G 스탠다드,A,20230801,12100,0,87100,2026-09-15T23:00:00,synthetic-seeder,M
120406,202609,BILL-120406,ENTR-VAS-POST-0406,120406,3,31,5G-STD-01,5G 스탠다드,A,20230801,12100,0,87100,2026-09-15T23:00:00,synthetic-seeder,F
120407,202609,BILL-120407,ENTR-VAS-POST-0407,120407,3,32,5G-STD-01,5G 스탠다드,A,20230801,12100,0,87100,2026-09-15T23:00:00,synthetic-seeder,M
120408,202609,BILL-120408,ENTR-VAS-POST-0408,120408,3,33,5G-STD-01,5G 스탠다드,A,20230801,12100,0,87100,2026-09-15T23:00:00,synthetic-seeder,F
120409,202609,BILL-120409,ENTR-VAS-POST-0409,120409,3,34,5G-STD-01,5G 스탠다드,A,20230801,12100,0,87100,2026-09-15T23:00:00,synthetic-seeder,M
120410,202609,BILL-120410,ENTR-VAS-POST-0410,120410,3,35,5G-STD-01,5G 스탠다드,A,20230801,12100,0,87100,2026-09-15T23:00:00,synthetic-seeder,F
120411,202609,BILL-120411,ENTR-VAS-POST-0411,120411,3,36,5G-STD-01,5G 스탠다드,A,20230801,12100,0,87100,2026-09-15T23:00:00,synthetic-seeder,M
120412,202609,BILL-120412,ENTR-VAS-POST-0412,120412,3,37,5G-STD-01,5G 스탠다드,A,20230801,12100,0,87100,2026-09-15T23:00:00,synthetic-seeder,F
120413,202609,BILL-120413,ENTR-VAS-POST-0413,120413,3,38,5G-STD-01,5G 스탠다드,A,20230801,12100,0,87100,2026-09-15T23:00:00,synthetic-seeder,M
120414,202609,BILL-120414,ENTR-VAS-POST-0414,120414,3,39,5G-STD-01,5G 스탠다드,A,20230801,12100,0,87100,2026-09-15T23:00:00,synthetic-seeder,F
120415,202609,BILL-120415,ENTR-VAS-POST-0415,120415,4,40,5G-STD-01,5G 스탠다드,A,20230801,12100,0,87100,2026-09-15T23:00:00,synthetic-seeder,M
120416,202609,BILL-120416,ENTR-VAS-POST-0416,120416,4,41,5G-STD-01,5G 스탠다드,A,20230801,12100,0,87100,2026-09-15T23:00:00,synthetic-seeder,F
120417,202609,BILL-120417,ENTR-VAS-POST-0417,120417,4,42,5G-STD-01,5G 스탠다드,A,20230801,12100,0,87100,2026-09-15T23:00:00,synthetic-seeder,M
120418,202609,BILL-120418,ENTR-VAS-POST-0418,120418,4,43,5G-STD-01,5G 스탠다드,A,20230801,12100,0,87100,2026-09-15T23:00:00,synthetic-seeder,F
120419,202609,BILL-120419,ENTR-VAS-POST-0419,120419,4,44,5G-STD-01,5G 스탠다드,A,20230801,12100,0,87100,2026-09-15T23:00:00,synthetic-seeder,M
120420,202609,BILL-120420,ENTR-VAS-POST-0420,120420,4,45,5G-STD-01,5G 스탠다드,A,20230801,12100,0,87100,2026-09-15T23:00:00,synthetic-seeder,F
120421,202609,BILL-120421,ENTR-VAS-POST-0421,120421,4,46,5G-STD-01,5G 스탠다드,A,20230801,12100,0,87100,2026-09-15T23:00:00,synthetic-seeder,M
120422,202609,BILL-120422,ENTR-VAS-POST-0422,120422,4,47,5G-STD-01,5G 스탠다드,A,20230801,12100,0,87100,2026-09-15T23:00:00,synthetic-seeder,F
120423,202609,BILL-120423,ENTR-VAS-POST-0423,120423,4,48,5G-STD-01,5G 스탠다드,A,20230801,12100,0,87100,2026-09-15T23:00:00,synthetic-seeder,M
120424,202609,BILL-120424,ENTR-VAS-POST-0424,120424,4,49,5G-STD-01,5G 스탠다드,A,20230801,12100,0,87100,2026-09-15T23:00:00,synthetic-seeder,F
120425,202609,BILL-120425,ENTR-VAS-POST-0425,120425,5,50,5G-STD-01,5G 스탠다드,A,20230801,12100,0,87100,2026-09-15T23:00:00,synthetic-seeder,M
120426,202609,BILL-120426,ENTR-VAS-POST-0426,120426,5,51,5G-STD-01,5G 스탠다드,A,20230801,12100,0,87100,2026-09-15T23:00:00,synthetic-seeder,F
120427,202609,BILL-120427,ENTR-VAS-POST-0427,120427,5,52,5G-STD-01,5G 스탠다드,A,20230801,12100,0,87100,2026-09-15T23:00:00,synthetic-seeder,M
120428,202609,BILL-120428,ENTR-VAS-POST-0428,120428,5,53,5G-STD-01,5G 스탠다드,A,20230801,12100,0,87100,2026-09-15T23:00:00,synthetic-seeder,F
120429,202609,BILL-120429,ENTR-VAS-POST-0429,120429,5,54,5G-STD-01,5G 스탠다드,A,20230801,12100,0,87100,2026-09-15T23:00:00,synthetic-seeder,M
120430,202609,BILL-120430,ENTR-VAS-POST-0430,120430,5,55,5G-STD-01,5G 스탠다드,A,20230801,12100,0,87100,2026-09-15T23:00:00,synthetic-seeder,F
120431,202609,BILL-120431,ENTR-VAS-POST-0431,120431,5,56,5G-STD-01,5G 스탠다드,A,20230801,12100,0,87100,2026-09-15T23:00:00,synthetic-seeder,M
120432,202609,BILL-120432,ENTR-VAS-POST-0432,120432,5,57,5G-STD-01,5G 스탠다드,A,20230801,12100,0,87100,2026-09-15T23:00:00,synthetic-seeder,F
120433,202609,BILL-120433,ENTR-VAS-POST-0433,120433,5,58,5G-STD-01,5G 스탠다드,A,20230801,12100,0,87100,2026-09-15T23:00:00,synthetic-seeder,M
120434,202609,BILL-120434,ENTR-VAS-POST-0434,120434,5,59,5G-STD-01,5G 스탠다드,A,20230801,12100,0,87100,2026-09-15T23:00:00,synthetic-seeder,F
120435,202609,BILL-120435,ENTR-VAS-POST-0435,120435,6,60,5G-STD-01,5G 스탠다드,A,20230801,12100,0,87100,2026-09-15T23:00:00,synthetic-seeder,M
120436,202609,BILL-120436,ENTR-VAS-POST-0436,120436,2,25,5G-STD-01,5G 스탠다드,A,20230801,12100,0,87100,2026-09-15T23:00:00,synthetic-seeder,F
120437,202609,BILL-120437,ENTR-VAS-POST-0437,120437,2,26,5G-STD-01,5G 스탠다드,A,20230801,12100,0,87100,2026-09-15T23:00:00,synthetic-seeder,M
120438,202609,BILL-120438,ENTR-VAS-POST-0438,120438,2,27,5G-STD-01,5G 스탠다드,A,20230801,12100,0,87100,2026-09-15T23:00:00,synthetic-seeder,F
120439,202609,BILL-120439,ENTR-VAS-POST-0439,120439,2,28,5G-STD-01,5G 스탠다드,A,20230801,12100,0,87100,2026-09-15T23:00:00,synthetic-seeder,M
120440,202609,BILL-120440,ENTR-VAS-POST-0440,120440,2,29,5G-STD-01,5G 스탠다드,A,20230801,12100,0,87100,2026-09-15T23:00:00,synthetic-seeder,F
120441,202609,BILL-120441,ENTR-VAS-POST-0441,120441,3,30,5G-STD-01,5G 스탠다드,A,20230801,12100,0,87100,2026-09-15T23:00:00,synthetic-seeder,M
120442,202609,BILL-120442,ENTR-VAS-POST-0442,120442,3,31,5G-STD-01,5G 스탠다드,A,20230801,12100,0,87100,2026-09-15T23:00:00,synthetic-seeder,F
120443,202609,BILL-120443,ENTR-VAS-POST-0443,120443,3,32,5G-STD-01,5G 스탠다드,A,20230801,12100,0,87100,2026-09-15T23:00:00,synthetic-seeder,M
120444,202609,BILL-120444,ENTR-VAS-POST-0444,120444,3,33,5G-STD-01,5G 스탠다드,A,20230801,12100,0,87100,2026-09-15T23:00:00,synthetic-seeder,F
120445,202609,BILL-120445,ENTR-VAS-POST-0445,120445,3,34,5G-STD-01,5G 스탠다드,A,20230801,12100,0,87100,2026-09-15T23:00:00,synthetic-seeder,M
120446,202609,BILL-120446,ENTR-VAS-POST-0446,120446,3,35,5G-STD-01,5G 스탠다드,A,20230801,12100,0,87100,2026-09-15T23:00:00,synthetic-seeder,F
120447,202609,BILL-120447,ENTR-VAS-POST-0447,120447,3,36,5G-STD-01,5G 스탠다드,A,20230801,12100,0,87100,2026-09-15T23:00:00,synthetic-seeder,M
120448,202609,BILL-120448,ENTR-VAS-POST-0448,120448,3,37,5G-STD-01,5G 스탠다드,A,20230801,12100,0,87100,2026-09-15T23:00:00,synthetic-seeder,F
120449,202609,BILL-120449,ENTR-VAS-POST-0449,120449,3,38,5G-STD-01,5G 스탠다드,A,20230801,12100,0,87100,2026-09-15T23:00:00,synthetic-seeder,M
120450,202609,BILL-120450,ENTR-VAS-POST-0450,120450,3,39,5G-STD-01,5G 스탠다드,A,20230801,12100,0,87100,2026-09-15T23:00:00,synthetic-seeder,F
120501,202609,BILL-120501,ENTR-VAS-POST-0501,120501,2,26,5G-STD-01,5G 스탠다드,A,20230801,12100,0,87100,2026-09-16T23:00:00,synthetic-seeder,M
120502,202609,BILL-120502,ENTR-VAS-POST-0502,120502,2,27,5G-STD-01,5G 스탠다드,A,20230801,12100,0,87100,2026-09-16T23:00:00,synthetic-seeder,F
120503,202609,BILL-120503,ENTR-VAS-POST-0503,120503,2,28,5G-STD-01,5G 스탠다드,A,20230801,12100,0,87100,2026-09-16T23:00:00,synthetic-seeder,M
120504,202609,BILL-120504,ENTR-VAS-POST-0504,120504,2,29,5G-STD-01,5G 스탠다드,A,20230801,12100,0,87100,2026-09-16T23:00:00,synthetic-seeder,F
120505,202609,BILL-120505,ENTR-VAS-POST-0505,120505,3,30,5G-STD-01,5G 스탠다드,A,20230801,12100,0,87100,2026-09-16T23:00:00,synthetic-seeder,M
120506,202609,BILL-120506,ENTR-VAS-POST-0506,120506,3,31,5G-STD-01,5G 스탠다드,A,20230801,12100,0,87100,2026-09-16T23:00:00,synthetic-seeder,F
120507,202609,BILL-120507,ENTR-VAS-POST-0507,120507,3,32,5G-STD-01,5G 스탠다드,A,20230801,12100,0,87100,2026-09-16T23:00:00,synthetic-seeder,M
120508,202609,BILL-120508,ENTR-VAS-POST-0508,120508,3,33,5G-STD-01,5G 스탠다드,A,20230801,12100,0,87100,2026-09-16T23:00:00,synthetic-seeder,F
120509,202609,BILL-120509,ENTR-VAS-POST-0509,120509,3,34,5G-STD-01,5G 스탠다드,A,20230801,12100,0,87100,2026-09-16T23:00:00,synthetic-seeder,M
120510,202609,BILL-120510,ENTR-VAS-POST-0510,120510,3,35,5G-STD-01,5G 스탠다드,A,20230801,12100,0,87100,2026-09-16T23:00:00,synthetic-seeder,F
120511,202609,BILL-120511,ENTR-VAS-POST-0511,120511,3,36,5G-STD-01,5G 스탠다드,A,20230801,12100,0,87100,2026-09-16T23:00:00,synthetic-seeder,M
120512,202609,BILL-120512,ENTR-VAS-POST-0512,120512,3,37,5G-STD-01,5G 스탠다드,A,20230801,12100,0,87100,2026-09-16T23:00:00,synthetic-seeder,F
120513,202609,BILL-120513,ENTR-VAS-POST-0513,120513,3,38,5G-STD-01,5G 스탠다드,A,20230801,12100,0,87100,2026-09-16T23:00:00,synthetic-seeder,M
120514,202609,BILL-120514,ENTR-VAS-POST-0514,120514,3,39,5G-STD-01,5G 스탠다드,A,20230801,12100,0,87100,2026-09-16T23:00:00,synthetic-seeder,F
120515,202609,BILL-120515,ENTR-VAS-POST-0515,120515,4,40,5G-STD-01,5G 스탠다드,A,20230801,12100,0,87100,2026-09-16T23:00:00,synthetic-seeder,M
120516,202609,BILL-120516,ENTR-VAS-POST-0516,120516,4,41,5G-STD-01,5G 스탠다드,A,20230801,12100,0,87100,2026-09-16T23:00:00,synthetic-seeder,F
120517,202609,BILL-120517,ENTR-VAS-POST-0517,120517,4,42,5G-STD-01,5G 스탠다드,A,20230801,12100,0,87100,2026-09-16T23:00:00,synthetic-seeder,M
120518,202609,BILL-120518,ENTR-VAS-POST-0518,120518,4,43,5G-STD-01,5G 스탠다드,A,20230801,12100,0,87100,2026-09-16T23:00:00,synthetic-seeder,F
120519,202609,BILL-120519,ENTR-VAS-POST-0519,120519,4,44,5G-STD-01,5G 스탠다드,A,20230801,12100,0,87100,2026-09-16T23:00:00,synthetic-seeder,M
120520,202609,BILL-120520,ENTR-VAS-POST-0520,120520,4,45,5G-STD-01,5G 스탠다드,A,20230801,12100,0,87100,2026-09-16T23:00:00,synthetic-seeder,F
120521,202609,BILL-120521,ENTR-VAS-POST-0521,120521,4,46,5G-STD-01,5G 스탠다드,A,20230801,12100,0,87100,2026-09-16T23:00:00,synthetic-seeder,M
120522,202609,BILL-120522,ENTR-VAS-POST-0522,120522,4,47,5G-STD-01,5G 스탠다드,A,20230801,12100,0,87100,2026-09-16T23:00:00,synthetic-seeder,F
120523,202609,BILL-120523,ENTR-VAS-POST-0523,120523,4,48,5G-STD-01,5G 스탠다드,A,20230801,12100,0,87100,2026-09-16T23:00:00,synthetic-seeder,M
120524,202609,BILL-120524,ENTR-VAS-POST-0524,120524,4,49,5G-STD-01,5G 스탠다드,A,20230801,12100,0,87100,2026-09-16T23:00:00,synthetic-seeder,F
120525,202609,BILL-120525,ENTR-VAS-POST-0525,120525,5,50,5G-STD-01,5G 스탠다드,A,20230801,12100,0,87100,2026-09-16T23:00:00,synthetic-seeder,M
120526,202609,BILL-120526,ENTR-VAS-POST-0526,120526,5,51,5G-STD-01,5G 스탠다드,A,20230801,12100,0,87100,2026-09-16T23:00:00,synthetic-seeder,F
120527,202609,BILL-120527,ENTR-VAS-POST-0527,120527,5,52,5G-STD-01,5G 스탠다드,A,20230801,12100,0,87100,2026-09-16T23:00:00,synthetic-seeder,M
120528,202609,BILL-120528,ENTR-VAS-POST-0528,120528,5,53,5G-STD-01,5G 스탠다드,A,20230801,12100,0,87100,2026-09-16T23:00:00,synthetic-seeder,F
120529,202609,BILL-120529,ENTR-VAS-POST-0529,120529,5,54,5G-STD-01,5G 스탠다드,A,20230801,12100,0,87100,2026-09-16T23:00:00,synthetic-seeder,M
120530,202609,BILL-120530,ENTR-VAS-POST-0530,120530,5,55,5G-STD-01,5G 스탠다드,A,20230801,12100,0,87100,2026-09-16T23:00:00,synthetic-seeder,F
120531,202609,BILL-120531,ENTR-VAS-POST-0531,120531,5,56,5G-STD-01,5G 스탠다드,A,20230801,12100,0,87100,2026-09-16T23:00:00,synthetic-seeder,M
120532,202609,BILL-120532,ENTR-VAS-POST-0532,120532,5,57,5G-STD-01,5G 스탠다드,A,20230801,12100,0,87100,2026-09-16T23:00:00,synthetic-seeder,F
120533,202609,BILL-120533,ENTR-VAS-POST-0533,120533,5,58,5G-STD-01,5G 스탠다드,A,20230801,12100,0,87100,2026-09-16T23:00:00,synthetic-seeder,M
120534,202609,BILL-120534,ENTR-VAS-POST-0534,120534,5,59,5G-STD-01,5G 스탠다드,A,20230801,12100,0,87100,2026-09-16T23:00:00,synthetic-seeder,F
120535,202609,BILL-120535,ENTR-VAS-POST-0535,120535,6,60,5G-STD-01,5G 스탠다드,A,20230801,12100,0,87100,2026-09-16T23:00:00,synthetic-seeder,M
120536,202609,BILL-120536,ENTR-VAS-POST-0536,120536,2,25,5G-STD-01,5G 스탠다드,A,20230801,12100,0,87100,2026-09-16T23:00:00,synthetic-seeder,F
120537,202609,BILL-120537,ENTR-VAS-POST-0537,120537,2,26,5G-STD-01,5G 스탠다드,A,20230801,12100,0,87100,2026-09-16T23:00:00,synthetic-seeder,M
120538,202609,BILL-120538,ENTR-VAS-POST-0538,120538,2,27,5G-STD-01,5G 스탠다드,A,20230801,12100,0,87100,2026-09-16T23:00:00,synthetic-seeder,F
120539,202609,BILL-120539,ENTR-VAS-POST-0539,120539,2,28,5G-STD-01,5G 스탠다드,A,20230801,12100,0,87100,2026-09-16T23:00:00,synthetic-seeder,M
120540,202609,BILL-120540,ENTR-VAS-POST-0540,120540,2,29,5G-STD-01,5G 스탠다드,A,20230801,12100,0,87100,2026-09-16T23:00:00,synthetic-seeder,F
120541,202609,BILL-120541,ENTR-VAS-POST-0541,120541,3,30,5G-STD-01,5G 스탠다드,A,20230801,12100,0,87100,2026-09-16T23:00:00,synthetic-seeder,M
120542,202609,BILL-120542,ENTR-VAS-POST-0542,120542,3,31,5G-STD-01,5G 스탠다드,A,20230801,12100,0,87100,2026-09-16T23:00:00,synthetic-seeder,F
120543,202609,BILL-120543,ENTR-VAS-POST-0543,120543,3,32,5G-STD-01,5G 스탠다드,A,20230801,12100,0,87100,2026-09-16T23:00:00,synthetic-seeder,M
120544,202609,BILL-120544,ENTR-VAS-POST-0544,120544,3,33,5G-STD-01,5G 스탠다드,A,20230801,12100,0,87100,2026-09-16T23:00:00,synthetic-seeder,F
120545,202609,BILL-120545,ENTR-VAS-POST-0545,120545,3,34,5G-STD-01,5G 스탠다드,A,20230801,12100,0,87100,2026-09-16T23:00:00,synthetic-seeder,M
120546,202609,BILL-120546,ENTR-VAS-POST-0546,120546,3,35,5G-STD-01,5G 스탠다드,A,20230801,12100,0,87100,2026-09-16T23:00:00,synthetic-seeder,F
120547,202609,BILL-120547,ENTR-VAS-POST-0547,120547,3,36,5G-STD-01,5G 스탠다드,A,20230801,12100,0,87100,2026-09-16T23:00:00,synthetic-seeder,M
120548,202609,BILL-120548,ENTR-VAS-POST-0548,120548,3,37,5G-STD-01,5G 스탠다드,A,20230801,12100,0,87100,2026-09-16T23:00:00,synthetic-seeder,F
120549,202609,BILL-120549,ENTR-VAS-POST-0549,120549,3,38,5G-STD-01,5G 스탠다드,A,20230801,12100,0,87100,2026-09-16T23:00:00,synthetic-seeder,M
120550,202609,BILL-120550,ENTR-VAS-POST-0550,120550,3,39,5G-STD-01,5G 스탠다드,A,20230801,12100,0,87100,2026-09-16T23:00:00,synthetic-seeder,F
120601,202609,BILL-120601,ENTR-VAS-POST-0601,120601,2,26,5G-STD-01,5G 스탠다드,A,20230801,12100,0,87100,2026-09-17T23:00:00,synthetic-seeder,M
120602,202609,BILL-120602,ENTR-VAS-POST-0602,120602,2,27,5G-STD-01,5G 스탠다드,A,20230801,12100,0,87100,2026-09-17T23:00:00,synthetic-seeder,F
120603,202609,BILL-120603,ENTR-VAS-POST-0603,120603,2,28,5G-STD-01,5G 스탠다드,A,20230801,12100,0,87100,2026-09-17T23:00:00,synthetic-seeder,M
120604,202609,BILL-120604,ENTR-VAS-POST-0604,120604,2,29,5G-STD-01,5G 스탠다드,A,20230801,12100,0,87100,2026-09-17T23:00:00,synthetic-seeder,F
120605,202609,BILL-120605,ENTR-VAS-POST-0605,120605,3,30,5G-STD-01,5G 스탠다드,A,20230801,12100,0,87100,2026-09-17T23:00:00,synthetic-seeder,M
120606,202609,BILL-120606,ENTR-VAS-POST-0606,120606,3,31,5G-STD-01,5G 스탠다드,A,20230801,12100,0,87100,2026-09-17T23:00:00,synthetic-seeder,F
120607,202609,BILL-120607,ENTR-VAS-POST-0607,120607,3,32,5G-STD-01,5G 스탠다드,A,20230801,12100,0,87100,2026-09-17T23:00:00,synthetic-seeder,M
120608,202609,BILL-120608,ENTR-VAS-POST-0608,120608,3,33,5G-STD-01,5G 스탠다드,A,20230801,12100,0,87100,2026-09-17T23:00:00,synthetic-seeder,F
120609,202609,BILL-120609,ENTR-VAS-POST-0609,120609,3,34,5G-STD-01,5G 스탠다드,A,20230801,12100,0,87100,2026-09-17T23:00:00,synthetic-seeder,M
120610,202609,BILL-120610,ENTR-VAS-POST-0610,120610,3,35,5G-STD-01,5G 스탠다드,A,20230801,12100,0,87100,2026-09-17T23:00:00,synthetic-seeder,F
120611,202609,BILL-120611,ENTR-VAS-POST-0611,120611,3,36,5G-STD-01,5G 스탠다드,A,20230801,12100,0,87100,2026-09-17T23:00:00,synthetic-seeder,M
120612,202609,BILL-120612,ENTR-VAS-POST-0612,120612,3,37,5G-STD-01,5G 스탠다드,A,20230801,12100,0,87100,2026-09-17T23:00:00,synthetic-seeder,F
120613,202609,BILL-120613,ENTR-VAS-POST-0613,120613,3,38,5G-STD-01,5G 스탠다드,A,20230801,12100,0,87100,2026-09-17T23:00:00,synthetic-seeder,M
120614,202609,BILL-120614,ENTR-VAS-POST-0614,120614,3,39,5G-STD-01,5G 스탠다드,A,20230801,12100,0,87100,2026-09-17T23:00:00,synthetic-seeder,F
120615,202609,BILL-120615,ENTR-VAS-POST-0615,120615,4,40,5G-STD-01,5G 스탠다드,A,20230801,12100,0,87100,2026-09-17T23:00:00,synthetic-seeder,M
120616,202609,BILL-120616,ENTR-VAS-POST-0616,120616,4,41,5G-STD-01,5G 스탠다드,A,20230801,12100,0,87100,2026-09-17T23:00:00,synthetic-seeder,F
120617,202609,BILL-120617,ENTR-VAS-POST-0617,120617,4,42,5G-STD-01,5G 스탠다드,A,20230801,12100,0,87100,2026-09-17T23:00:00,synthetic-seeder,M
120618,202609,BILL-120618,ENTR-VAS-POST-0618,120618,4,43,5G-STD-01,5G 스탠다드,A,20230801,12100,0,87100,2026-09-17T23:00:00,synthetic-seeder,F
120619,202609,BILL-120619,ENTR-VAS-POST-0619,120619,4,44,5G-STD-01,5G 스탠다드,A,20230801,12100,0,87100,2026-09-17T23:00:00,synthetic-seeder,M
120620,202609,BILL-120620,ENTR-VAS-POST-0620,120620,4,45,5G-STD-01,5G 스탠다드,A,20230801,12100,0,87100,2026-09-17T23:00:00,synthetic-seeder,F
120621,202609,BILL-120621,ENTR-VAS-POST-0621,120621,4,46,5G-STD-01,5G 스탠다드,A,20230801,12100,0,87100,2026-09-17T23:00:00,synthetic-seeder,M
120622,202609,BILL-120622,ENTR-VAS-POST-0622,120622,4,47,5G-STD-01,5G 스탠다드,A,20230801,12100,0,87100,2026-09-17T23:00:00,synthetic-seeder,F
120623,202609,BILL-120623,ENTR-VAS-POST-0623,120623,4,48,5G-STD-01,5G 스탠다드,A,20230801,12100,0,87100,2026-09-17T23:00:00,synthetic-seeder,M
120624,202609,BILL-120624,ENTR-VAS-POST-0624,120624,4,49,5G-STD-01,5G 스탠다드,A,20230801,12100,0,87100,2026-09-17T23:00:00,synthetic-seeder,F
120625,202609,BILL-120625,ENTR-VAS-POST-0625,120625,5,50,5G-STD-01,5G 스탠다드,A,20230801,12100,0,87100,2026-09-17T23:00:00,synthetic-seeder,M
120626,202609,BILL-120626,ENTR-VAS-POST-0626,120626,5,51,5G-STD-01,5G 스탠다드,A,20230801,12100,0,87100,2026-09-17T23:00:00,synthetic-seeder,F
120627,202609,BILL-120627,ENTR-VAS-POST-0627,120627,5,52,5G-STD-01,5G 스탠다드,A,20230801,12100,0,87100,2026-09-17T23:00:00,synthetic-seeder,M
120628,202609,BILL-120628,ENTR-VAS-POST-0628,120628,5,53,5G-STD-01,5G 스탠다드,A,20230801,12100,0,87100,2026-09-17T23:00:00,synthetic-seeder,F
120629,202609,BILL-120629,ENTR-VAS-POST-0629,120629,5,54,5G-STD-01,5G 스탠다드,A,20230801,12100,0,87100,2026-09-17T23:00:00,synthetic-seeder,M
120630,202609,BILL-120630,ENTR-VAS-POST-0630,120630,5,55,5G-STD-01,5G 스탠다드,A,20230801,12100,0,87100,2026-09-17T23:00:00,synthetic-seeder,F
120631,202609,BILL-120631,ENTR-VAS-POST-0631,120631,5,56,5G-STD-01,5G 스탠다드,A,20230801,12100,0,87100,2026-09-17T23:00:00,synthetic-seeder,M
120632,202609,BILL-120632,ENTR-VAS-POST-0632,120632,5,57,5G-STD-01,5G 스탠다드,A,20230801,12100,0,87100,2026-09-17T23:00:00,synthetic-seeder,F
120633,202609,BILL-120633,ENTR-VAS-POST-0633,120633,5,58,5G-STD-01,5G 스탠다드,A,20230801,12100,0,87100,2026-09-17T23:00:00,synthetic-seeder,M
120634,202609,BILL-120634,ENTR-VAS-POST-0634,120634,5,59,5G-STD-01,5G 스탠다드,A,20230801,12100,0,87100,2026-09-17T23:00:00,synthetic-seeder,F
120635,202609,BILL-120635,ENTR-VAS-POST-0635,120635,6,60,5G-STD-01,5G 스탠다드,A,20230801,12100,0,87100,2026-09-17T23:00:00,synthetic-seeder,M
120636,202609,BILL-120636,ENTR-VAS-POST-0636,120636,2,25,5G-STD-01,5G 스탠다드,A,20230801,12100,0,87100,2026-09-17T23:00:00,synthetic-seeder,F
120637,202609,BILL-120637,ENTR-VAS-POST-0637,120637,2,26,5G-STD-01,5G 스탠다드,A,20230801,12100,0,87100,2026-09-17T23:00:00,synthetic-seeder,M
120638,202609,BILL-120638,ENTR-VAS-POST-0638,120638,2,27,5G-STD-01,5G 스탠다드,A,20230801,12100,0,87100,2026-09-17T23:00:00,synthetic-seeder,F
120639,202609,BILL-120639,ENTR-VAS-POST-0639,120639,2,28,5G-STD-01,5G 스탠다드,A,20230801,12100,0,87100,2026-09-17T23:00:00,synthetic-seeder,M
120640,202609,BILL-120640,ENTR-VAS-POST-0640,120640,2,29,5G-STD-01,5G 스탠다드,A,20230801,12100,0,87100,2026-09-17T23:00:00,synthetic-seeder,F
120641,202609,BILL-120641,ENTR-VAS-POST-0641,120641,3,30,5G-STD-01,5G 스탠다드,A,20230801,12100,0,87100,2026-09-17T23:00:00,synthetic-seeder,M
120642,202609,BILL-120642,ENTR-VAS-POST-0642,120642,3,31,5G-STD-01,5G 스탠다드,A,20230801,12100,0,87100,2026-09-17T23:00:00,synthetic-seeder,F
120643,202609,BILL-120643,ENTR-VAS-POST-0643,120643,3,32,5G-STD-01,5G 스탠다드,A,20230801,12100,0,87100,2026-09-17T23:00:00,synthetic-seeder,M
120644,202609,BILL-120644,ENTR-VAS-POST-0644,120644,3,33,5G-STD-01,5G 스탠다드,A,20230801,12100,0,87100,2026-09-17T23:00:00,synthetic-seeder,F
120645,202609,BILL-120645,ENTR-VAS-POST-0645,120645,3,34,5G-STD-01,5G 스탠다드,A,20230801,12100,0,87100,2026-09-17T23:00:00,synthetic-seeder,M
120646,202609,BILL-120646,ENTR-VAS-POST-0646,120646,3,35,5G-STD-01,5G 스탠다드,A,20230801,12100,0,87100,2026-09-17T23:00:00,synthetic-seeder,F
120647,202609,BILL-120647,ENTR-VAS-POST-0647,120647,3,36,5G-STD-01,5G 스탠다드,A,20230801,12100,0,87100,2026-09-17T23:00:00,synthetic-seeder,M
120648,202609,BILL-120648,ENTR-VAS-POST-0648,120648,3,37,5G-STD-01,5G 스탠다드,A,20230801,12100,0,87100,2026-09-17T23:00:00,synthetic-seeder,F
120649,202609,BILL-120649,ENTR-VAS-POST-0649,120649,3,38,5G-STD-01,5G 스탠다드,A,20230801,12100,0,87100,2026-09-17T23:00:00,synthetic-seeder,M
120650,202609,BILL-120650,ENTR-VAS-POST-0650,120650,3,39,5G-STD-01,5G 스탠다드,A,20230801,12100,0,87100,2026-09-17T23:00:00,synthetic-seeder,F
220001,202609,BILL-220001,ENTR-PAYMENT-POST-0001,220001,2,23,5G-STD-01,5G 스탠다드,A,20230801,0,15000,90000,2026-09-11T23:00:00,synthetic-seeder,M
220002,202609,BILL-220002,ENTR-PAYMENT-POST-0002,220002,2,24,5G-STD-01,5G 스탠다드,A,20230801,0,20000,95000,2026-09-11T23:00:00,synthetic-seeder,F
220003,202609,BILL-220003,ENTR-PAYMENT-POST-0003,220003,2,25,5G-STD-01,5G 스탠다드,A,20230801,3300,25000,103300,2026-09-11T23:00:00,synthetic-seeder,M
220004,202609,BILL-220004,ENTR-PAYMENT-POST-0004,220004,2,26,5G-STD-01,5G 스탠다드,A,20230801,0,30000,105000,2026-09-11T23:00:00,synthetic-seeder,F
220005,202609,BILL-220005,ENTR-PAYMENT-POST-0005,220005,2,27,5G-STD-01,5G 스탠다드,A,20230801,0,35000,110000,2026-09-11T23:00:00,synthetic-seeder,M
220006,202609,BILL-220006,ENTR-PAYMENT-POST-0006,220006,2,28,5G-STD-01,5G 스탠다드,A,20230801,3300,10000,88300,2026-09-11T23:00:00,synthetic-seeder,F
220007,202609,BILL-220007,ENTR-PAYMENT-POST-0007,220007,2,29,5G-STD-01,5G 스탠다드,A,20230801,0,15000,90000,2026-09-11T23:00:00,synthetic-seeder,M
220008,202609,BILL-220008,ENTR-PAYMENT-POST-0008,220008,3,30,5G-STD-01,5G 스탠다드,A,20230801,0,20000,95000,2026-09-11T23:00:00,synthetic-seeder,F
220009,202609,BILL-220009,ENTR-PAYMENT-POST-0009,220009,3,31,5G-STD-01,5G 스탠다드,A,20230801,3300,25000,103300,2026-09-11T23:00:00,synthetic-seeder,M
220010,202609,BILL-220010,ENTR-PAYMENT-POST-0010,220010,3,32,5G-STD-01,5G 스탠다드,A,20230801,0,30000,105000,2026-09-11T23:00:00,synthetic-seeder,F
220011,202609,BILL-220011,ENTR-PAYMENT-POST-0011,220011,3,33,5G-STD-01,5G 스탠다드,A,20230801,0,35000,110000,2026-09-11T23:00:00,synthetic-seeder,M
220012,202609,BILL-220012,ENTR-PAYMENT-POST-0012,220012,3,34,5G-STD-01,5G 스탠다드,A,20230801,3300,10000,88300,2026-09-11T23:00:00,synthetic-seeder,F
220013,202609,BILL-220013,ENTR-PAYMENT-POST-0013,220013,3,35,5G-STD-01,5G 스탠다드,A,20230801,0,15000,90000,2026-09-11T23:00:00,synthetic-seeder,M
220014,202609,BILL-220014,ENTR-PAYMENT-POST-0014,220014,3,36,5G-STD-01,5G 스탠다드,A,20230801,0,20000,95000,2026-09-11T23:00:00,synthetic-seeder,F
220015,202609,BILL-220015,ENTR-PAYMENT-POST-0015,220015,3,37,5G-STD-01,5G 스탠다드,A,20230801,3300,25000,103300,2026-09-11T23:00:00,synthetic-seeder,M
220016,202609,BILL-220016,ENTR-PAYMENT-POST-0016,220016,3,38,5G-STD-01,5G 스탠다드,A,20230801,0,30000,105000,2026-09-11T23:00:00,synthetic-seeder,F
220017,202609,BILL-220017,ENTR-PAYMENT-POST-0017,220017,3,39,5G-STD-01,5G 스탠다드,A,20230801,0,35000,110000,2026-09-11T23:00:00,synthetic-seeder,M
220018,202609,BILL-220018,ENTR-PAYMENT-POST-0018,220018,4,40,5G-STD-01,5G 스탠다드,A,20230801,3300,10000,88300,2026-09-11T23:00:00,synthetic-seeder,F
220019,202609,BILL-220019,ENTR-PAYMENT-POST-0019,220019,4,41,5G-STD-01,5G 스탠다드,A,20230801,0,15000,90000,2026-09-11T23:00:00,synthetic-seeder,M
220020,202609,BILL-220020,ENTR-PAYMENT-POST-0020,220020,4,42,5G-STD-01,5G 스탠다드,A,20230801,0,20000,95000,2026-09-11T23:00:00,synthetic-seeder,F
220021,202609,BILL-220021,ENTR-PAYMENT-POST-0021,220021,4,43,5G-STD-01,5G 스탠다드,A,20230801,3300,25000,103300,2026-09-11T23:00:00,synthetic-seeder,M
220022,202609,BILL-220022,ENTR-PAYMENT-POST-0022,220022,4,44,5G-STD-01,5G 스탠다드,A,20230801,0,30000,105000,2026-09-11T23:00:00,synthetic-seeder,F
220023,202609,BILL-220023,ENTR-PAYMENT-POST-0023,220023,4,45,5G-STD-01,5G 스탠다드,A,20230801,0,35000,110000,2026-09-11T23:00:00,synthetic-seeder,M
220024,202609,BILL-220024,ENTR-PAYMENT-POST-0024,220024,4,46,5G-STD-01,5G 스탠다드,A,20230801,3300,10000,88300,2026-09-11T23:00:00,synthetic-seeder,F
220025,202609,BILL-220025,ENTR-PAYMENT-POST-0025,220025,4,47,5G-STD-01,5G 스탠다드,A,20230801,0,15000,90000,2026-09-11T23:00:00,synthetic-seeder,M
220026,202609,BILL-220026,ENTR-PAYMENT-POST-0026,220026,4,48,5G-STD-01,5G 스탠다드,A,20230801,0,20000,95000,2026-09-11T23:00:00,synthetic-seeder,F
220027,202609,BILL-220027,ENTR-PAYMENT-POST-0027,220027,4,49,5G-STD-01,5G 스탠다드,A,20230801,3300,25000,103300,2026-09-11T23:00:00,synthetic-seeder,M
220028,202609,BILL-220028,ENTR-PAYMENT-POST-0028,220028,5,50,5G-STD-01,5G 스탠다드,A,20230801,0,30000,105000,2026-09-11T23:00:00,synthetic-seeder,F
220029,202609,BILL-220029,ENTR-PAYMENT-POST-0029,220029,5,51,5G-STD-01,5G 스탠다드,A,20230801,0,35000,110000,2026-09-11T23:00:00,synthetic-seeder,M
220030,202609,BILL-220030,ENTR-PAYMENT-POST-0030,220030,5,52,5G-STD-01,5G 스탠다드,A,20230801,3300,10000,88300,2026-09-11T23:00:00,synthetic-seeder,F
220031,202609,BILL-220031,ENTR-PAYMENT-POST-0031,220031,5,53,5G-STD-01,5G 스탠다드,A,20230801,0,15000,90000,2026-09-11T23:00:00,synthetic-seeder,M
220032,202609,BILL-220032,ENTR-PAYMENT-POST-0032,220032,5,54,5G-STD-01,5G 스탠다드,A,20230801,0,20000,95000,2026-09-11T23:00:00,synthetic-seeder,F
220033,202609,BILL-220033,ENTR-PAYMENT-POST-0033,220033,5,55,5G-STD-01,5G 스탠다드,A,20230801,3300,25000,103300,2026-09-11T23:00:00,synthetic-seeder,M
220034,202609,BILL-220034,ENTR-PAYMENT-POST-0034,220034,5,56,5G-STD-01,5G 스탠다드,A,20230801,0,30000,105000,2026-09-11T23:00:00,synthetic-seeder,F
220035,202609,BILL-220035,ENTR-PAYMENT-POST-0035,220035,5,57,5G-STD-01,5G 스탠다드,A,20230801,0,35000,110000,2026-09-11T23:00:00,synthetic-seeder,M
220036,202609,BILL-220036,ENTR-PAYMENT-POST-0036,220036,5,58,5G-STD-01,5G 스탠다드,A,20230801,3300,10000,88300,2026-09-11T23:00:00,synthetic-seeder,F
220037,202609,BILL-220037,ENTR-PAYMENT-POST-0037,220037,5,59,5G-STD-01,5G 스탠다드,A,20230801,0,15000,90000,2026-09-11T23:00:00,synthetic-seeder,M
220038,202609,BILL-220038,ENTR-PAYMENT-POST-0038,220038,6,60,5G-STD-01,5G 스탠다드,A,20230801,0,20000,95000,2026-09-11T23:00:00,synthetic-seeder,F
220039,202609,BILL-220039,ENTR-PAYMENT-POST-0039,220039,6,61,5G-STD-01,5G 스탠다드,A,20230801,3300,25000,103300,2026-09-11T23:00:00,synthetic-seeder,M
220040,202609,BILL-220040,ENTR-PAYMENT-POST-0040,220040,2,22,5G-STD-01,5G 스탠다드,A,20230801,0,30000,105000,2026-09-11T23:00:00,synthetic-seeder,F
220101,202609,BILL-220101,ENTR-PAYMENT-POST-0101,220101,2,23,5G-STD-01,5G 스탠다드,A,20230801,0,15000,90000,2026-09-12T23:00:00,synthetic-seeder,M
220102,202609,BILL-220102,ENTR-PAYMENT-POST-0102,220102,2,24,5G-STD-01,5G 스탠다드,A,20230801,0,20000,95000,2026-09-12T23:00:00,synthetic-seeder,F
220103,202609,BILL-220103,ENTR-PAYMENT-POST-0103,220103,2,25,5G-STD-01,5G 스탠다드,A,20230801,3300,25000,103300,2026-09-12T23:00:00,synthetic-seeder,M
220104,202609,BILL-220104,ENTR-PAYMENT-POST-0104,220104,2,26,5G-STD-01,5G 스탠다드,A,20230801,0,30000,105000,2026-09-12T23:00:00,synthetic-seeder,F
220105,202609,BILL-220105,ENTR-PAYMENT-POST-0105,220105,2,27,5G-STD-01,5G 스탠다드,A,20230801,0,35000,110000,2026-09-12T23:00:00,synthetic-seeder,M
220106,202609,BILL-220106,ENTR-PAYMENT-POST-0106,220106,2,28,5G-STD-01,5G 스탠다드,A,20230801,3300,10000,88300,2026-09-12T23:00:00,synthetic-seeder,F
220107,202609,BILL-220107,ENTR-PAYMENT-POST-0107,220107,2,29,5G-STD-01,5G 스탠다드,A,20230801,0,15000,90000,2026-09-12T23:00:00,synthetic-seeder,M
220108,202609,BILL-220108,ENTR-PAYMENT-POST-0108,220108,3,30,5G-STD-01,5G 스탠다드,A,20230801,0,20000,95000,2026-09-12T23:00:00,synthetic-seeder,F
220109,202609,BILL-220109,ENTR-PAYMENT-POST-0109,220109,3,31,5G-STD-01,5G 스탠다드,A,20230801,3300,25000,103300,2026-09-12T23:00:00,synthetic-seeder,M
220110,202609,BILL-220110,ENTR-PAYMENT-POST-0110,220110,3,32,5G-STD-01,5G 스탠다드,A,20230801,0,30000,105000,2026-09-12T23:00:00,synthetic-seeder,F
220111,202609,BILL-220111,ENTR-PAYMENT-POST-0111,220111,3,33,5G-STD-01,5G 스탠다드,A,20230801,0,35000,110000,2026-09-12T23:00:00,synthetic-seeder,M
220112,202609,BILL-220112,ENTR-PAYMENT-POST-0112,220112,3,34,5G-STD-01,5G 스탠다드,A,20230801,3300,10000,88300,2026-09-12T23:00:00,synthetic-seeder,F
220113,202609,BILL-220113,ENTR-PAYMENT-POST-0113,220113,3,35,5G-STD-01,5G 스탠다드,A,20230801,0,15000,90000,2026-09-12T23:00:00,synthetic-seeder,M
220114,202609,BILL-220114,ENTR-PAYMENT-POST-0114,220114,3,36,5G-STD-01,5G 스탠다드,A,20230801,0,20000,95000,2026-09-12T23:00:00,synthetic-seeder,F
220115,202609,BILL-220115,ENTR-PAYMENT-POST-0115,220115,3,37,5G-STD-01,5G 스탠다드,A,20230801,3300,25000,103300,2026-09-12T23:00:00,synthetic-seeder,M
220116,202609,BILL-220116,ENTR-PAYMENT-POST-0116,220116,3,38,5G-STD-01,5G 스탠다드,A,20230801,0,30000,105000,2026-09-12T23:00:00,synthetic-seeder,F
220117,202609,BILL-220117,ENTR-PAYMENT-POST-0117,220117,3,39,5G-STD-01,5G 스탠다드,A,20230801,0,35000,110000,2026-09-12T23:00:00,synthetic-seeder,M
220118,202609,BILL-220118,ENTR-PAYMENT-POST-0118,220118,4,40,5G-STD-01,5G 스탠다드,A,20230801,3300,10000,88300,2026-09-12T23:00:00,synthetic-seeder,F
220119,202609,BILL-220119,ENTR-PAYMENT-POST-0119,220119,4,41,5G-STD-01,5G 스탠다드,A,20230801,0,15000,90000,2026-09-12T23:00:00,synthetic-seeder,M
220120,202609,BILL-220120,ENTR-PAYMENT-POST-0120,220120,4,42,5G-STD-01,5G 스탠다드,A,20230801,0,20000,95000,2026-09-12T23:00:00,synthetic-seeder,F
220121,202609,BILL-220121,ENTR-PAYMENT-POST-0121,220121,4,43,5G-STD-01,5G 스탠다드,A,20230801,3300,25000,103300,2026-09-12T23:00:00,synthetic-seeder,M
220122,202609,BILL-220122,ENTR-PAYMENT-POST-0122,220122,4,44,5G-STD-01,5G 스탠다드,A,20230801,0,30000,105000,2026-09-12T23:00:00,synthetic-seeder,F
220123,202609,BILL-220123,ENTR-PAYMENT-POST-0123,220123,4,45,5G-STD-01,5G 스탠다드,A,20230801,0,35000,110000,2026-09-12T23:00:00,synthetic-seeder,M
220124,202609,BILL-220124,ENTR-PAYMENT-POST-0124,220124,4,46,5G-STD-01,5G 스탠다드,A,20230801,3300,10000,88300,2026-09-12T23:00:00,synthetic-seeder,F
220125,202609,BILL-220125,ENTR-PAYMENT-POST-0125,220125,4,47,5G-STD-01,5G 스탠다드,A,20230801,0,15000,90000,2026-09-12T23:00:00,synthetic-seeder,M
220126,202609,BILL-220126,ENTR-PAYMENT-POST-0126,220126,4,48,5G-STD-01,5G 스탠다드,A,20230801,0,20000,95000,2026-09-12T23:00:00,synthetic-seeder,F
220127,202609,BILL-220127,ENTR-PAYMENT-POST-0127,220127,4,49,5G-STD-01,5G 스탠다드,A,20230801,3300,25000,103300,2026-09-12T23:00:00,synthetic-seeder,M
220128,202609,BILL-220128,ENTR-PAYMENT-POST-0128,220128,5,50,5G-STD-01,5G 스탠다드,A,20230801,0,30000,105000,2026-09-12T23:00:00,synthetic-seeder,F
220129,202609,BILL-220129,ENTR-PAYMENT-POST-0129,220129,5,51,5G-STD-01,5G 스탠다드,A,20230801,0,35000,110000,2026-09-12T23:00:00,synthetic-seeder,M
220130,202609,BILL-220130,ENTR-PAYMENT-POST-0130,220130,5,52,5G-STD-01,5G 스탠다드,A,20230801,3300,10000,88300,2026-09-12T23:00:00,synthetic-seeder,F
220131,202609,BILL-220131,ENTR-PAYMENT-POST-0131,220131,5,53,5G-STD-01,5G 스탠다드,A,20230801,0,15000,90000,2026-09-12T23:00:00,synthetic-seeder,M
220132,202609,BILL-220132,ENTR-PAYMENT-POST-0132,220132,5,54,5G-STD-01,5G 스탠다드,A,20230801,0,20000,95000,2026-09-12T23:00:00,synthetic-seeder,F
220133,202609,BILL-220133,ENTR-PAYMENT-POST-0133,220133,5,55,5G-STD-01,5G 스탠다드,A,20230801,3300,25000,103300,2026-09-12T23:00:00,synthetic-seeder,M
220134,202609,BILL-220134,ENTR-PAYMENT-POST-0134,220134,5,56,5G-STD-01,5G 스탠다드,A,20230801,0,30000,105000,2026-09-12T23:00:00,synthetic-seeder,F
220135,202609,BILL-220135,ENTR-PAYMENT-POST-0135,220135,5,57,5G-STD-01,5G 스탠다드,A,20230801,0,35000,110000,2026-09-12T23:00:00,synthetic-seeder,M
220136,202609,BILL-220136,ENTR-PAYMENT-POST-0136,220136,5,58,5G-STD-01,5G 스탠다드,A,20230801,3300,10000,88300,2026-09-12T23:00:00,synthetic-seeder,F
220137,202609,BILL-220137,ENTR-PAYMENT-POST-0137,220137,5,59,5G-STD-01,5G 스탠다드,A,20230801,0,15000,90000,2026-09-12T23:00:00,synthetic-seeder,M
220138,202609,BILL-220138,ENTR-PAYMENT-POST-0138,220138,6,60,5G-STD-01,5G 스탠다드,A,20230801,0,20000,95000,2026-09-12T23:00:00,synthetic-seeder,F
220139,202609,BILL-220139,ENTR-PAYMENT-POST-0139,220139,6,61,5G-STD-01,5G 스탠다드,A,20230801,3300,25000,103300,2026-09-12T23:00:00,synthetic-seeder,M
220140,202609,BILL-220140,ENTR-PAYMENT-POST-0140,220140,2,22,5G-STD-01,5G 스탠다드,A,20230801,0,30000,105000,2026-09-12T23:00:00,synthetic-seeder,F
220201,202609,BILL-220201,ENTR-PAYMENT-POST-0201,220201,2,23,5G-STD-01,5G 스탠다드,A,20230801,0,15000,90000,2026-09-13T23:00:00,synthetic-seeder,M
220202,202609,BILL-220202,ENTR-PAYMENT-POST-0202,220202,2,24,5G-STD-01,5G 스탠다드,A,20230801,0,20000,95000,2026-09-13T23:00:00,synthetic-seeder,F
220203,202609,BILL-220203,ENTR-PAYMENT-POST-0203,220203,2,25,5G-STD-01,5G 스탠다드,A,20230801,3300,25000,103300,2026-09-13T23:00:00,synthetic-seeder,M
220204,202609,BILL-220204,ENTR-PAYMENT-POST-0204,220204,2,26,5G-STD-01,5G 스탠다드,A,20230801,0,30000,105000,2026-09-13T23:00:00,synthetic-seeder,F
220205,202609,BILL-220205,ENTR-PAYMENT-POST-0205,220205,2,27,5G-STD-01,5G 스탠다드,A,20230801,0,35000,110000,2026-09-13T23:00:00,synthetic-seeder,M
220206,202609,BILL-220206,ENTR-PAYMENT-POST-0206,220206,2,28,5G-STD-01,5G 스탠다드,A,20230801,3300,10000,88300,2026-09-13T23:00:00,synthetic-seeder,F
220207,202609,BILL-220207,ENTR-PAYMENT-POST-0207,220207,2,29,5G-STD-01,5G 스탠다드,A,20230801,0,15000,90000,2026-09-13T23:00:00,synthetic-seeder,M
220208,202609,BILL-220208,ENTR-PAYMENT-POST-0208,220208,3,30,5G-STD-01,5G 스탠다드,A,20230801,0,20000,95000,2026-09-13T23:00:00,synthetic-seeder,F
220209,202609,BILL-220209,ENTR-PAYMENT-POST-0209,220209,3,31,5G-STD-01,5G 스탠다드,A,20230801,3300,25000,103300,2026-09-13T23:00:00,synthetic-seeder,M
220210,202609,BILL-220210,ENTR-PAYMENT-POST-0210,220210,3,32,5G-STD-01,5G 스탠다드,A,20230801,0,30000,105000,2026-09-13T23:00:00,synthetic-seeder,F
220211,202609,BILL-220211,ENTR-PAYMENT-POST-0211,220211,3,33,5G-STD-01,5G 스탠다드,A,20230801,0,35000,110000,2026-09-13T23:00:00,synthetic-seeder,M
220212,202609,BILL-220212,ENTR-PAYMENT-POST-0212,220212,3,34,5G-STD-01,5G 스탠다드,A,20230801,3300,10000,88300,2026-09-13T23:00:00,synthetic-seeder,F
220213,202609,BILL-220213,ENTR-PAYMENT-POST-0213,220213,3,35,5G-STD-01,5G 스탠다드,A,20230801,0,15000,90000,2026-09-13T23:00:00,synthetic-seeder,M
220214,202609,BILL-220214,ENTR-PAYMENT-POST-0214,220214,3,36,5G-STD-01,5G 스탠다드,A,20230801,0,20000,95000,2026-09-13T23:00:00,synthetic-seeder,F
220215,202609,BILL-220215,ENTR-PAYMENT-POST-0215,220215,3,37,5G-STD-01,5G 스탠다드,A,20230801,3300,25000,103300,2026-09-13T23:00:00,synthetic-seeder,M
220216,202609,BILL-220216,ENTR-PAYMENT-POST-0216,220216,3,38,5G-STD-01,5G 스탠다드,A,20230801,0,30000,105000,2026-09-13T23:00:00,synthetic-seeder,F
220217,202609,BILL-220217,ENTR-PAYMENT-POST-0217,220217,3,39,5G-STD-01,5G 스탠다드,A,20230801,0,35000,110000,2026-09-13T23:00:00,synthetic-seeder,M
220218,202609,BILL-220218,ENTR-PAYMENT-POST-0218,220218,4,40,5G-STD-01,5G 스탠다드,A,20230801,3300,10000,88300,2026-09-13T23:00:00,synthetic-seeder,F
220219,202609,BILL-220219,ENTR-PAYMENT-POST-0219,220219,4,41,5G-STD-01,5G 스탠다드,A,20230801,0,15000,90000,2026-09-13T23:00:00,synthetic-seeder,M
220220,202609,BILL-220220,ENTR-PAYMENT-POST-0220,220220,4,42,5G-STD-01,5G 스탠다드,A,20230801,0,20000,95000,2026-09-13T23:00:00,synthetic-seeder,F
220221,202609,BILL-220221,ENTR-PAYMENT-POST-0221,220221,4,43,5G-STD-01,5G 스탠다드,A,20230801,3300,25000,103300,2026-09-13T23:00:00,synthetic-seeder,M
220222,202609,BILL-220222,ENTR-PAYMENT-POST-0222,220222,4,44,5G-STD-01,5G 스탠다드,A,20230801,0,30000,105000,2026-09-13T23:00:00,synthetic-seeder,F
220223,202609,BILL-220223,ENTR-PAYMENT-POST-0223,220223,4,45,5G-STD-01,5G 스탠다드,A,20230801,0,35000,110000,2026-09-13T23:00:00,synthetic-seeder,M
220224,202609,BILL-220224,ENTR-PAYMENT-POST-0224,220224,4,46,5G-STD-01,5G 스탠다드,A,20230801,3300,10000,88300,2026-09-13T23:00:00,synthetic-seeder,F
220225,202609,BILL-220225,ENTR-PAYMENT-POST-0225,220225,4,47,5G-STD-01,5G 스탠다드,A,20230801,0,15000,90000,2026-09-13T23:00:00,synthetic-seeder,M
220226,202609,BILL-220226,ENTR-PAYMENT-POST-0226,220226,4,48,5G-STD-01,5G 스탠다드,A,20230801,0,20000,95000,2026-09-13T23:00:00,synthetic-seeder,F
220227,202609,BILL-220227,ENTR-PAYMENT-POST-0227,220227,4,49,5G-STD-01,5G 스탠다드,A,20230801,3300,25000,103300,2026-09-13T23:00:00,synthetic-seeder,M
220228,202609,BILL-220228,ENTR-PAYMENT-POST-0228,220228,5,50,5G-STD-01,5G 스탠다드,A,20230801,0,30000,105000,2026-09-13T23:00:00,synthetic-seeder,F
220229,202609,BILL-220229,ENTR-PAYMENT-POST-0229,220229,5,51,5G-STD-01,5G 스탠다드,A,20230801,0,35000,110000,2026-09-13T23:00:00,synthetic-seeder,M
220230,202609,BILL-220230,ENTR-PAYMENT-POST-0230,220230,5,52,5G-STD-01,5G 스탠다드,A,20230801,3300,10000,88300,2026-09-13T23:00:00,synthetic-seeder,F
220231,202609,BILL-220231,ENTR-PAYMENT-POST-0231,220231,5,53,5G-STD-01,5G 스탠다드,A,20230801,0,15000,90000,2026-09-13T23:00:00,synthetic-seeder,M
220232,202609,BILL-220232,ENTR-PAYMENT-POST-0232,220232,5,54,5G-STD-01,5G 스탠다드,A,20230801,0,20000,95000,2026-09-13T23:00:00,synthetic-seeder,F
220233,202609,BILL-220233,ENTR-PAYMENT-POST-0233,220233,5,55,5G-STD-01,5G 스탠다드,A,20230801,3300,25000,103300,2026-09-13T23:00:00,synthetic-seeder,M
220234,202609,BILL-220234,ENTR-PAYMENT-POST-0234,220234,5,56,5G-STD-01,5G 스탠다드,A,20230801,0,30000,105000,2026-09-13T23:00:00,synthetic-seeder,F
220235,202609,BILL-220235,ENTR-PAYMENT-POST-0235,220235,5,57,5G-STD-01,5G 스탠다드,A,20230801,0,35000,110000,2026-09-13T23:00:00,synthetic-seeder,M
220236,202609,BILL-220236,ENTR-PAYMENT-POST-0236,220236,5,58,5G-STD-01,5G 스탠다드,A,20230801,3300,10000,88300,2026-09-13T23:00:00,synthetic-seeder,F
220237,202609,BILL-220237,ENTR-PAYMENT-POST-0237,220237,5,59,5G-STD-01,5G 스탠다드,A,20230801,0,15000,90000,2026-09-13T23:00:00,synthetic-seeder,M
220238,202609,BILL-220238,ENTR-PAYMENT-POST-0238,220238,6,60,5G-STD-01,5G 스탠다드,A,20230801,0,20000,95000,2026-09-13T23:00:00,synthetic-seeder,F
220239,202609,BILL-220239,ENTR-PAYMENT-POST-0239,220239,6,61,5G-STD-01,5G 스탠다드,A,20230801,3300,25000,103300,2026-09-13T23:00:00,synthetic-seeder,M
220240,202609,BILL-220240,ENTR-PAYMENT-POST-0240,220240,2,22,5G-STD-01,5G 스탠다드,A,20230801,0,30000,105000,2026-09-13T23:00:00,synthetic-seeder,F
220301,202609,BILL-220301,ENTR-PAYMENT-POST-0301,220301,2,23,5G-STD-01,5G 스탠다드,A,20230801,0,15000,90000,2026-09-14T23:00:00,synthetic-seeder,M
220302,202609,BILL-220302,ENTR-PAYMENT-POST-0302,220302,2,24,5G-STD-01,5G 스탠다드,A,20230801,0,20000,95000,2026-09-14T23:00:00,synthetic-seeder,F
220303,202609,BILL-220303,ENTR-PAYMENT-POST-0303,220303,2,25,5G-STD-01,5G 스탠다드,A,20230801,3300,25000,103300,2026-09-14T23:00:00,synthetic-seeder,M
220304,202609,BILL-220304,ENTR-PAYMENT-POST-0304,220304,2,26,5G-STD-01,5G 스탠다드,A,20230801,0,30000,105000,2026-09-14T23:00:00,synthetic-seeder,F
220305,202609,BILL-220305,ENTR-PAYMENT-POST-0305,220305,2,27,5G-STD-01,5G 스탠다드,A,20230801,0,35000,110000,2026-09-14T23:00:00,synthetic-seeder,M
220306,202609,BILL-220306,ENTR-PAYMENT-POST-0306,220306,2,28,5G-STD-01,5G 스탠다드,A,20230801,3300,10000,88300,2026-09-14T23:00:00,synthetic-seeder,F
220307,202609,BILL-220307,ENTR-PAYMENT-POST-0307,220307,2,29,5G-STD-01,5G 스탠다드,A,20230801,0,15000,90000,2026-09-14T23:00:00,synthetic-seeder,M
220308,202609,BILL-220308,ENTR-PAYMENT-POST-0308,220308,3,30,5G-STD-01,5G 스탠다드,A,20230801,0,20000,95000,2026-09-14T23:00:00,synthetic-seeder,F
220309,202609,BILL-220309,ENTR-PAYMENT-POST-0309,220309,3,31,5G-STD-01,5G 스탠다드,A,20230801,3300,25000,103300,2026-09-14T23:00:00,synthetic-seeder,M
220310,202609,BILL-220310,ENTR-PAYMENT-POST-0310,220310,3,32,5G-STD-01,5G 스탠다드,A,20230801,0,30000,105000,2026-09-14T23:00:00,synthetic-seeder,F
220311,202609,BILL-220311,ENTR-PAYMENT-POST-0311,220311,3,33,5G-STD-01,5G 스탠다드,A,20230801,0,35000,110000,2026-09-14T23:00:00,synthetic-seeder,M
220312,202609,BILL-220312,ENTR-PAYMENT-POST-0312,220312,3,34,5G-STD-01,5G 스탠다드,A,20230801,3300,10000,88300,2026-09-14T23:00:00,synthetic-seeder,F
220313,202609,BILL-220313,ENTR-PAYMENT-POST-0313,220313,3,35,5G-STD-01,5G 스탠다드,A,20230801,0,15000,90000,2026-09-14T23:00:00,synthetic-seeder,M
220314,202609,BILL-220314,ENTR-PAYMENT-POST-0314,220314,3,36,5G-STD-01,5G 스탠다드,A,20230801,0,20000,95000,2026-09-14T23:00:00,synthetic-seeder,F
220315,202609,BILL-220315,ENTR-PAYMENT-POST-0315,220315,3,37,5G-STD-01,5G 스탠다드,A,20230801,3300,25000,103300,2026-09-14T23:00:00,synthetic-seeder,M
220316,202609,BILL-220316,ENTR-PAYMENT-POST-0316,220316,3,38,5G-STD-01,5G 스탠다드,A,20230801,0,30000,105000,2026-09-14T23:00:00,synthetic-seeder,F
220317,202609,BILL-220317,ENTR-PAYMENT-POST-0317,220317,3,39,5G-STD-01,5G 스탠다드,A,20230801,0,35000,110000,2026-09-14T23:00:00,synthetic-seeder,M
220318,202609,BILL-220318,ENTR-PAYMENT-POST-0318,220318,4,40,5G-STD-01,5G 스탠다드,A,20230801,3300,10000,88300,2026-09-14T23:00:00,synthetic-seeder,F
220319,202609,BILL-220319,ENTR-PAYMENT-POST-0319,220319,4,41,5G-STD-01,5G 스탠다드,A,20230801,0,15000,90000,2026-09-14T23:00:00,synthetic-seeder,M
220320,202609,BILL-220320,ENTR-PAYMENT-POST-0320,220320,4,42,5G-STD-01,5G 스탠다드,A,20230801,0,20000,95000,2026-09-14T23:00:00,synthetic-seeder,F
220321,202609,BILL-220321,ENTR-PAYMENT-POST-0321,220321,4,43,5G-STD-01,5G 스탠다드,A,20230801,3300,25000,103300,2026-09-14T23:00:00,synthetic-seeder,M
220322,202609,BILL-220322,ENTR-PAYMENT-POST-0322,220322,4,44,5G-STD-01,5G 스탠다드,A,20230801,0,30000,105000,2026-09-14T23:00:00,synthetic-seeder,F
220323,202609,BILL-220323,ENTR-PAYMENT-POST-0323,220323,4,45,5G-STD-01,5G 스탠다드,A,20230801,0,35000,110000,2026-09-14T23:00:00,synthetic-seeder,M
220324,202609,BILL-220324,ENTR-PAYMENT-POST-0324,220324,4,46,5G-STD-01,5G 스탠다드,A,20230801,3300,10000,88300,2026-09-14T23:00:00,synthetic-seeder,F
220325,202609,BILL-220325,ENTR-PAYMENT-POST-0325,220325,4,47,5G-STD-01,5G 스탠다드,A,20230801,0,15000,90000,2026-09-14T23:00:00,synthetic-seeder,M
220326,202609,BILL-220326,ENTR-PAYMENT-POST-0326,220326,4,48,5G-STD-01,5G 스탠다드,A,20230801,0,20000,95000,2026-09-14T23:00:00,synthetic-seeder,F
220327,202609,BILL-220327,ENTR-PAYMENT-POST-0327,220327,4,49,5G-STD-01,5G 스탠다드,A,20230801,3300,25000,103300,2026-09-14T23:00:00,synthetic-seeder,M
220328,202609,BILL-220328,ENTR-PAYMENT-POST-0328,220328,5,50,5G-STD-01,5G 스탠다드,A,20230801,0,30000,105000,2026-09-14T23:00:00,synthetic-seeder,F
220329,202609,BILL-220329,ENTR-PAYMENT-POST-0329,220329,5,51,5G-STD-01,5G 스탠다드,A,20230801,0,35000,110000,2026-09-14T23:00:00,synthetic-seeder,M
220330,202609,BILL-220330,ENTR-PAYMENT-POST-0330,220330,5,52,5G-STD-01,5G 스탠다드,A,20230801,3300,10000,88300,2026-09-14T23:00:00,synthetic-seeder,F
220331,202609,BILL-220331,ENTR-PAYMENT-POST-0331,220331,5,53,5G-STD-01,5G 스탠다드,A,20230801,0,15000,90000,2026-09-14T23:00:00,synthetic-seeder,M
220332,202609,BILL-220332,ENTR-PAYMENT-POST-0332,220332,5,54,5G-STD-01,5G 스탠다드,A,20230801,0,20000,95000,2026-09-14T23:00:00,synthetic-seeder,F
220333,202609,BILL-220333,ENTR-PAYMENT-POST-0333,220333,5,55,5G-STD-01,5G 스탠다드,A,20230801,3300,25000,103300,2026-09-14T23:00:00,synthetic-seeder,M
220334,202609,BILL-220334,ENTR-PAYMENT-POST-0334,220334,5,56,5G-STD-01,5G 스탠다드,A,20230801,0,30000,105000,2026-09-14T23:00:00,synthetic-seeder,F
220335,202609,BILL-220335,ENTR-PAYMENT-POST-0335,220335,5,57,5G-STD-01,5G 스탠다드,A,20230801,0,35000,110000,2026-09-14T23:00:00,synthetic-seeder,M
220336,202609,BILL-220336,ENTR-PAYMENT-POST-0336,220336,5,58,5G-STD-01,5G 스탠다드,A,20230801,3300,10000,88300,2026-09-14T23:00:00,synthetic-seeder,F
220337,202609,BILL-220337,ENTR-PAYMENT-POST-0337,220337,5,59,5G-STD-01,5G 스탠다드,A,20230801,0,15000,90000,2026-09-14T23:00:00,synthetic-seeder,M
220338,202609,BILL-220338,ENTR-PAYMENT-POST-0338,220338,6,60,5G-STD-01,5G 스탠다드,A,20230801,0,20000,95000,2026-09-14T23:00:00,synthetic-seeder,F
220339,202609,BILL-220339,ENTR-PAYMENT-POST-0339,220339,6,61,5G-STD-01,5G 스탠다드,A,20230801,3300,25000,103300,2026-09-14T23:00:00,synthetic-seeder,M
220340,202609,BILL-220340,ENTR-PAYMENT-POST-0340,220340,2,22,5G-STD-01,5G 스탠다드,A,20230801,0,30000,105000,2026-09-14T23:00:00,synthetic-seeder,F
220401,202609,BILL-220401,ENTR-PAYMENT-POST-0401,220401,2,23,5G-STD-01,5G 스탠다드,A,20230801,0,15000,90000,2026-09-15T23:00:00,synthetic-seeder,M
220402,202609,BILL-220402,ENTR-PAYMENT-POST-0402,220402,2,24,5G-STD-01,5G 스탠다드,A,20230801,0,20000,95000,2026-09-15T23:00:00,synthetic-seeder,F
220403,202609,BILL-220403,ENTR-PAYMENT-POST-0403,220403,2,25,5G-STD-01,5G 스탠다드,A,20230801,3300,25000,103300,2026-09-15T23:00:00,synthetic-seeder,M
220404,202609,BILL-220404,ENTR-PAYMENT-POST-0404,220404,2,26,5G-STD-01,5G 스탠다드,A,20230801,0,30000,105000,2026-09-15T23:00:00,synthetic-seeder,F
220405,202609,BILL-220405,ENTR-PAYMENT-POST-0405,220405,2,27,5G-STD-01,5G 스탠다드,A,20230801,0,35000,110000,2026-09-15T23:00:00,synthetic-seeder,M
220406,202609,BILL-220406,ENTR-PAYMENT-POST-0406,220406,2,28,5G-STD-01,5G 스탠다드,A,20230801,3300,10000,88300,2026-09-15T23:00:00,synthetic-seeder,F
220407,202609,BILL-220407,ENTR-PAYMENT-POST-0407,220407,2,29,5G-STD-01,5G 스탠다드,A,20230801,0,15000,90000,2026-09-15T23:00:00,synthetic-seeder,M
220408,202609,BILL-220408,ENTR-PAYMENT-POST-0408,220408,3,30,5G-STD-01,5G 스탠다드,A,20230801,0,20000,95000,2026-09-15T23:00:00,synthetic-seeder,F
220409,202609,BILL-220409,ENTR-PAYMENT-POST-0409,220409,3,31,5G-STD-01,5G 스탠다드,A,20230801,3300,25000,103300,2026-09-15T23:00:00,synthetic-seeder,M
220410,202609,BILL-220410,ENTR-PAYMENT-POST-0410,220410,3,32,5G-STD-01,5G 스탠다드,A,20230801,0,30000,105000,2026-09-15T23:00:00,synthetic-seeder,F
220411,202609,BILL-220411,ENTR-PAYMENT-POST-0411,220411,3,33,5G-STD-01,5G 스탠다드,A,20230801,0,35000,110000,2026-09-15T23:00:00,synthetic-seeder,M
220412,202609,BILL-220412,ENTR-PAYMENT-POST-0412,220412,3,34,5G-STD-01,5G 스탠다드,A,20230801,3300,10000,88300,2026-09-15T23:00:00,synthetic-seeder,F
220413,202609,BILL-220413,ENTR-PAYMENT-POST-0413,220413,3,35,5G-STD-01,5G 스탠다드,A,20230801,0,15000,90000,2026-09-15T23:00:00,synthetic-seeder,M
220414,202609,BILL-220414,ENTR-PAYMENT-POST-0414,220414,3,36,5G-STD-01,5G 스탠다드,A,20230801,0,20000,95000,2026-09-15T23:00:00,synthetic-seeder,F
220415,202609,BILL-220415,ENTR-PAYMENT-POST-0415,220415,3,37,5G-STD-01,5G 스탠다드,A,20230801,3300,25000,103300,2026-09-15T23:00:00,synthetic-seeder,M
220416,202609,BILL-220416,ENTR-PAYMENT-POST-0416,220416,3,38,5G-STD-01,5G 스탠다드,A,20230801,0,30000,105000,2026-09-15T23:00:00,synthetic-seeder,F
220417,202609,BILL-220417,ENTR-PAYMENT-POST-0417,220417,3,39,5G-STD-01,5G 스탠다드,A,20230801,0,35000,110000,2026-09-15T23:00:00,synthetic-seeder,M
220418,202609,BILL-220418,ENTR-PAYMENT-POST-0418,220418,4,40,5G-STD-01,5G 스탠다드,A,20230801,3300,10000,88300,2026-09-15T23:00:00,synthetic-seeder,F
220419,202609,BILL-220419,ENTR-PAYMENT-POST-0419,220419,4,41,5G-STD-01,5G 스탠다드,A,20230801,0,15000,90000,2026-09-15T23:00:00,synthetic-seeder,M
220420,202609,BILL-220420,ENTR-PAYMENT-POST-0420,220420,4,42,5G-STD-01,5G 스탠다드,A,20230801,0,20000,95000,2026-09-15T23:00:00,synthetic-seeder,F
220421,202609,BILL-220421,ENTR-PAYMENT-POST-0421,220421,4,43,5G-STD-01,5G 스탠다드,A,20230801,3300,25000,103300,2026-09-15T23:00:00,synthetic-seeder,M
220422,202609,BILL-220422,ENTR-PAYMENT-POST-0422,220422,4,44,5G-STD-01,5G 스탠다드,A,20230801,0,30000,105000,2026-09-15T23:00:00,synthetic-seeder,F
220423,202609,BILL-220423,ENTR-PAYMENT-POST-0423,220423,4,45,5G-STD-01,5G 스탠다드,A,20230801,0,35000,110000,2026-09-15T23:00:00,synthetic-seeder,M
220424,202609,BILL-220424,ENTR-PAYMENT-POST-0424,220424,4,46,5G-STD-01,5G 스탠다드,A,20230801,3300,10000,88300,2026-09-15T23:00:00,synthetic-seeder,F
220425,202609,BILL-220425,ENTR-PAYMENT-POST-0425,220425,4,47,5G-STD-01,5G 스탠다드,A,20230801,0,15000,90000,2026-09-15T23:00:00,synthetic-seeder,M
220426,202609,BILL-220426,ENTR-PAYMENT-POST-0426,220426,4,48,5G-STD-01,5G 스탠다드,A,20230801,0,20000,95000,2026-09-15T23:00:00,synthetic-seeder,F
220427,202609,BILL-220427,ENTR-PAYMENT-POST-0427,220427,4,49,5G-STD-01,5G 스탠다드,A,20230801,3300,25000,103300,2026-09-15T23:00:00,synthetic-seeder,M
220428,202609,BILL-220428,ENTR-PAYMENT-POST-0428,220428,5,50,5G-STD-01,5G 스탠다드,A,20230801,0,30000,105000,2026-09-15T23:00:00,synthetic-seeder,F
220429,202609,BILL-220429,ENTR-PAYMENT-POST-0429,220429,5,51,5G-STD-01,5G 스탠다드,A,20230801,0,35000,110000,2026-09-15T23:00:00,synthetic-seeder,M
220430,202609,BILL-220430,ENTR-PAYMENT-POST-0430,220430,5,52,5G-STD-01,5G 스탠다드,A,20230801,3300,10000,88300,2026-09-15T23:00:00,synthetic-seeder,F
220431,202609,BILL-220431,ENTR-PAYMENT-POST-0431,220431,5,53,5G-STD-01,5G 스탠다드,A,20230801,0,15000,90000,2026-09-15T23:00:00,synthetic-seeder,M
220432,202609,BILL-220432,ENTR-PAYMENT-POST-0432,220432,5,54,5G-STD-01,5G 스탠다드,A,20230801,0,20000,95000,2026-09-15T23:00:00,synthetic-seeder,F
220433,202609,BILL-220433,ENTR-PAYMENT-POST-0433,220433,5,55,5G-STD-01,5G 스탠다드,A,20230801,3300,25000,103300,2026-09-15T23:00:00,synthetic-seeder,M
220434,202609,BILL-220434,ENTR-PAYMENT-POST-0434,220434,5,56,5G-STD-01,5G 스탠다드,A,20230801,0,30000,105000,2026-09-15T23:00:00,synthetic-seeder,F
220435,202609,BILL-220435,ENTR-PAYMENT-POST-0435,220435,5,57,5G-STD-01,5G 스탠다드,A,20230801,0,35000,110000,2026-09-15T23:00:00,synthetic-seeder,M
220436,202609,BILL-220436,ENTR-PAYMENT-POST-0436,220436,5,58,5G-STD-01,5G 스탠다드,A,20230801,3300,10000,88300,2026-09-15T23:00:00,synthetic-seeder,F
220437,202609,BILL-220437,ENTR-PAYMENT-POST-0437,220437,5,59,5G-STD-01,5G 스탠다드,A,20230801,0,15000,90000,2026-09-15T23:00:00,synthetic-seeder,M
220438,202609,BILL-220438,ENTR-PAYMENT-POST-0438,220438,6,60,5G-STD-01,5G 스탠다드,A,20230801,0,20000,95000,2026-09-15T23:00:00,synthetic-seeder,F
220439,202609,BILL-220439,ENTR-PAYMENT-POST-0439,220439,6,61,5G-STD-01,5G 스탠다드,A,20230801,3300,25000,103300,2026-09-15T23:00:00,synthetic-seeder,M
220440,202609,BILL-220440,ENTR-PAYMENT-POST-0440,220440,2,22,5G-STD-01,5G 스탠다드,A,20230801,0,30000,105000,2026-09-15T23:00:00,synthetic-seeder,F
220501,202609,BILL-220501,ENTR-PAYMENT-POST-0501,220501,2,23,5G-STD-01,5G 스탠다드,A,20230801,0,15000,90000,2026-09-16T23:00:00,synthetic-seeder,M
220502,202609,BILL-220502,ENTR-PAYMENT-POST-0502,220502,2,24,5G-STD-01,5G 스탠다드,A,20230801,0,20000,95000,2026-09-16T23:00:00,synthetic-seeder,F
220503,202609,BILL-220503,ENTR-PAYMENT-POST-0503,220503,2,25,5G-STD-01,5G 스탠다드,A,20230801,3300,25000,103300,2026-09-16T23:00:00,synthetic-seeder,M
220504,202609,BILL-220504,ENTR-PAYMENT-POST-0504,220504,2,26,5G-STD-01,5G 스탠다드,A,20230801,0,30000,105000,2026-09-16T23:00:00,synthetic-seeder,F
220505,202609,BILL-220505,ENTR-PAYMENT-POST-0505,220505,2,27,5G-STD-01,5G 스탠다드,A,20230801,0,35000,110000,2026-09-16T23:00:00,synthetic-seeder,M
220506,202609,BILL-220506,ENTR-PAYMENT-POST-0506,220506,2,28,5G-STD-01,5G 스탠다드,A,20230801,3300,10000,88300,2026-09-16T23:00:00,synthetic-seeder,F
220507,202609,BILL-220507,ENTR-PAYMENT-POST-0507,220507,2,29,5G-STD-01,5G 스탠다드,A,20230801,0,15000,90000,2026-09-16T23:00:00,synthetic-seeder,M
220508,202609,BILL-220508,ENTR-PAYMENT-POST-0508,220508,3,30,5G-STD-01,5G 스탠다드,A,20230801,0,20000,95000,2026-09-16T23:00:00,synthetic-seeder,F
220509,202609,BILL-220509,ENTR-PAYMENT-POST-0509,220509,3,31,5G-STD-01,5G 스탠다드,A,20230801,3300,25000,103300,2026-09-16T23:00:00,synthetic-seeder,M
220510,202609,BILL-220510,ENTR-PAYMENT-POST-0510,220510,3,32,5G-STD-01,5G 스탠다드,A,20230801,0,30000,105000,2026-09-16T23:00:00,synthetic-seeder,F
220511,202609,BILL-220511,ENTR-PAYMENT-POST-0511,220511,3,33,5G-STD-01,5G 스탠다드,A,20230801,0,35000,110000,2026-09-16T23:00:00,synthetic-seeder,M
220512,202609,BILL-220512,ENTR-PAYMENT-POST-0512,220512,3,34,5G-STD-01,5G 스탠다드,A,20230801,3300,10000,88300,2026-09-16T23:00:00,synthetic-seeder,F
220513,202609,BILL-220513,ENTR-PAYMENT-POST-0513,220513,3,35,5G-STD-01,5G 스탠다드,A,20230801,0,15000,90000,2026-09-16T23:00:00,synthetic-seeder,M
220514,202609,BILL-220514,ENTR-PAYMENT-POST-0514,220514,3,36,5G-STD-01,5G 스탠다드,A,20230801,0,20000,95000,2026-09-16T23:00:00,synthetic-seeder,F
220515,202609,BILL-220515,ENTR-PAYMENT-POST-0515,220515,3,37,5G-STD-01,5G 스탠다드,A,20230801,3300,25000,103300,2026-09-16T23:00:00,synthetic-seeder,M
220516,202609,BILL-220516,ENTR-PAYMENT-POST-0516,220516,3,38,5G-STD-01,5G 스탠다드,A,20230801,0,30000,105000,2026-09-16T23:00:00,synthetic-seeder,F
220517,202609,BILL-220517,ENTR-PAYMENT-POST-0517,220517,3,39,5G-STD-01,5G 스탠다드,A,20230801,0,35000,110000,2026-09-16T23:00:00,synthetic-seeder,M
220518,202609,BILL-220518,ENTR-PAYMENT-POST-0518,220518,4,40,5G-STD-01,5G 스탠다드,A,20230801,3300,10000,88300,2026-09-16T23:00:00,synthetic-seeder,F
220519,202609,BILL-220519,ENTR-PAYMENT-POST-0519,220519,4,41,5G-STD-01,5G 스탠다드,A,20230801,0,15000,90000,2026-09-16T23:00:00,synthetic-seeder,M
220520,202609,BILL-220520,ENTR-PAYMENT-POST-0520,220520,4,42,5G-STD-01,5G 스탠다드,A,20230801,0,20000,95000,2026-09-16T23:00:00,synthetic-seeder,F
220521,202609,BILL-220521,ENTR-PAYMENT-POST-0521,220521,4,43,5G-STD-01,5G 스탠다드,A,20230801,3300,25000,103300,2026-09-16T23:00:00,synthetic-seeder,M
220522,202609,BILL-220522,ENTR-PAYMENT-POST-0522,220522,4,44,5G-STD-01,5G 스탠다드,A,20230801,0,30000,105000,2026-09-16T23:00:00,synthetic-seeder,F
220523,202609,BILL-220523,ENTR-PAYMENT-POST-0523,220523,4,45,5G-STD-01,5G 스탠다드,A,20230801,0,35000,110000,2026-09-16T23:00:00,synthetic-seeder,M
220524,202609,BILL-220524,ENTR-PAYMENT-POST-0524,220524,4,46,5G-STD-01,5G 스탠다드,A,20230801,3300,10000,88300,2026-09-16T23:00:00,synthetic-seeder,F
220525,202609,BILL-220525,ENTR-PAYMENT-POST-0525,220525,4,47,5G-STD-01,5G 스탠다드,A,20230801,0,15000,90000,2026-09-16T23:00:00,synthetic-seeder,M
220526,202609,BILL-220526,ENTR-PAYMENT-POST-0526,220526,4,48,5G-STD-01,5G 스탠다드,A,20230801,0,20000,95000,2026-09-16T23:00:00,synthetic-seeder,F
220527,202609,BILL-220527,ENTR-PAYMENT-POST-0527,220527,4,49,5G-STD-01,5G 스탠다드,A,20230801,3300,25000,103300,2026-09-16T23:00:00,synthetic-seeder,M
220528,202609,BILL-220528,ENTR-PAYMENT-POST-0528,220528,5,50,5G-STD-01,5G 스탠다드,A,20230801,0,30000,105000,2026-09-16T23:00:00,synthetic-seeder,F
220529,202609,BILL-220529,ENTR-PAYMENT-POST-0529,220529,5,51,5G-STD-01,5G 스탠다드,A,20230801,0,35000,110000,2026-09-16T23:00:00,synthetic-seeder,M
220530,202609,BILL-220530,ENTR-PAYMENT-POST-0530,220530,5,52,5G-STD-01,5G 스탠다드,A,20230801,3300,10000,88300,2026-09-16T23:00:00,synthetic-seeder,F
220531,202609,BILL-220531,ENTR-PAYMENT-POST-0531,220531,5,53,5G-STD-01,5G 스탠다드,A,20230801,0,15000,90000,2026-09-16T23:00:00,synthetic-seeder,M
220532,202609,BILL-220532,ENTR-PAYMENT-POST-0532,220532,5,54,5G-STD-01,5G 스탠다드,A,20230801,0,20000,95000,2026-09-16T23:00:00,synthetic-seeder,F
220533,202609,BILL-220533,ENTR-PAYMENT-POST-0533,220533,5,55,5G-STD-01,5G 스탠다드,A,20230801,3300,25000,103300,2026-09-16T23:00:00,synthetic-seeder,M
220534,202609,BILL-220534,ENTR-PAYMENT-POST-0534,220534,5,56,5G-STD-01,5G 스탠다드,A,20230801,0,30000,105000,2026-09-16T23:00:00,synthetic-seeder,F
220535,202609,BILL-220535,ENTR-PAYMENT-POST-0535,220535,5,57,5G-STD-01,5G 스탠다드,A,20230801,0,35000,110000,2026-09-16T23:00:00,synthetic-seeder,M
220536,202609,BILL-220536,ENTR-PAYMENT-POST-0536,220536,5,58,5G-STD-01,5G 스탠다드,A,20230801,3300,10000,88300,2026-09-16T23:00:00,synthetic-seeder,F
220537,202609,BILL-220537,ENTR-PAYMENT-POST-0537,220537,5,59,5G-STD-01,5G 스탠다드,A,20230801,0,15000,90000,2026-09-16T23:00:00,synthetic-seeder,M
220538,202609,BILL-220538,ENTR-PAYMENT-POST-0538,220538,6,60,5G-STD-01,5G 스탠다드,A,20230801,0,20000,95000,2026-09-16T23:00:00,synthetic-seeder,F
220539,202609,BILL-220539,ENTR-PAYMENT-POST-0539,220539,6,61,5G-STD-01,5G 스탠다드,A,20230801,3300,25000,103300,2026-09-16T23:00:00,synthetic-seeder,M
220540,202609,BILL-220540,ENTR-PAYMENT-POST-0540,220540,2,22,5G-STD-01,5G 스탠다드,A,20230801,0,30000,105000,2026-09-16T23:00:00,synthetic-seeder,F
220601,202609,BILL-220601,ENTR-PAYMENT-POST-0601,220601,2,23,5G-STD-01,5G 스탠다드,A,20230801,0,15000,90000,2026-09-17T23:00:00,synthetic-seeder,M
220602,202609,BILL-220602,ENTR-PAYMENT-POST-0602,220602,2,24,5G-STD-01,5G 스탠다드,A,20230801,0,20000,95000,2026-09-17T23:00:00,synthetic-seeder,F
220603,202609,BILL-220603,ENTR-PAYMENT-POST-0603,220603,2,25,5G-STD-01,5G 스탠다드,A,20230801,3300,25000,103300,2026-09-17T23:00:00,synthetic-seeder,M
220604,202609,BILL-220604,ENTR-PAYMENT-POST-0604,220604,2,26,5G-STD-01,5G 스탠다드,A,20230801,0,30000,105000,2026-09-17T23:00:00,synthetic-seeder,F
220605,202609,BILL-220605,ENTR-PAYMENT-POST-0605,220605,2,27,5G-STD-01,5G 스탠다드,A,20230801,0,35000,110000,2026-09-17T23:00:00,synthetic-seeder,M
220606,202609,BILL-220606,ENTR-PAYMENT-POST-0606,220606,2,28,5G-STD-01,5G 스탠다드,A,20230801,3300,10000,88300,2026-09-17T23:00:00,synthetic-seeder,F
220607,202609,BILL-220607,ENTR-PAYMENT-POST-0607,220607,2,29,5G-STD-01,5G 스탠다드,A,20230801,0,15000,90000,2026-09-17T23:00:00,synthetic-seeder,M
220608,202609,BILL-220608,ENTR-PAYMENT-POST-0608,220608,3,30,5G-STD-01,5G 스탠다드,A,20230801,0,20000,95000,2026-09-17T23:00:00,synthetic-seeder,F
220609,202609,BILL-220609,ENTR-PAYMENT-POST-0609,220609,3,31,5G-STD-01,5G 스탠다드,A,20230801,3300,25000,103300,2026-09-17T23:00:00,synthetic-seeder,M
220610,202609,BILL-220610,ENTR-PAYMENT-POST-0610,220610,3,32,5G-STD-01,5G 스탠다드,A,20230801,0,30000,105000,2026-09-17T23:00:00,synthetic-seeder,F
220611,202609,BILL-220611,ENTR-PAYMENT-POST-0611,220611,3,33,5G-STD-01,5G 스탠다드,A,20230801,0,35000,110000,2026-09-17T23:00:00,synthetic-seeder,M
220612,202609,BILL-220612,ENTR-PAYMENT-POST-0612,220612,3,34,5G-STD-01,5G 스탠다드,A,20230801,3300,10000,88300,2026-09-17T23:00:00,synthetic-seeder,F
220613,202609,BILL-220613,ENTR-PAYMENT-POST-0613,220613,3,35,5G-STD-01,5G 스탠다드,A,20230801,0,15000,90000,2026-09-17T23:00:00,synthetic-seeder,M
220614,202609,BILL-220614,ENTR-PAYMENT-POST-0614,220614,3,36,5G-STD-01,5G 스탠다드,A,20230801,0,20000,95000,2026-09-17T23:00:00,synthetic-seeder,F
220615,202609,BILL-220615,ENTR-PAYMENT-POST-0615,220615,3,37,5G-STD-01,5G 스탠다드,A,20230801,3300,25000,103300,2026-09-17T23:00:00,synthetic-seeder,M
220616,202609,BILL-220616,ENTR-PAYMENT-POST-0616,220616,3,38,5G-STD-01,5G 스탠다드,A,20230801,0,30000,105000,2026-09-17T23:00:00,synthetic-seeder,F
220617,202609,BILL-220617,ENTR-PAYMENT-POST-0617,220617,3,39,5G-STD-01,5G 스탠다드,A,20230801,0,35000,110000,2026-09-17T23:00:00,synthetic-seeder,M
220618,202609,BILL-220618,ENTR-PAYMENT-POST-0618,220618,4,40,5G-STD-01,5G 스탠다드,A,20230801,3300,10000,88300,2026-09-17T23:00:00,synthetic-seeder,F
220619,202609,BILL-220619,ENTR-PAYMENT-POST-0619,220619,4,41,5G-STD-01,5G 스탠다드,A,20230801,0,15000,90000,2026-09-17T23:00:00,synthetic-seeder,M
220620,202609,BILL-220620,ENTR-PAYMENT-POST-0620,220620,4,42,5G-STD-01,5G 스탠다드,A,20230801,0,20000,95000,2026-09-17T23:00:00,synthetic-seeder,F
220621,202609,BILL-220621,ENTR-PAYMENT-POST-0621,220621,4,43,5G-STD-01,5G 스탠다드,A,20230801,3300,25000,103300,2026-09-17T23:00:00,synthetic-seeder,M
220622,202609,BILL-220622,ENTR-PAYMENT-POST-0622,220622,4,44,5G-STD-01,5G 스탠다드,A,20230801,0,30000,105000,2026-09-17T23:00:00,synthetic-seeder,F
220623,202609,BILL-220623,ENTR-PAYMENT-POST-0623,220623,4,45,5G-STD-01,5G 스탠다드,A,20230801,0,35000,110000,2026-09-17T23:00:00,synthetic-seeder,M
220624,202609,BILL-220624,ENTR-PAYMENT-POST-0624,220624,4,46,5G-STD-01,5G 스탠다드,A,20230801,3300,10000,88300,2026-09-17T23:00:00,synthetic-seeder,F
220625,202609,BILL-220625,ENTR-PAYMENT-POST-0625,220625,4,47,5G-STD-01,5G 스탠다드,A,20230801,0,15000,90000,2026-09-17T23:00:00,synthetic-seeder,M
220626,202609,BILL-220626,ENTR-PAYMENT-POST-0626,220626,4,48,5G-STD-01,5G 스탠다드,A,20230801,0,20000,95000,2026-09-17T23:00:00,synthetic-seeder,F
220627,202609,BILL-220627,ENTR-PAYMENT-POST-0627,220627,4,49,5G-STD-01,5G 스탠다드,A,20230801,3300,25000,103300,2026-09-17T23:00:00,synthetic-seeder,M
220628,202609,BILL-220628,ENTR-PAYMENT-POST-0628,220628,5,50,5G-STD-01,5G 스탠다드,A,20230801,0,30000,105000,2026-09-17T23:00:00,synthetic-seeder,F
220629,202609,BILL-220629,ENTR-PAYMENT-POST-0629,220629,5,51,5G-STD-01,5G 스탠다드,A,20230801,0,35000,110000,2026-09-17T23:00:00,synthetic-seeder,M
220630,202609,BILL-220630,ENTR-PAYMENT-POST-0630,220630,5,52,5G-STD-01,5G 스탠다드,A,20230801,3300,10000,88300,2026-09-17T23:00:00,synthetic-seeder,F
220631,202609,BILL-220631,ENTR-PAYMENT-POST-0631,220631,5,53,5G-STD-01,5G 스탠다드,A,20230801,0,15000,90000,2026-09-17T23:00:00,synthetic-seeder,M
220632,202609,BILL-220632,ENTR-PAYMENT-POST-0632,220632,5,54,5G-STD-01,5G 스탠다드,A,20230801,0,20000,95000,2026-09-17T23:00:00,synthetic-seeder,F
220633,202609,BILL-220633,ENTR-PAYMENT-POST-0633,220633,5,55,5G-STD-01,5G 스탠다드,A,20230801,3300,25000,103300,2026-09-17T23:00:00,synthetic-seeder,M
220634,202609,BILL-220634,ENTR-PAYMENT-POST-0634,220634,5,56,5G-STD-01,5G 스탠다드,A,20230801,0,30000,105000,2026-09-17T23:00:00,synthetic-seeder,F
220635,202609,BILL-220635,ENTR-PAYMENT-POST-0635,220635,5,57,5G-STD-01,5G 스탠다드,A,20230801,0,35000,110000,2026-09-17T23:00:00,synthetic-seeder,M
220636,202609,BILL-220636,ENTR-PAYMENT-POST-0636,220636,5,58,5G-STD-01,5G 스탠다드,A,20230801,3300,10000,88300,2026-09-17T23:00:00,synthetic-seeder,F
220637,202609,BILL-220637,ENTR-PAYMENT-POST-0637,220637,5,59,5G-STD-01,5G 스탠다드,A,20230801,0,15000,90000,2026-09-17T23:00:00,synthetic-seeder,M
220638,202609,BILL-220638,ENTR-PAYMENT-POST-0638,220638,6,60,5G-STD-01,5G 스탠다드,A,20230801,0,20000,95000,2026-09-17T23:00:00,synthetic-seeder,F
220639,202609,BILL-220639,ENTR-PAYMENT-POST-0639,220639,6,61,5G-STD-01,5G 스탠다드,A,20230801,3300,25000,103300,2026-09-17T23:00:00,synthetic-seeder,M
220640,202609,BILL-220640,ENTR-PAYMENT-POST-0640,220640,2,22,5G-STD-01,5G 스탠다드,A,20230801,0,30000,105000,2026-09-17T23:00:00,synthetic-seeder,F
310009,202609,BILL-310009,ENTR-ROAMING-BASELINE-0009,310009,3,34,5G-STD-01,5G 스탠다드,A,20230801,0,0,75000,2026-09-04T23:00:00,synthetic-seeder,M
310004,202609,BILL-310004,ENTR-ROAMING-BASELINE-0004,310004,2,29,5G-STD-01,5G 스탠다드,A,20230801,0,0,75000,2026-09-04T23:00:00,synthetic-seeder,F
310005,202609,BILL-310005,ENTR-ROAMING-BASELINE-0005,310005,3,30,5G-STD-01,5G 스탠다드,A,20230801,0,0,75000,2026-09-04T23:00:00,synthetic-seeder,M
310016,202609,BILL-310016,ENTR-ROAMING-BASELINE-0016,310016,4,41,5G-STD-01,5G 스탠다드,A,20230801,0,0,75000,2026-09-04T23:00:00,synthetic-seeder,F
310012,202609,BILL-310012,ENTR-ROAMING-BASELINE-0012,310012,3,37,5G-STD-01,5G 스탠다드,A,20230801,0,0,75000,2026-09-04T23:00:00,synthetic-seeder,F
310019,202609,BILL-310019,ENTR-ROAMING-BASELINE-0019,310019,4,44,5G-STD-01,5G 스탠다드,A,20230801,0,0,75000,2026-09-04T23:00:00,synthetic-seeder,M
310003,202609,BILL-310003,ENTR-ROAMING-BASELINE-0003,310003,2,28,5G-STD-01,5G 스탠다드,A,20230801,0,0,75000,2026-09-04T23:00:00,synthetic-seeder,M
310001,202609,BILL-310001,ENTR-ROAMING-BASELINE-0001,310001,2,26,5G-STD-01,5G 스탠다드,A,20230801,0,0,75000,2026-09-04T23:00:00,synthetic-seeder,M
310006,202609,BILL-310006,ENTR-ROAMING-BASELINE-0006,310006,3,31,5G-STD-01,5G 스탠다드,A,20230801,0,0,75000,2026-09-04T23:00:00,synthetic-seeder,F
310018,202609,BILL-310018,ENTR-ROAMING-BASELINE-0018,310018,4,43,5G-STD-01,5G 스탠다드,A,20230801,0,0,75000,2026-09-04T23:00:00,synthetic-seeder,F
310002,202609,BILL-310002,ENTR-ROAMING-BASELINE-0002,310002,2,27,5G-STD-01,5G 스탠다드,A,20230801,0,0,75000,2026-09-04T23:00:00,synthetic-seeder,F
310013,202609,BILL-310013,ENTR-ROAMING-BASELINE-0013,310013,3,38,5G-STD-01,5G 스탠다드,A,20230801,0,0,75000,2026-09-04T23:00:00,synthetic-seeder,M
310011,202609,BILL-310011,ENTR-ROAMING-BASELINE-0011,310011,3,36,5G-STD-01,5G 스탠다드,A,20230801,0,0,75000,2026-09-04T23:00:00,synthetic-seeder,M
310007,202609,BILL-310007,ENTR-ROAMING-BASELINE-0007,310007,3,32,5G-STD-01,5G 스탠다드,A,20230801,0,0,75000,2026-09-04T23:00:00,synthetic-seeder,M
310020,202609,BILL-310020,ENTR-ROAMING-BASELINE-0020,310020,4,45,5G-STD-01,5G 스탠다드,A,20230801,0,0,75000,2026-09-04T23:00:00,synthetic-seeder,F
310015,202609,BILL-310015,ENTR-ROAMING-BASELINE-0015,310015,4,40,5G-STD-01,5G 스탠다드,A,20230801,0,0,75000,2026-09-04T23:00:00,synthetic-seeder,M
310017,202609,BILL-310017,ENTR-ROAMING-BASELINE-0017,310017,4,42,5G-STD-01,5G 스탠다드,A,20230801,0,0,75000,2026-09-04T23:00:00,synthetic-seeder,M
310008,202609,BILL-310008,ENTR-ROAMING-BASELINE-0008,310008,3,33,5G-STD-01,5G 스탠다드,A,20230801,0,0,75000,2026-09-04T23:00:00,synthetic-seeder,F
310014,202609,BILL-310014,ENTR-ROAMING-BASELINE-0014,310014,3,39,5G-STD-01,5G 스탠다드,A,20230801,0,0,75000,2026-09-04T23:00:00,synthetic-seeder,F
310010,202609,BILL-310010,ENTR-ROAMING-BASELINE-0010,310010,3,35,5G-STD-01,5G 스탠다드,A,20230801,0,0,75000,2026-09-04T23:00:00,synthetic-seeder,F
310118,202609,BILL-310118,ENTR-ROAMING-BASELINE-0118,310118,4,43,5G-STD-01,5G 스탠다드,A,20230801,0,0,75000,2026-09-05T23:00:00,synthetic-seeder,F
310108,202609,BILL-310108,ENTR-ROAMING-BASELINE-0108,310108,3,33,5G-STD-01,5G 스탠다드,A,20230801,0,0,75000,2026-09-05T23:00:00,synthetic-seeder,F
310104,202609,BILL-310104,ENTR-ROAMING-BASELINE-0104,310104,2,29,5G-STD-01,5G 스탠다드,A,20230801,0,0,75000,2026-09-05T23:00:00,synthetic-seeder,F
310113,202609,BILL-310113,ENTR-ROAMING-BASELINE-0113,310113,3,38,5G-STD-01,5G 스탠다드,A,20230801,0,0,75000,2026-09-05T23:00:00,synthetic-seeder,M
310111,202609,BILL-310111,ENTR-ROAMING-BASELINE-0111,310111,3,36,5G-STD-01,5G 스탠다드,A,20230801,0,0,75000,2026-09-05T23:00:00,synthetic-seeder,M
310110,202609,BILL-310110,ENTR-ROAMING-BASELINE-0110,310110,3,35,5G-STD-01,5G 스탠다드,A,20230801,0,0,75000,2026-09-05T23:00:00,synthetic-seeder,F
310119,202609,BILL-310119,ENTR-ROAMING-BASELINE-0119,310119,4,44,5G-STD-01,5G 스탠다드,A,20230801,0,0,75000,2026-09-05T23:00:00,synthetic-seeder,M
310106,202609,BILL-310106,ENTR-ROAMING-BASELINE-0106,310106,3,31,5G-STD-01,5G 스탠다드,A,20230801,0,0,75000,2026-09-05T23:00:00,synthetic-seeder,F
310117,202609,BILL-310117,ENTR-ROAMING-BASELINE-0117,310117,4,42,5G-STD-01,5G 스탠다드,A,20230801,0,0,75000,2026-09-05T23:00:00,synthetic-seeder,M
310120,202609,BILL-310120,ENTR-ROAMING-BASELINE-0120,310120,4,45,5G-STD-01,5G 스탠다드,A,20230801,0,0,75000,2026-09-05T23:00:00,synthetic-seeder,F
310109,202609,BILL-310109,ENTR-ROAMING-BASELINE-0109,310109,3,34,5G-STD-01,5G 스탠다드,A,20230801,0,0,75000,2026-09-05T23:00:00,synthetic-seeder,M
310105,202609,BILL-310105,ENTR-ROAMING-BASELINE-0105,310105,3,30,5G-STD-01,5G 스탠다드,A,20230801,0,0,75000,2026-09-05T23:00:00,synthetic-seeder,M
310115,202609,BILL-310115,ENTR-ROAMING-BASELINE-0115,310115,4,40,5G-STD-01,5G 스탠다드,A,20230801,0,0,75000,2026-09-05T23:00:00,synthetic-seeder,M
310116,202609,BILL-310116,ENTR-ROAMING-BASELINE-0116,310116,4,41,5G-STD-01,5G 스탠다드,A,20230801,0,0,75000,2026-09-05T23:00:00,synthetic-seeder,F
310114,202609,BILL-310114,ENTR-ROAMING-BASELINE-0114,310114,3,39,5G-STD-01,5G 스탠다드,A,20230801,0,0,75000,2026-09-05T23:00:00,synthetic-seeder,F
310102,202609,BILL-310102,ENTR-ROAMING-BASELINE-0102,310102,2,27,5G-STD-01,5G 스탠다드,A,20230801,0,0,75000,2026-09-05T23:00:00,synthetic-seeder,F
310107,202609,BILL-310107,ENTR-ROAMING-BASELINE-0107,310107,3,32,5G-STD-01,5G 스탠다드,A,20230801,0,0,75000,2026-09-05T23:00:00,synthetic-seeder,M
310101,202609,BILL-310101,ENTR-ROAMING-BASELINE-0101,310101,2,26,5G-STD-01,5G 스탠다드,A,20230801,0,0,75000,2026-09-05T23:00:00,synthetic-seeder,M
310112,202609,BILL-310112,ENTR-ROAMING-BASELINE-0112,310112,3,37,5G-STD-01,5G 스탠다드,A,20230801,0,0,75000,2026-09-05T23:00:00,synthetic-seeder,F
310103,202609,BILL-310103,ENTR-ROAMING-BASELINE-0103,310103,2,28,5G-STD-01,5G 스탠다드,A,20230801,0,0,75000,2026-09-05T23:00:00,synthetic-seeder,M
310203,202609,BILL-310203,ENTR-ROAMING-BASELINE-0203,310203,2,28,5G-STD-01,5G 스탠다드,A,20230801,0,0,75000,2026-09-06T23:00:00,synthetic-seeder,M
310202,202609,BILL-310202,ENTR-ROAMING-BASELINE-0202,310202,2,27,5G-STD-01,5G 스탠다드,A,20230801,0,0,75000,2026-09-06T23:00:00,synthetic-seeder,F
310220,202609,BILL-310220,ENTR-ROAMING-BASELINE-0220,310220,4,45,5G-STD-01,5G 스탠다드,A,20230801,0,0,75000,2026-09-06T23:00:00,synthetic-seeder,F
310211,202609,BILL-310211,ENTR-ROAMING-BASELINE-0211,310211,3,36,5G-STD-01,5G 스탠다드,A,20230801,0,0,75000,2026-09-06T23:00:00,synthetic-seeder,M
310214,202609,BILL-310214,ENTR-ROAMING-BASELINE-0214,310214,3,39,5G-STD-01,5G 스탠다드,A,20230801,0,0,75000,2026-09-06T23:00:00,synthetic-seeder,F
310210,202609,BILL-310210,ENTR-ROAMING-BASELINE-0210,310210,3,35,5G-STD-01,5G 스탠다드,A,20230801,0,0,75000,2026-09-06T23:00:00,synthetic-seeder,F
310209,202609,BILL-310209,ENTR-ROAMING-BASELINE-0209,310209,3,34,5G-STD-01,5G 스탠다드,A,20230801,0,0,75000,2026-09-06T23:00:00,synthetic-seeder,M
310213,202609,BILL-310213,ENTR-ROAMING-BASELINE-0213,310213,3,38,5G-STD-01,5G 스탠다드,A,20230801,0,0,75000,2026-09-06T23:00:00,synthetic-seeder,M
310201,202609,BILL-310201,ENTR-ROAMING-BASELINE-0201,310201,2,26,5G-STD-01,5G 스탠다드,A,20230801,0,0,75000,2026-09-06T23:00:00,synthetic-seeder,M
310215,202609,BILL-310215,ENTR-ROAMING-BASELINE-0215,310215,4,40,5G-STD-01,5G 스탠다드,A,20230801,0,0,75000,2026-09-06T23:00:00,synthetic-seeder,M
310204,202609,BILL-310204,ENTR-ROAMING-BASELINE-0204,310204,2,29,5G-STD-01,5G 스탠다드,A,20230801,0,0,75000,2026-09-06T23:00:00,synthetic-seeder,F
310219,202609,BILL-310219,ENTR-ROAMING-BASELINE-0219,310219,4,44,5G-STD-01,5G 스탠다드,A,20230801,0,0,75000,2026-09-06T23:00:00,synthetic-seeder,M
310207,202609,BILL-310207,ENTR-ROAMING-BASELINE-0207,310207,3,32,5G-STD-01,5G 스탠다드,A,20230801,0,0,75000,2026-09-06T23:00:00,synthetic-seeder,M
310206,202609,BILL-310206,ENTR-ROAMING-BASELINE-0206,310206,3,31,5G-STD-01,5G 스탠다드,A,20230801,0,0,75000,2026-09-06T23:00:00,synthetic-seeder,F
310217,202609,BILL-310217,ENTR-ROAMING-BASELINE-0217,310217,4,42,5G-STD-01,5G 스탠다드,A,20230801,0,0,75000,2026-09-06T23:00:00,synthetic-seeder,M
310208,202609,BILL-310208,ENTR-ROAMING-BASELINE-0208,310208,3,33,5G-STD-01,5G 스탠다드,A,20230801,0,0,75000,2026-09-06T23:00:00,synthetic-seeder,F
310205,202609,BILL-310205,ENTR-ROAMING-BASELINE-0205,310205,3,30,5G-STD-01,5G 스탠다드,A,20230801,0,0,75000,2026-09-06T23:00:00,synthetic-seeder,M
310212,202609,BILL-310212,ENTR-ROAMING-BASELINE-0212,310212,3,37,5G-STD-01,5G 스탠다드,A,20230801,0,0,75000,2026-09-06T23:00:00,synthetic-seeder,F
310218,202609,BILL-310218,ENTR-ROAMING-BASELINE-0218,310218,4,43,5G-STD-01,5G 스탠다드,A,20230801,0,0,75000,2026-09-06T23:00:00,synthetic-seeder,F
310216,202609,BILL-310216,ENTR-ROAMING-BASELINE-0216,310216,4,41,5G-STD-01,5G 스탠다드,A,20230801,0,0,75000,2026-09-06T23:00:00,synthetic-seeder,F
310310,202609,BILL-310310,ENTR-ROAMING-BASELINE-0310,310310,3,35,5G-STD-01,5G 스탠다드,A,20230801,0,0,75000,2026-09-07T23:00:00,synthetic-seeder,F
310301,202609,BILL-310301,ENTR-ROAMING-BASELINE-0301,310301,2,26,5G-STD-01,5G 스탠다드,A,20230801,0,0,75000,2026-09-07T23:00:00,synthetic-seeder,M
310315,202609,BILL-310315,ENTR-ROAMING-BASELINE-0315,310315,4,40,5G-STD-01,5G 스탠다드,A,20230801,0,0,75000,2026-09-07T23:00:00,synthetic-seeder,M
310316,202609,BILL-310316,ENTR-ROAMING-BASELINE-0316,310316,4,41,5G-STD-01,5G 스탠다드,A,20230801,0,0,75000,2026-09-07T23:00:00,synthetic-seeder,F
310302,202609,BILL-310302,ENTR-ROAMING-BASELINE-0302,310302,2,27,5G-STD-01,5G 스탠다드,A,20230801,0,0,75000,2026-09-07T23:00:00,synthetic-seeder,F
310306,202609,BILL-310306,ENTR-ROAMING-BASELINE-0306,310306,3,31,5G-STD-01,5G 스탠다드,A,20230801,0,0,75000,2026-09-07T23:00:00,synthetic-seeder,F
310305,202609,BILL-310305,ENTR-ROAMING-BASELINE-0305,310305,3,30,5G-STD-01,5G 스탠다드,A,20230801,0,0,75000,2026-09-07T23:00:00,synthetic-seeder,M
310312,202609,BILL-310312,ENTR-ROAMING-BASELINE-0312,310312,3,37,5G-STD-01,5G 스탠다드,A,20230801,0,0,75000,2026-09-07T23:00:00,synthetic-seeder,F
310309,202609,BILL-310309,ENTR-ROAMING-BASELINE-0309,310309,3,34,5G-STD-01,5G 스탠다드,A,20230801,0,0,75000,2026-09-07T23:00:00,synthetic-seeder,M
310307,202609,BILL-310307,ENTR-ROAMING-BASELINE-0307,310307,3,32,5G-STD-01,5G 스탠다드,A,20230801,0,0,75000,2026-09-07T23:00:00,synthetic-seeder,M
310317,202609,BILL-310317,ENTR-ROAMING-BASELINE-0317,310317,4,42,5G-STD-01,5G 스탠다드,A,20230801,0,0,75000,2026-09-07T23:00:00,synthetic-seeder,M
310313,202609,BILL-310313,ENTR-ROAMING-BASELINE-0313,310313,3,38,5G-STD-01,5G 스탠다드,A,20230801,0,0,75000,2026-09-07T23:00:00,synthetic-seeder,M
310314,202609,BILL-310314,ENTR-ROAMING-BASELINE-0314,310314,3,39,5G-STD-01,5G 스탠다드,A,20230801,0,0,75000,2026-09-07T23:00:00,synthetic-seeder,F
310308,202609,BILL-310308,ENTR-ROAMING-BASELINE-0308,310308,3,33,5G-STD-01,5G 스탠다드,A,20230801,0,0,75000,2026-09-07T23:00:00,synthetic-seeder,F
310319,202609,BILL-310319,ENTR-ROAMING-BASELINE-0319,310319,4,44,5G-STD-01,5G 스탠다드,A,20230801,0,0,75000,2026-09-07T23:00:00,synthetic-seeder,M
310318,202609,BILL-310318,ENTR-ROAMING-BASELINE-0318,310318,4,43,5G-STD-01,5G 스탠다드,A,20230801,0,0,75000,2026-09-07T23:00:00,synthetic-seeder,F
310320,202609,BILL-310320,ENTR-ROAMING-BASELINE-0320,310320,4,45,5G-STD-01,5G 스탠다드,A,20230801,0,0,75000,2026-09-07T23:00:00,synthetic-seeder,F
310311,202609,BILL-310311,ENTR-ROAMING-BASELINE-0311,310311,3,36,5G-STD-01,5G 스탠다드,A,20230801,0,0,75000,2026-09-07T23:00:00,synthetic-seeder,M
310304,202609,BILL-310304,ENTR-ROAMING-BASELINE-0304,310304,2,29,5G-STD-01,5G 스탠다드,A,20230801,0,0,75000,2026-09-07T23:00:00,synthetic-seeder,F
310303,202609,BILL-310303,ENTR-ROAMING-BASELINE-0303,310303,2,28,5G-STD-01,5G 스탠다드,A,20230801,0,0,75000,2026-09-07T23:00:00,synthetic-seeder,M
310411,202609,BILL-310411,ENTR-ROAMING-BASELINE-0411,310411,3,36,5G-STD-01,5G 스탠다드,A,20230801,0,0,75000,2026-09-08T23:00:00,synthetic-seeder,M
310404,202609,BILL-310404,ENTR-ROAMING-BASELINE-0404,310404,2,29,5G-STD-01,5G 스탠다드,A,20230801,0,0,75000,2026-09-08T23:00:00,synthetic-seeder,F
310418,202609,BILL-310418,ENTR-ROAMING-BASELINE-0418,310418,4,43,5G-STD-01,5G 스탠다드,A,20230801,0,0,75000,2026-09-08T23:00:00,synthetic-seeder,F
310403,202609,BILL-310403,ENTR-ROAMING-BASELINE-0403,310403,2,28,5G-STD-01,5G 스탠다드,A,20230801,0,0,75000,2026-09-08T23:00:00,synthetic-seeder,M
310408,202609,BILL-310408,ENTR-ROAMING-BASELINE-0408,310408,3,33,5G-STD-01,5G 스탠다드,A,20230801,0,0,75000,2026-09-08T23:00:00,synthetic-seeder,F
310410,202609,BILL-310410,ENTR-ROAMING-BASELINE-0410,310410,3,35,5G-STD-01,5G 스탠다드,A,20230801,0,0,75000,2026-09-08T23:00:00,synthetic-seeder,F
310417,202609,BILL-310417,ENTR-ROAMING-BASELINE-0417,310417,4,42,5G-STD-01,5G 스탠다드,A,20230801,0,0,75000,2026-09-08T23:00:00,synthetic-seeder,M
310415,202609,BILL-310415,ENTR-ROAMING-BASELINE-0415,310415,4,40,5G-STD-01,5G 스탠다드,A,20230801,0,0,75000,2026-09-08T23:00:00,synthetic-seeder,M
310406,202609,BILL-310406,ENTR-ROAMING-BASELINE-0406,310406,3,31,5G-STD-01,5G 스탠다드,A,20230801,0,0,75000,2026-09-08T23:00:00,synthetic-seeder,F
310416,202609,BILL-310416,ENTR-ROAMING-BASELINE-0416,310416,4,41,5G-STD-01,5G 스탠다드,A,20230801,0,0,75000,2026-09-08T23:00:00,synthetic-seeder,F
310414,202609,BILL-310414,ENTR-ROAMING-BASELINE-0414,310414,3,39,5G-STD-01,5G 스탠다드,A,20230801,0,0,75000,2026-09-08T23:00:00,synthetic-seeder,F
310419,202609,BILL-310419,ENTR-ROAMING-BASELINE-0419,310419,4,44,5G-STD-01,5G 스탠다드,A,20230801,0,0,75000,2026-09-08T23:00:00,synthetic-seeder,M
310402,202609,BILL-310402,ENTR-ROAMING-BASELINE-0402,310402,2,27,5G-STD-01,5G 스탠다드,A,20230801,0,0,75000,2026-09-08T23:00:00,synthetic-seeder,F
310409,202609,BILL-310409,ENTR-ROAMING-BASELINE-0409,310409,3,34,5G-STD-01,5G 스탠다드,A,20230801,0,0,75000,2026-09-08T23:00:00,synthetic-seeder,M
310405,202609,BILL-310405,ENTR-ROAMING-BASELINE-0405,310405,3,30,5G-STD-01,5G 스탠다드,A,20230801,0,0,75000,2026-09-08T23:00:00,synthetic-seeder,M
310420,202609,BILL-310420,ENTR-ROAMING-BASELINE-0420,310420,4,45,5G-STD-01,5G 스탠다드,A,20230801,0,0,75000,2026-09-08T23:00:00,synthetic-seeder,F
310413,202609,BILL-310413,ENTR-ROAMING-BASELINE-0413,310413,3,38,5G-STD-01,5G 스탠다드,A,20230801,0,0,75000,2026-09-08T23:00:00,synthetic-seeder,M
310407,202609,BILL-310407,ENTR-ROAMING-BASELINE-0407,310407,3,32,5G-STD-01,5G 스탠다드,A,20230801,0,0,75000,2026-09-08T23:00:00,synthetic-seeder,M
310412,202609,BILL-310412,ENTR-ROAMING-BASELINE-0412,310412,3,37,5G-STD-01,5G 스탠다드,A,20230801,0,0,75000,2026-09-08T23:00:00,synthetic-seeder,F
310401,202609,BILL-310401,ENTR-ROAMING-BASELINE-0401,310401,2,26,5G-STD-01,5G 스탠다드,A,20230801,0,0,75000,2026-09-08T23:00:00,synthetic-seeder,M
310516,202609,BILL-310516,ENTR-ROAMING-BASELINE-0516,310516,4,41,5G-STD-01,5G 스탠다드,A,20230801,0,0,75000,2026-09-09T23:00:00,synthetic-seeder,F
310517,202609,BILL-310517,ENTR-ROAMING-BASELINE-0517,310517,4,42,5G-STD-01,5G 스탠다드,A,20230801,0,0,75000,2026-09-09T23:00:00,synthetic-seeder,M
310503,202609,BILL-310503,ENTR-ROAMING-BASELINE-0503,310503,2,28,5G-STD-01,5G 스탠다드,A,20230801,0,0,75000,2026-09-09T23:00:00,synthetic-seeder,M
310510,202609,BILL-310510,ENTR-ROAMING-BASELINE-0510,310510,3,35,5G-STD-01,5G 스탠다드,A,20230801,0,0,75000,2026-09-09T23:00:00,synthetic-seeder,F
310504,202609,BILL-310504,ENTR-ROAMING-BASELINE-0504,310504,2,29,5G-STD-01,5G 스탠다드,A,20230801,0,0,75000,2026-09-09T23:00:00,synthetic-seeder,F
310502,202609,BILL-310502,ENTR-ROAMING-BASELINE-0502,310502,2,27,5G-STD-01,5G 스탠다드,A,20230801,0,0,75000,2026-09-09T23:00:00,synthetic-seeder,F
310512,202609,BILL-310512,ENTR-ROAMING-BASELINE-0512,310512,3,37,5G-STD-01,5G 스탠다드,A,20230801,0,0,75000,2026-09-09T23:00:00,synthetic-seeder,F
310519,202609,BILL-310519,ENTR-ROAMING-BASELINE-0519,310519,4,44,5G-STD-01,5G 스탠다드,A,20230801,0,0,75000,2026-09-09T23:00:00,synthetic-seeder,M
310508,202609,BILL-310508,ENTR-ROAMING-BASELINE-0508,310508,3,33,5G-STD-01,5G 스탠다드,A,20230801,0,0,75000,2026-09-09T23:00:00,synthetic-seeder,F
310501,202609,BILL-310501,ENTR-ROAMING-BASELINE-0501,310501,2,26,5G-STD-01,5G 스탠다드,A,20230801,0,0,75000,2026-09-09T23:00:00,synthetic-seeder,M
310506,202609,BILL-310506,ENTR-ROAMING-BASELINE-0506,310506,3,31,5G-STD-01,5G 스탠다드,A,20230801,0,0,75000,2026-09-09T23:00:00,synthetic-seeder,F
310518,202609,BILL-310518,ENTR-ROAMING-BASELINE-0518,310518,4,43,5G-STD-01,5G 스탠다드,A,20230801,0,0,75000,2026-09-09T23:00:00,synthetic-seeder,F
310515,202609,BILL-310515,ENTR-ROAMING-BASELINE-0515,310515,4,40,5G-STD-01,5G 스탠다드,A,20230801,0,0,75000,2026-09-09T23:00:00,synthetic-seeder,M
310505,202609,BILL-310505,ENTR-ROAMING-BASELINE-0505,310505,3,30,5G-STD-01,5G 스탠다드,A,20230801,0,0,75000,2026-09-09T23:00:00,synthetic-seeder,M
310513,202609,BILL-310513,ENTR-ROAMING-BASELINE-0513,310513,3,38,5G-STD-01,5G 스탠다드,A,20230801,0,0,75000,2026-09-09T23:00:00,synthetic-seeder,M
310511,202609,BILL-310511,ENTR-ROAMING-BASELINE-0511,310511,3,36,5G-STD-01,5G 스탠다드,A,20230801,0,0,75000,2026-09-09T23:00:00,synthetic-seeder,M
310520,202609,BILL-310520,ENTR-ROAMING-BASELINE-0520,310520,4,45,5G-STD-01,5G 스탠다드,A,20230801,0,0,75000,2026-09-09T23:00:00,synthetic-seeder,F
310507,202609,BILL-310507,ENTR-ROAMING-BASELINE-0507,310507,3,32,5G-STD-01,5G 스탠다드,A,20230801,0,0,75000,2026-09-09T23:00:00,synthetic-seeder,M
310514,202609,BILL-310514,ENTR-ROAMING-BASELINE-0514,310514,3,39,5G-STD-01,5G 스탠다드,A,20230801,0,0,75000,2026-09-09T23:00:00,synthetic-seeder,F
310509,202609,BILL-310509,ENTR-ROAMING-BASELINE-0509,310509,3,34,5G-STD-01,5G 스탠다드,A,20230801,0,0,75000,2026-09-09T23:00:00,synthetic-seeder,M
310613,202609,BILL-310613,ENTR-ROAMING-BASELINE-0613,310613,3,38,5G-STD-01,5G 스탠다드,A,20230801,0,0,75000,2026-09-10T23:00:00,synthetic-seeder,M
310616,202609,BILL-310616,ENTR-ROAMING-BASELINE-0616,310616,4,41,5G-STD-01,5G 스탠다드,A,20230801,0,0,75000,2026-09-10T23:00:00,synthetic-seeder,F
310619,202609,BILL-310619,ENTR-ROAMING-BASELINE-0619,310619,4,44,5G-STD-01,5G 스탠다드,A,20230801,0,0,75000,2026-09-10T23:00:00,synthetic-seeder,M
310602,202609,BILL-310602,ENTR-ROAMING-BASELINE-0602,310602,2,27,5G-STD-01,5G 스탠다드,A,20230801,0,0,75000,2026-09-10T23:00:00,synthetic-seeder,F
310611,202609,BILL-310611,ENTR-ROAMING-BASELINE-0611,310611,3,36,5G-STD-01,5G 스탠다드,A,20230801,0,0,75000,2026-09-10T23:00:00,synthetic-seeder,M
310603,202609,BILL-310603,ENTR-ROAMING-BASELINE-0603,310603,2,28,5G-STD-01,5G 스탠다드,A,20230801,0,0,75000,2026-09-10T23:00:00,synthetic-seeder,M
310610,202609,BILL-310610,ENTR-ROAMING-BASELINE-0610,310610,3,35,5G-STD-01,5G 스탠다드,A,20230801,0,0,75000,2026-09-10T23:00:00,synthetic-seeder,F
310609,202609,BILL-310609,ENTR-ROAMING-BASELINE-0609,310609,3,34,5G-STD-01,5G 스탠다드,A,20230801,0,0,75000,2026-09-10T23:00:00,synthetic-seeder,M
310617,202609,BILL-310617,ENTR-ROAMING-BASELINE-0617,310617,4,42,5G-STD-01,5G 스탠다드,A,20230801,0,0,75000,2026-09-10T23:00:00,synthetic-seeder,M
310615,202609,BILL-310615,ENTR-ROAMING-BASELINE-0615,310615,4,40,5G-STD-01,5G 스탠다드,A,20230801,0,0,75000,2026-09-10T23:00:00,synthetic-seeder,M
310606,202609,BILL-310606,ENTR-ROAMING-BASELINE-0606,310606,3,31,5G-STD-01,5G 스탠다드,A,20230801,0,0,75000,2026-09-10T23:00:00,synthetic-seeder,F
310604,202609,BILL-310604,ENTR-ROAMING-BASELINE-0604,310604,2,29,5G-STD-01,5G 스탠다드,A,20230801,0,0,75000,2026-09-10T23:00:00,synthetic-seeder,F
310605,202609,BILL-310605,ENTR-ROAMING-BASELINE-0605,310605,3,30,5G-STD-01,5G 스탠다드,A,20230801,0,0,75000,2026-09-10T23:00:00,synthetic-seeder,M
310601,202609,BILL-310601,ENTR-ROAMING-BASELINE-0601,310601,2,26,5G-STD-01,5G 스탠다드,A,20230801,0,0,75000,2026-09-10T23:00:00,synthetic-seeder,M
310620,202609,BILL-310620,ENTR-ROAMING-BASELINE-0620,310620,4,45,5G-STD-01,5G 스탠다드,A,20230801,0,0,75000,2026-09-10T23:00:00,synthetic-seeder,F
310614,202609,BILL-310614,ENTR-ROAMING-BASELINE-0614,310614,3,39,5G-STD-01,5G 스탠다드,A,20230801,0,0,75000,2026-09-10T23:00:00,synthetic-seeder,F
310612,202609,BILL-310612,ENTR-ROAMING-BASELINE-0612,310612,3,37,5G-STD-01,5G 스탠다드,A,20230801,0,0,75000,2026-09-10T23:00:00,synthetic-seeder,F
310608,202609,BILL-310608,ENTR-ROAMING-BASELINE-0608,310608,3,33,5G-STD-01,5G 스탠다드,A,20230801,0,0,75000,2026-09-10T23:00:00,synthetic-seeder,F
310618,202609,BILL-310618,ENTR-ROAMING-BASELINE-0618,310618,4,43,5G-STD-01,5G 스탠다드,A,20230801,0,0,75000,2026-09-10T23:00:00,synthetic-seeder,F
310607,202609,BILL-310607,ENTR-ROAMING-BASELINE-0607,310607,3,32,5G-STD-01,5G 스탠다드,A,20230801,0,0,75000,2026-09-10T23:00:00,synthetic-seeder,M
320005,202609,BILL-320005,ENTR-ROAMING-POST-0005,320005,3,30,5G-STD-01,5G 스탠다드,A,20230801,0,0,75000,2026-09-11T23:00:00,synthetic-seeder,M
320004,202609,BILL-320004,ENTR-ROAMING-POST-0004,320004,2,29,5G-STD-01,5G 스탠다드,A,20230801,0,0,75000,2026-09-11T23:00:00,synthetic-seeder,F
320010,202609,BILL-320010,ENTR-ROAMING-POST-0010,320010,3,35,5G-STD-01,5G 스탠다드,A,20230801,0,0,75000,2026-09-11T23:00:00,synthetic-seeder,F
320001,202609,BILL-320001,ENTR-ROAMING-POST-0001,320001,2,26,5G-STD-01,5G 스탠다드,A,20230801,0,0,75000,2026-09-11T23:00:00,synthetic-seeder,M
320002,202609,BILL-320002,ENTR-ROAMING-POST-0002,320002,2,27,5G-STD-01,5G 스탠다드,A,20230801,0,0,75000,2026-09-11T23:00:00,synthetic-seeder,F
320014,202609,BILL-320014,ENTR-ROAMING-POST-0014,320014,3,39,5G-STD-01,5G 스탠다드,A,20230801,0,0,75000,2026-09-11T23:00:00,synthetic-seeder,F
320009,202609,BILL-320009,ENTR-ROAMING-POST-0009,320009,3,34,5G-STD-01,5G 스탠다드,A,20230801,0,0,75000,2026-09-11T23:00:00,synthetic-seeder,M
320013,202609,BILL-320013,ENTR-ROAMING-POST-0013,320013,3,38,5G-STD-01,5G 스탠다드,A,20230801,0,0,75000,2026-09-11T23:00:00,synthetic-seeder,M
320016,202609,BILL-320016,ENTR-ROAMING-POST-0016,320016,4,41,5G-STD-01,5G 스탠다드,A,20230801,0,0,75000,2026-09-11T23:00:00,synthetic-seeder,F
320019,202609,BILL-320019,ENTR-ROAMING-POST-0019,320019,4,44,5G-STD-01,5G 스탠다드,A,20230801,0,0,75000,2026-09-11T23:00:00,synthetic-seeder,M
320012,202609,BILL-320012,ENTR-ROAMING-POST-0012,320012,3,37,5G-STD-01,5G 스탠다드,A,20230801,0,0,75000,2026-09-11T23:00:00,synthetic-seeder,F
320003,202609,BILL-320003,ENTR-ROAMING-POST-0003,320003,2,28,5G-STD-01,5G 스탠다드,A,20230801,0,0,75000,2026-09-11T23:00:00,synthetic-seeder,M
320008,202609,BILL-320008,ENTR-ROAMING-POST-0008,320008,3,33,5G-STD-01,5G 스탠다드,A,20230801,0,0,75000,2026-09-11T23:00:00,synthetic-seeder,F
320007,202609,BILL-320007,ENTR-ROAMING-POST-0007,320007,3,32,5G-STD-01,5G 스탠다드,A,20230801,0,0,75000,2026-09-11T23:00:00,synthetic-seeder,M
320017,202609,BILL-320017,ENTR-ROAMING-POST-0017,320017,4,42,5G-STD-01,5G 스탠다드,A,20230801,0,0,75000,2026-09-11T23:00:00,synthetic-seeder,M
320011,202609,BILL-320011,ENTR-ROAMING-POST-0011,320011,3,36,5G-STD-01,5G 스탠다드,A,20230801,0,0,75000,2026-09-11T23:00:00,synthetic-seeder,M
320006,202609,BILL-320006,ENTR-ROAMING-POST-0006,320006,3,31,5G-STD-01,5G 스탠다드,A,20230801,0,0,75000,2026-09-11T23:00:00,synthetic-seeder,F
320015,202609,BILL-320015,ENTR-ROAMING-POST-0015,320015,4,40,5G-STD-01,5G 스탠다드,A,20230801,0,0,75000,2026-09-11T23:00:00,synthetic-seeder,M
320018,202609,BILL-320018,ENTR-ROAMING-POST-0018,320018,4,43,5G-STD-01,5G 스탠다드,A,20230801,0,0,75000,2026-09-11T23:00:00,synthetic-seeder,F
320020,202609,BILL-320020,ENTR-ROAMING-POST-0020,320020,4,45,5G-STD-01,5G 스탠다드,A,20230801,0,0,75000,2026-09-11T23:00:00,synthetic-seeder,F
320105,202609,BILL-320105,ENTR-ROAMING-POST-0105,320105,3,30,5G-STD-01,5G 스탠다드,A,20230801,0,0,75000,2026-09-12T23:00:00,synthetic-seeder,M
320118,202609,BILL-320118,ENTR-ROAMING-POST-0118,320118,4,43,5G-STD-01,5G 스탠다드,A,20230801,0,0,75000,2026-09-12T23:00:00,synthetic-seeder,F
320110,202609,BILL-320110,ENTR-ROAMING-POST-0110,320110,3,35,5G-STD-01,5G 스탠다드,A,20230801,0,0,75000,2026-09-12T23:00:00,synthetic-seeder,F
320106,202609,BILL-320106,ENTR-ROAMING-POST-0106,320106,3,31,5G-STD-01,5G 스탠다드,A,20230801,0,0,75000,2026-09-12T23:00:00,synthetic-seeder,F
320119,202609,BILL-320119,ENTR-ROAMING-POST-0119,320119,4,44,5G-STD-01,5G 스탠다드,A,20230801,0,0,75000,2026-09-12T23:00:00,synthetic-seeder,M
320113,202609,BILL-320113,ENTR-ROAMING-POST-0113,320113,3,38,5G-STD-01,5G 스탠다드,A,20230801,0,0,75000,2026-09-12T23:00:00,synthetic-seeder,M
320112,202609,BILL-320112,ENTR-ROAMING-POST-0112,320112,3,37,5G-STD-01,5G 스탠다드,A,20230801,0,0,75000,2026-09-12T23:00:00,synthetic-seeder,F
320116,202609,BILL-320116,ENTR-ROAMING-POST-0116,320116,4,41,5G-STD-01,5G 스탠다드,A,20230801,0,0,75000,2026-09-12T23:00:00,synthetic-seeder,F
320109,202609,BILL-320109,ENTR-ROAMING-POST-0109,320109,3,34,5G-STD-01,5G 스탠다드,A,20230801,0,0,75000,2026-09-12T23:00:00,synthetic-seeder,M
320117,202609,BILL-320117,ENTR-ROAMING-POST-0117,320117,4,42,5G-STD-01,5G 스탠다드,A,20230801,0,0,75000,2026-09-12T23:00:00,synthetic-seeder,M
320115,202609,BILL-320115,ENTR-ROAMING-POST-0115,320115,4,40,5G-STD-01,5G 스탠다드,A,20230801,0,0,75000,2026-09-12T23:00:00,synthetic-seeder,M
320102,202609,BILL-320102,ENTR-ROAMING-POST-0102,320102,2,27,5G-STD-01,5G 스탠다드,A,20230801,0,0,75000,2026-09-12T23:00:00,synthetic-seeder,F
320104,202609,BILL-320104,ENTR-ROAMING-POST-0104,320104,2,29,5G-STD-01,5G 스탠다드,A,20230801,0,0,75000,2026-09-12T23:00:00,synthetic-seeder,F
320108,202609,BILL-320108,ENTR-ROAMING-POST-0108,320108,3,33,5G-STD-01,5G 스탠다드,A,20230801,0,0,75000,2026-09-12T23:00:00,synthetic-seeder,F
320120,202609,BILL-320120,ENTR-ROAMING-POST-0120,320120,4,45,5G-STD-01,5G 스탠다드,A,20230801,0,0,75000,2026-09-12T23:00:00,synthetic-seeder,F
320101,202609,BILL-320101,ENTR-ROAMING-POST-0101,320101,2,26,5G-STD-01,5G 스탠다드,A,20230801,0,0,75000,2026-09-12T23:00:00,synthetic-seeder,M
320114,202609,BILL-320114,ENTR-ROAMING-POST-0114,320114,3,39,5G-STD-01,5G 스탠다드,A,20230801,0,0,75000,2026-09-12T23:00:00,synthetic-seeder,F
320107,202609,BILL-320107,ENTR-ROAMING-POST-0107,320107,3,32,5G-STD-01,5G 스탠다드,A,20230801,0,0,75000,2026-09-12T23:00:00,synthetic-seeder,M
320103,202609,BILL-320103,ENTR-ROAMING-POST-0103,320103,2,28,5G-STD-01,5G 스탠다드,A,20230801,0,0,75000,2026-09-12T23:00:00,synthetic-seeder,M
320111,202609,BILL-320111,ENTR-ROAMING-POST-0111,320111,3,36,5G-STD-01,5G 스탠다드,A,20230801,0,0,75000,2026-09-12T23:00:00,synthetic-seeder,M
320211,202609,BILL-320211,ENTR-ROAMING-POST-0211,320211,3,36,5G-STD-01,5G 스탠다드,A,20230801,0,0,75000,2026-09-13T23:00:00,synthetic-seeder,M
320216,202609,BILL-320216,ENTR-ROAMING-POST-0216,320216,4,41,5G-STD-01,5G 스탠다드,A,20230801,0,0,75000,2026-09-13T23:00:00,synthetic-seeder,F
320203,202609,BILL-320203,ENTR-ROAMING-POST-0203,320203,2,28,5G-STD-01,5G 스탠다드,A,20230801,0,0,75000,2026-09-13T23:00:00,synthetic-seeder,M
320208,202609,BILL-320208,ENTR-ROAMING-POST-0208,320208,3,33,5G-STD-01,5G 스탠다드,A,20230801,0,0,75000,2026-09-13T23:00:00,synthetic-seeder,F
320214,202609,BILL-320214,ENTR-ROAMING-POST-0214,320214,3,39,5G-STD-01,5G 스탠다드,A,20230801,0,0,75000,2026-09-13T23:00:00,synthetic-seeder,F
320210,202609,BILL-320210,ENTR-ROAMING-POST-0210,320210,3,35,5G-STD-01,5G 스탠다드,A,20230801,0,0,75000,2026-09-13T23:00:00,synthetic-seeder,F
320215,202609,BILL-320215,ENTR-ROAMING-POST-0215,320215,4,40,5G-STD-01,5G 스탠다드,A,20230801,0,0,75000,2026-09-13T23:00:00,synthetic-seeder,M
320207,202609,BILL-320207,ENTR-ROAMING-POST-0207,320207,3,32,5G-STD-01,5G 스탠다드,A,20230801,0,0,75000,2026-09-13T23:00:00,synthetic-seeder,M
320204,202609,BILL-320204,ENTR-ROAMING-POST-0204,320204,2,29,5G-STD-01,5G 스탠다드,A,20230801,0,0,75000,2026-09-13T23:00:00,synthetic-seeder,F
320205,202609,BILL-320205,ENTR-ROAMING-POST-0205,320205,3,30,5G-STD-01,5G 스탠다드,A,20230801,0,0,75000,2026-09-13T23:00:00,synthetic-seeder,M
320212,202609,BILL-320212,ENTR-ROAMING-POST-0212,320212,3,37,5G-STD-01,5G 스탠다드,A,20230801,0,0,75000,2026-09-13T23:00:00,synthetic-seeder,F
320213,202609,BILL-320213,ENTR-ROAMING-POST-0213,320213,3,38,5G-STD-01,5G 스탠다드,A,20230801,0,0,75000,2026-09-13T23:00:00,synthetic-seeder,M
320201,202609,BILL-320201,ENTR-ROAMING-POST-0201,320201,2,26,5G-STD-01,5G 스탠다드,A,20230801,0,0,75000,2026-09-13T23:00:00,synthetic-seeder,M
320202,202609,BILL-320202,ENTR-ROAMING-POST-0202,320202,2,27,5G-STD-01,5G 스탠다드,A,20230801,0,0,75000,2026-09-13T23:00:00,synthetic-seeder,F
320219,202609,BILL-320219,ENTR-ROAMING-POST-0219,320219,4,44,5G-STD-01,5G 스탠다드,A,20230801,0,0,75000,2026-09-13T23:00:00,synthetic-seeder,M
320218,202609,BILL-320218,ENTR-ROAMING-POST-0218,320218,4,43,5G-STD-01,5G 스탠다드,A,20230801,0,0,75000,2026-09-13T23:00:00,synthetic-seeder,F
320206,202609,BILL-320206,ENTR-ROAMING-POST-0206,320206,3,31,5G-STD-01,5G 스탠다드,A,20230801,0,0,75000,2026-09-13T23:00:00,synthetic-seeder,F
320209,202609,BILL-320209,ENTR-ROAMING-POST-0209,320209,3,34,5G-STD-01,5G 스탠다드,A,20230801,0,0,75000,2026-09-13T23:00:00,synthetic-seeder,M
320217,202609,BILL-320217,ENTR-ROAMING-POST-0217,320217,4,42,5G-STD-01,5G 스탠다드,A,20230801,0,0,75000,2026-09-13T23:00:00,synthetic-seeder,M
320220,202609,BILL-320220,ENTR-ROAMING-POST-0220,320220,4,45,5G-STD-01,5G 스탠다드,A,20230801,0,0,75000,2026-09-13T23:00:00,synthetic-seeder,F
320306,202609,BILL-320306,ENTR-ROAMING-POST-0306,320306,3,31,5G-STD-01,5G 스탠다드,A,20230801,0,0,75000,2026-09-14T23:00:00,synthetic-seeder,F
320317,202609,BILL-320317,ENTR-ROAMING-POST-0317,320317,4,42,5G-STD-01,5G 스탠다드,A,20230801,0,0,75000,2026-09-14T23:00:00,synthetic-seeder,M
320315,202609,BILL-320315,ENTR-ROAMING-POST-0315,320315,4,40,5G-STD-01,5G 스탠다드,A,20230801,0,0,75000,2026-09-14T23:00:00,synthetic-seeder,M
320314,202609,BILL-320314,ENTR-ROAMING-POST-0314,320314,3,39,5G-STD-01,5G 스탠다드,A,20230801,0,0,75000,2026-09-14T23:00:00,synthetic-seeder,F
320311,202609,BILL-320311,ENTR-ROAMING-POST-0311,320311,3,36,5G-STD-01,5G 스탠다드,A,20230801,0,0,75000,2026-09-14T23:00:00,synthetic-seeder,M
320316,202609,BILL-320316,ENTR-ROAMING-POST-0316,320316,4,41,5G-STD-01,5G 스탠다드,A,20230801,0,0,75000,2026-09-14T23:00:00,synthetic-seeder,F
320302,202609,BILL-320302,ENTR-ROAMING-POST-0302,320302,2,27,5G-STD-01,5G 스탠다드,A,20230801,0,0,75000,2026-09-14T23:00:00,synthetic-seeder,F
320309,202609,BILL-320309,ENTR-ROAMING-POST-0309,320309,3,34,5G-STD-01,5G 스탠다드,A,20230801,0,0,75000,2026-09-14T23:00:00,synthetic-seeder,M
320308,202609,BILL-320308,ENTR-ROAMING-POST-0308,320308,3,33,5G-STD-01,5G 스탠다드,A,20230801,0,0,75000,2026-09-14T23:00:00,synthetic-seeder,F
320310,202609,BILL-320310,ENTR-ROAMING-POST-0310,320310,3,35,5G-STD-01,5G 스탠다드,A,20230801,0,0,75000,2026-09-14T23:00:00,synthetic-seeder,F
320303,202609,BILL-320303,ENTR-ROAMING-POST-0303,320303,2,28,5G-STD-01,5G 스탠다드,A,20230801,0,0,75000,2026-09-14T23:00:00,synthetic-seeder,M
320301,202609,BILL-320301,ENTR-ROAMING-POST-0301,320301,2,26,5G-STD-01,5G 스탠다드,A,20230801,0,0,75000,2026-09-14T23:00:00,synthetic-seeder,M
320320,202609,BILL-320320,ENTR-ROAMING-POST-0320,320320,4,45,5G-STD-01,5G 스탠다드,A,20230801,0,0,75000,2026-09-14T23:00:00,synthetic-seeder,F
320312,202609,BILL-320312,ENTR-ROAMING-POST-0312,320312,3,37,5G-STD-01,5G 스탠다드,A,20230801,0,0,75000,2026-09-14T23:00:00,synthetic-seeder,F
320319,202609,BILL-320319,ENTR-ROAMING-POST-0319,320319,4,44,5G-STD-01,5G 스탠다드,A,20230801,0,0,75000,2026-09-14T23:00:00,synthetic-seeder,M
320304,202609,BILL-320304,ENTR-ROAMING-POST-0304,320304,2,29,5G-STD-01,5G 스탠다드,A,20230801,0,0,75000,2026-09-14T23:00:00,synthetic-seeder,F
320318,202609,BILL-320318,ENTR-ROAMING-POST-0318,320318,4,43,5G-STD-01,5G 스탠다드,A,20230801,0,0,75000,2026-09-14T23:00:00,synthetic-seeder,F
320305,202609,BILL-320305,ENTR-ROAMING-POST-0305,320305,3,30,5G-STD-01,5G 스탠다드,A,20230801,0,0,75000,2026-09-14T23:00:00,synthetic-seeder,M
320307,202609,BILL-320307,ENTR-ROAMING-POST-0307,320307,3,32,5G-STD-01,5G 스탠다드,A,20230801,0,0,75000,2026-09-14T23:00:00,synthetic-seeder,M
320313,202609,BILL-320313,ENTR-ROAMING-POST-0313,320313,3,38,5G-STD-01,5G 스탠다드,A,20230801,0,0,75000,2026-09-14T23:00:00,synthetic-seeder,M
320401,202609,BILL-320401,ENTR-ROAMING-POST-0401,320401,2,26,5G-STD-01,5G 스탠다드,A,20230801,0,0,75000,2026-09-15T23:00:00,synthetic-seeder,M
320403,202609,BILL-320403,ENTR-ROAMING-POST-0403,320403,2,28,5G-STD-01,5G 스탠다드,A,20230801,0,0,75000,2026-09-15T23:00:00,synthetic-seeder,M
320406,202609,BILL-320406,ENTR-ROAMING-POST-0406,320406,3,31,5G-STD-01,5G 스탠다드,A,20230801,0,0,75000,2026-09-15T23:00:00,synthetic-seeder,F
320408,202609,BILL-320408,ENTR-ROAMING-POST-0408,320408,3,33,5G-STD-01,5G 스탠다드,A,20230801,0,0,75000,2026-09-15T23:00:00,synthetic-seeder,F
320420,202609,BILL-320420,ENTR-ROAMING-POST-0420,320420,4,45,5G-STD-01,5G 스탠다드,A,20230801,0,0,75000,2026-09-15T23:00:00,synthetic-seeder,F
320404,202609,BILL-320404,ENTR-ROAMING-POST-0404,320404,2,29,5G-STD-01,5G 스탠다드,A,20230801,0,0,75000,2026-09-15T23:00:00,synthetic-seeder,F
320417,202609,BILL-320417,ENTR-ROAMING-POST-0417,320417,4,42,5G-STD-01,5G 스탠다드,A,20230801,0,0,75000,2026-09-15T23:00:00,synthetic-seeder,M
320411,202609,BILL-320411,ENTR-ROAMING-POST-0411,320411,3,36,5G-STD-01,5G 스탠다드,A,20230801,0,0,75000,2026-09-15T23:00:00,synthetic-seeder,M
320414,202609,BILL-320414,ENTR-ROAMING-POST-0414,320414,3,39,5G-STD-01,5G 스탠다드,A,20230801,0,0,75000,2026-09-15T23:00:00,synthetic-seeder,F
320405,202609,BILL-320405,ENTR-ROAMING-POST-0405,320405,3,30,5G-STD-01,5G 스탠다드,A,20230801,0,0,75000,2026-09-15T23:00:00,synthetic-seeder,M
320409,202609,BILL-320409,ENTR-ROAMING-POST-0409,320409,3,34,5G-STD-01,5G 스탠다드,A,20230801,0,0,75000,2026-09-15T23:00:00,synthetic-seeder,M
320416,202609,BILL-320416,ENTR-ROAMING-POST-0416,320416,4,41,5G-STD-01,5G 스탠다드,A,20230801,0,0,75000,2026-09-15T23:00:00,synthetic-seeder,F
320407,202609,BILL-320407,ENTR-ROAMING-POST-0407,320407,3,32,5G-STD-01,5G 스탠다드,A,20230801,0,0,75000,2026-09-15T23:00:00,synthetic-seeder,M
320412,202609,BILL-320412,ENTR-ROAMING-POST-0412,320412,3,37,5G-STD-01,5G 스탠다드,A,20230801,0,0,75000,2026-09-15T23:00:00,synthetic-seeder,F
320410,202609,BILL-320410,ENTR-ROAMING-POST-0410,320410,3,35,5G-STD-01,5G 스탠다드,A,20230801,0,0,75000,2026-09-15T23:00:00,synthetic-seeder,F
320419,202609,BILL-320419,ENTR-ROAMING-POST-0419,320419,4,44,5G-STD-01,5G 스탠다드,A,20230801,0,0,75000,2026-09-15T23:00:00,synthetic-seeder,M
320415,202609,BILL-320415,ENTR-ROAMING-POST-0415,320415,4,40,5G-STD-01,5G 스탠다드,A,20230801,0,0,75000,2026-09-15T23:00:00,synthetic-seeder,M
320413,202609,BILL-320413,ENTR-ROAMING-POST-0413,320413,3,38,5G-STD-01,5G 스탠다드,A,20230801,0,0,75000,2026-09-15T23:00:00,synthetic-seeder,M
320402,202609,BILL-320402,ENTR-ROAMING-POST-0402,320402,2,27,5G-STD-01,5G 스탠다드,A,20230801,0,0,75000,2026-09-15T23:00:00,synthetic-seeder,F
320418,202609,BILL-320418,ENTR-ROAMING-POST-0418,320418,4,43,5G-STD-01,5G 스탠다드,A,20230801,0,0,75000,2026-09-15T23:00:00,synthetic-seeder,F
320511,202609,BILL-320511,ENTR-ROAMING-POST-0511,320511,3,36,5G-STD-01,5G 스탠다드,A,20230801,0,0,75000,2026-09-16T23:00:00,synthetic-seeder,M
320508,202609,BILL-320508,ENTR-ROAMING-POST-0508,320508,3,33,5G-STD-01,5G 스탠다드,A,20230801,0,0,75000,2026-09-16T23:00:00,synthetic-seeder,F
320516,202609,BILL-320516,ENTR-ROAMING-POST-0516,320516,4,41,5G-STD-01,5G 스탠다드,A,20230801,0,0,75000,2026-09-16T23:00:00,synthetic-seeder,F
320519,202609,BILL-320519,ENTR-ROAMING-POST-0519,320519,4,44,5G-STD-01,5G 스탠다드,A,20230801,0,0,75000,2026-09-16T23:00:00,synthetic-seeder,M
320502,202609,BILL-320502,ENTR-ROAMING-POST-0502,320502,2,27,5G-STD-01,5G 스탠다드,A,20230801,0,0,75000,2026-09-16T23:00:00,synthetic-seeder,F
320503,202609,BILL-320503,ENTR-ROAMING-POST-0503,320503,2,28,5G-STD-01,5G 스탠다드,A,20230801,0,0,75000,2026-09-16T23:00:00,synthetic-seeder,M
320520,202609,BILL-320520,ENTR-ROAMING-POST-0520,320520,4,45,5G-STD-01,5G 스탠다드,A,20230801,0,0,75000,2026-09-16T23:00:00,synthetic-seeder,F
320515,202609,BILL-320515,ENTR-ROAMING-POST-0515,320515,4,40,5G-STD-01,5G 스탠다드,A,20230801,0,0,75000,2026-09-16T23:00:00,synthetic-seeder,M
320509,202609,BILL-320509,ENTR-ROAMING-POST-0509,320509,3,34,5G-STD-01,5G 스탠다드,A,20230801,0,0,75000,2026-09-16T23:00:00,synthetic-seeder,M
320507,202609,BILL-320507,ENTR-ROAMING-POST-0507,320507,3,32,5G-STD-01,5G 스탠다드,A,20230801,0,0,75000,2026-09-16T23:00:00,synthetic-seeder,M
320518,202609,BILL-320518,ENTR-ROAMING-POST-0518,320518,4,43,5G-STD-01,5G 스탠다드,A,20230801,0,0,75000,2026-09-16T23:00:00,synthetic-seeder,F
320517,202609,BILL-320517,ENTR-ROAMING-POST-0517,320517,4,42,5G-STD-01,5G 스탠다드,A,20230801,0,0,75000,2026-09-16T23:00:00,synthetic-seeder,M
320506,202609,BILL-320506,ENTR-ROAMING-POST-0506,320506,3,31,5G-STD-01,5G 스탠다드,A,20230801,0,0,75000,2026-09-16T23:00:00,synthetic-seeder,F
320514,202609,BILL-320514,ENTR-ROAMING-POST-0514,320514,3,39,5G-STD-01,5G 스탠다드,A,20230801,0,0,75000,2026-09-16T23:00:00,synthetic-seeder,F
320512,202609,BILL-320512,ENTR-ROAMING-POST-0512,320512,3,37,5G-STD-01,5G 스탠다드,A,20230801,0,0,75000,2026-09-16T23:00:00,synthetic-seeder,F
320501,202609,BILL-320501,ENTR-ROAMING-POST-0501,320501,2,26,5G-STD-01,5G 스탠다드,A,20230801,0,0,75000,2026-09-16T23:00:00,synthetic-seeder,M
320504,202609,BILL-320504,ENTR-ROAMING-POST-0504,320504,2,29,5G-STD-01,5G 스탠다드,A,20230801,0,0,75000,2026-09-16T23:00:00,synthetic-seeder,F
320510,202609,BILL-320510,ENTR-ROAMING-POST-0510,320510,3,35,5G-STD-01,5G 스탠다드,A,20230801,0,0,75000,2026-09-16T23:00:00,synthetic-seeder,F
320505,202609,BILL-320505,ENTR-ROAMING-POST-0505,320505,3,30,5G-STD-01,5G 스탠다드,A,20230801,0,0,75000,2026-09-16T23:00:00,synthetic-seeder,M
320513,202609,BILL-320513,ENTR-ROAMING-POST-0513,320513,3,38,5G-STD-01,5G 스탠다드,A,20230801,0,0,75000,2026-09-16T23:00:00,synthetic-seeder,M
320609,202609,BILL-320609,ENTR-ROAMING-POST-0609,320609,3,34,5G-STD-01,5G 스탠다드,A,20230801,0,0,75000,2026-09-17T23:00:00,synthetic-seeder,M
320618,202609,BILL-320618,ENTR-ROAMING-POST-0618,320618,4,43,5G-STD-01,5G 스탠다드,A,20230801,0,0,75000,2026-09-17T23:00:00,synthetic-seeder,F
320611,202609,BILL-320611,ENTR-ROAMING-POST-0611,320611,3,36,5G-STD-01,5G 스탠다드,A,20230801,0,0,75000,2026-09-17T23:00:00,synthetic-seeder,M
320612,202609,BILL-320612,ENTR-ROAMING-POST-0612,320612,3,37,5G-STD-01,5G 스탠다드,A,20230801,0,0,75000,2026-09-17T23:00:00,synthetic-seeder,F
320613,202609,BILL-320613,ENTR-ROAMING-POST-0613,320613,3,38,5G-STD-01,5G 스탠다드,A,20230801,0,0,75000,2026-09-17T23:00:00,synthetic-seeder,M
320606,202609,BILL-320606,ENTR-ROAMING-POST-0606,320606,3,31,5G-STD-01,5G 스탠다드,A,20230801,0,0,75000,2026-09-17T23:00:00,synthetic-seeder,F
320614,202609,BILL-320614,ENTR-ROAMING-POST-0614,320614,3,39,5G-STD-01,5G 스탠다드,A,20230801,0,0,75000,2026-09-17T23:00:00,synthetic-seeder,F
320601,202609,BILL-320601,ENTR-ROAMING-POST-0601,320601,2,26,5G-STD-01,5G 스탠다드,A,20230801,0,0,75000,2026-09-17T23:00:00,synthetic-seeder,M
320603,202609,BILL-320603,ENTR-ROAMING-POST-0603,320603,2,28,5G-STD-01,5G 스탠다드,A,20230801,0,0,75000,2026-09-17T23:00:00,synthetic-seeder,M
320617,202609,BILL-320617,ENTR-ROAMING-POST-0617,320617,4,42,5G-STD-01,5G 스탠다드,A,20230801,0,0,75000,2026-09-17T23:00:00,synthetic-seeder,M
320615,202609,BILL-320615,ENTR-ROAMING-POST-0615,320615,4,40,5G-STD-01,5G 스탠다드,A,20230801,0,0,75000,2026-09-17T23:00:00,synthetic-seeder,M
320605,202609,BILL-320605,ENTR-ROAMING-POST-0605,320605,3,30,5G-STD-01,5G 스탠다드,A,20230801,0,0,75000,2026-09-17T23:00:00,synthetic-seeder,M
320602,202609,BILL-320602,ENTR-ROAMING-POST-0602,320602,2,27,5G-STD-01,5G 스탠다드,A,20230801,0,0,75000,2026-09-17T23:00:00,synthetic-seeder,F
320616,202609,BILL-320616,ENTR-ROAMING-POST-0616,320616,4,41,5G-STD-01,5G 스탠다드,A,20230801,0,0,75000,2026-09-17T23:00:00,synthetic-seeder,F
320608,202609,BILL-320608,ENTR-ROAMING-POST-0608,320608,3,33,5G-STD-01,5G 스탠다드,A,20230801,0,0,75000,2026-09-17T23:00:00,synthetic-seeder,F
320619,202609,BILL-320619,ENTR-ROAMING-POST-0619,320619,4,44,5G-STD-01,5G 스탠다드,A,20230801,0,0,75000,2026-09-17T23:00:00,synthetic-seeder,M
320607,202609,BILL-320607,ENTR-ROAMING-POST-0607,320607,3,32,5G-STD-01,5G 스탠다드,A,20230801,0,0,75000,2026-09-17T23:00:00,synthetic-seeder,M
320604,202609,BILL-320604,ENTR-ROAMING-POST-0604,320604,2,29,5G-STD-01,5G 스탠다드,A,20230801,0,0,75000,2026-09-17T23:00:00,synthetic-seeder,F
320610,202609,BILL-320610,ENTR-ROAMING-POST-0610,320610,3,35,5G-STD-01,5G 스탠다드,A,20230801,0,0,75000,2026-09-17T23:00:00,synthetic-seeder,F
320620,202609,BILL-320620,ENTR-ROAMING-POST-0620,320620,4,45,5G-STD-01,5G 스탠다드,A,20230801,0,0,75000,2026-09-17T23:00:00,synthetic-seeder,F
