P_YYYYMMDD,BASE_YYMM,ENTR_NO,ENTR_SVC_SEQNO,CUST_NO,PROD_CD,PROD_NM,BUY_PRC_YN,VAT_INCL_ALL_AMT,SVC_STTS_CD,SVC_STRT_DT,SVC_END_DT,SRVL_YN,EXPY_YN,PROD_ENTR_DAYS,PROD_ENTR_MMCT,ATRC_CHNL_DIVS_NM,EXPY_CHNL_DIVS_NM,BQ_LOAD_DTTM,BQ_LOAD_USER_ID
2026-09-04,202609,ENTR-VAS-BASELINE-0001,ENTR-VAS-BASELINE-0001-1,110001,VAS-SAFE-01,스팸 차단,Y,3300,A,2023-08-01,9999-12-31,Y,N,1130,37,디지털,,2026-09-04T23:00:00,synthetic-seeder
2026-09-04,202609,ENTR-VAS-BASELINE-0001,ENTR-VAS-BASELINE-0001-2,110001,VAS-MEDIA-02,미디어팩,Y,7700,A,2023-08-01,9999-12-31,Y,N,1130,37,디지털,,2026-09-04T23:00:00,synthetic-seeder
2026-09-04,202609,ENTR-VAS-BASELINE-0001,ENTR-VAS-BASELINE-0001-3,110001,VAS-RING-03,통화연결음,Y,1100,A,2023-08-01,9999-12-31,Y,N,1130,37,디지털,,2026-09-04T23:00:00,synthetic-seeder
2026-09-05,202609,ENTR-VAS-BASELINE-0002,ENTR-VAS-BASELINE-0002-1,110002,VAS-SAFE-01,스팸 차단,Y,3300,A,2023-08-01,9999-12-31,Y,N,1131,37,디지털,,2026-09-05T23:00:00,synthetic-seeder
2026-09-05,202609,ENTR-VAS-BASELINE-0002,ENTR-VAS-BASELINE-0002-2,110002,VAS-MEDIA-02,미디어팩,Y,7700,A,2023-08-01,9999-12-31,Y,N,1131,37,디지털,,2026-09-05T23:00:00,synthetic-seeder
2026-09-05,202609,ENTR-VAS-BASELINE-0002,ENTR-VAS-BASELINE-0002-3,110002,VAS-RING-03,통화연결음,Y,1100,A,2023-08-01,9999-12-31,Y,N,1131,37,디지털,,2026-09-05T23:00:00,synthetic-seeder
2026-09-06,202609,ENTR-VAS-BASELINE-0003,ENTR-VAS-BASELINE-0003-1,110003,VAS-SAFE-01,스팸 차단,Y,3300,A,2023-08-01,9999-12-31,Y,N,1132,37,디지털,,2026-09-06T23:00:00,synthetic-seeder
2026-09-06,202609,ENTR-VAS-BASELINE-0003,ENTR-VAS-BASELINE-0003-2,110003,VAS-MEDIA-02,미디어팩,Y,7700,A,2023-08-01,9999-12-31,Y,N,1132,37,디지털,,2026-09-06T23:00:00,synthetic-seeder
2026-09-06,202609,ENTR-VAS-BASELINE-0003,ENTR-VAS-BASELINE-0003-3,110003,VAS-RING-03,통화연결음,Y,1100,A,2023-08-01,9999-12-31,Y,N,1132,37,디지털,,2026-09-06T23:00:00,synthetic-seeder
2026-09-07,202609,ENTR-VAS-BASELINE-0004,ENTR-VAS-BASELINE-0004-1,110004,VAS-SAFE-01,스팸 차단,Y,3300,A,2023-08-01,9999-12-31,Y,N,1133,37,디지털,,2026-09-07T23:00:00,synthetic-seeder
2026-09-07,202609,ENTR-VAS-BASELINE-0004,ENTR-VAS-BASELINE-0004-2,110004,VAS-MEDIA-02,미디어팩,Y,7700,A,2023-08-01,9999-12-31,Y,N,1133,37,디지털,,2026-09-07T23:00:00,synthetic-seeder
2026-09-07,202609,ENTR-VAS-BASELINE-0004,ENTR-VAS-BASELINE-0004-3,110004,VAS-RING-03,통화연결음,Y,1100,A,2023-08-01,9999-12-31,Y,N,1133,37,디지털,,2026-09-07T23:00:00,synthetic-seeder
2026-09-08,202609,ENTR-VAS-BASELINE-0005,ENTR-VAS-BASELINE-0005-1,110005,VAS-SAFE-01,스팸 차단,Y,3300,A,2023-08-01,9999-12-31,Y,N,1134,37,디지털,,2026-09-08T23:00:00,synthetic-seeder
2026-09-08,202609,ENTR-VAS-BASELINE-0005,ENTR-VAS-BASELINE-0005-2,110005,VAS-MEDIA-02,미디어팩,Y,7700,A,2023-08-01,9999-12-31,Y,N,1134,37,디지털,,2026-09-08T23:00:00,synthetic-seeder
2026-09-08,202609,ENTR-VAS-BASELINE-0005,ENTR-VAS-BASELINE-0005-3,110005,VAS-RING-03,통화연결음,Y,1100,A,2023-08-01,9999-12-31,Y,N,1134,37,디지털,,2026-09-08T23:00:00,synthetic-seeder
2026-09-09,202609,ENTR-VAS-BASELINE-0006,ENTR-VAS-BASELINE-0006-1,110006,VAS-SAFE-01,스팸 차단,Y,3300,A,2023-08-01,9999-12-31,Y,N,1135,37,디지털,,2026-09-09T23:00:00,synthetic-seeder
2026-09-09,202609,ENTR-VAS-BASELINE-0006,ENTR-VAS-BASELINE-0006-2,110006,VAS-MEDIA-02,미디어팩,Y,7700,A,2023-08-01,9999-12-31,Y,N,1135,37,디지털,,2026-09-09T23:00:00,synthetic-seeder
2026-09-09,202609,ENTR-VAS-BASELINE-0006,ENTR-VAS-BASELINE-0006-3,110006,VAS-RING-03,통화연결음,Y,1100,A,2023-08-01,9999-12-31,Y,N,1135,37,디지털,,2026-09-09T23:00:00,synthetic-seeder
2026-09-10,202609,ENTR-VAS-BASELINE-0007,ENTR-VAS-BASELINE-0007-1,110007,VAS-SAFE-01,스팸 차단,Y,3300,A,2023-08-01,9999-12-31,Y,N,1136,37,디지털,,2026-09-10T23:00:00,synthetic-seeder
2026-09-10,202609,ENTR-VAS-BASELINE-0007,ENTR-VAS-BASELINE-0007-2,110007,VAS-MEDIA-02,미디어팩,Y,7700,A,2023-08-01,9999-12-31,Y,N,1136,37,디지털,,2026-09-10T23:00:00,synthetic-seeder
2026-09-10,202609,ENTR-VAS-BASELINE-0007,ENTR-VAS-BASELINE-0007-3,110007,VAS-RING-03,통화연결음,Y,1100,A,2023-08-01,9999-12-31,Y,N,1136,37,디지털,,2026-09-10T23:00:00,synthetic-seeder
2026-09-04,202609,ENTR-VAS-BASELINE-0008,ENTR-VAS-BASELINE-0008-1,110008,VAS-SAFE-01,스팸 차단,Y,3300,A,2023-08-01,9999-12-31,Y,N,1130,37,디지털,,2026-09-04T23:00:00,synthetic-seeder
2026-09-04,202609,ENTR-VAS-BASELINE-0008,ENTR-VAS-BASELINE-0008-2,110008,VAS-MEDIA-02,미디어팩,Y,7700,A,2023-08-01,9999-12-31,Y,N,1130,37,디지털,,2026-09-04T23:00:00,synthetic-seeder
2026-09-04,202609,ENTR-VAS-BASELINE-0008,ENTR-VAS-BASELINE-0008-3,110008,VAS-RING-03,통화연결음,Y,1100,A,2023-08-01,9999-12-31,Y,N,1130,37,디지털,,2026-09-04T23:00:00,synthetic-seeder
2026-09-05,202609,ENTR-VAS-BASELINE-0009,ENTR-VAS-BASELINE-0009-1,110009,VAS-SAFE-01,스팸 차단,Y,3300,A,2023-08-01,9999-12-31,Y,N,1131,37,디지털,,2026-09-05T23:00:00,synthetic-seeder
2026-09-05,202609,ENTR-VAS-BASELINE-0009,ENTR-VAS-BASELINE-0009-2,110009,VAS-MEDIA-02,미디어팩,Y,7700,A,2023-08-01,9999-12-31,Y,N,1131,37,디지털,,2026-09-05T23:00:00,synthetic-seeder
2026-09-05,202609,ENTR-VAS-BASELINE-0009,ENTR-VAS-BASELINE-0009-3,110009,VAS-RING-03,통화연결음,Y,1100,A,2023-08-01,9999-12-31,Y,N,1131,37,디지털,,2026-09-05T23:00:00,synthetic-seeder
2026-09-06,202609,ENTR-VAS-BASELINE-0010,ENTR-VAS-BASELINE-0010-1,110010,VAS-SAFE-01,스팸 차단,Y,3300,A,2023-08-01,9999-12-31,Y,N,1132,37,디지털,,2026-09-06T23:00:00,synthetic-seeder
2026-09-06,202609,ENTR-VAS-BASELINE-0010,ENTR-VAS-BASELINE-0010-2,110010,VAS-MEDIA-02,미디어팩,Y,7700,A,2023-08-01,9999-12-31,Y,N,1132,37,디지털,,2026-09-06T23:00:00,synthetic-seeder
2026-09-06,202609,ENTR-VAS-BASELINE-0010,ENTR-VAS-BASELINE-0010-3,110010,VAS-RING-03,통화연결음,Y,1100,A,2023-08-01,9999-12-31,Y,N,1132,37,디지털,,2026-09-06T23:00:00,synthetic-seeder
2026-09-07,202609,ENTR-VAS-BASELINE-0011,ENTR-VAS-BASELINE-0011-1,110011,VAS-SAFE-01,스팸 차단,Y,3300,A,2023-08-01,9999-12-31,Y,N,1133,37,디지털,,2026-09-07T23:00:00,synthetic-seeder
2026-09-07,202609,ENTR-VAS-BASELINE-0011,ENTR-VAS-BASELINE-0011-2,110011,VAS-MEDIA-02,미디어팩,Y,7700,A,2023-08-01,9999-12-31,Y,N,1133,37,디지털,,2026-09-07T23:00:00,synthetic-seeder
2026-09-07,202609,ENTR-VAS-BASELINE-0011,ENTR-VAS-BASELINE-0011-3,110011,VAS-RING-03,통화연결음,Y,1100,A,2023-08-01,9999-12-31,Y,N,1133,37,디지털,,2026-09-07T23:00:00,synthetic-seeder
2026-09-08,202609,ENTR-VAS-BASELINE-0012,ENTR-VAS-BASELINE-0012-1,110012,VAS-SAFE-01,스팸 차단,Y,3300,A,2023-08-01,9999-12-31,Y,N,1134,37,디지털,,2026-09-08T23:00:00,synthetic-seeder
2026-09-08,202609,ENTR-VAS-BASELINE-0012,ENTR-VAS-BASELINE-0012-2,110012,VAS-MEDIA-02,미디어팩,Y,7700,A,2023-08-01,9999-12-31,Y,N,1134,37,디지털,,2026-09-08T23:00:00,synthetic-seeder
2026-09-08,202609,ENTR-VAS-BASELINE-0012,ENTR-VAS-BASELINE-0012-3,110012,VAS-RING-03,통화연결음,Y,1100,A,2023-08-01,9999-12-31,Y,N,1134,37,디지털,,2026-09-08T23:00:00,synthetic-seeder
2026-09-09,202609,ENTR-VAS-BASELINE-0013,ENTR-VAS-BASELINE-0013-1,110013,VAS-SAFE-01,스팸 차단,Y,3300,A,2023-08-01,9999-12-31,Y,N,1135,37,디지털,,2026-09-09T23:00:00,synthetic-seeder
2026-09-09,202609,ENTR-VAS-BASELINE-0013,ENTR-VAS-BASELINE-0013-2,110013,VAS-MEDIA-02,미디어팩,Y,7700,A,2023-08-01,9999-12-31,Y,N,1135,37,디지털,,2026-09-09T23:00:00,synthetic-seeder
2026-09-09,202609,ENTR-VAS-BASELINE-0013,ENTR-VAS-BASELINE-0013-3,110013,VAS-RING-03,통화연결음,Y,1100,A,2023-08-01,9999-12-31,Y,N,1135,37,디지털,,2026-09-09T23:00:00,synthetic-seeder
2026-09-10,202609,ENTR-VAS-BASELINE-0014,ENTR-VAS-BASELINE-0014-1,110014,VAS-SAFE-01,스팸 차단,Y,3300,A,2023-08-01,9999-12-31,Y,N,1136,37,디지털,,2026-09-10T23:00:00,synthetic-seeder
2026-09-10,202609,ENTR-VAS-BASELINE-0014,ENTR-VAS-BASELINE-0014-2,110014,VAS-MEDIA-02,미디어팩,Y,7700,A,2023-08-01,9999-12-31,Y,N,1136,37,디지털,,2026-09-10T23:00:00,synthetic-seeder
2026-09-10,202609,ENTR-VAS-BASELINE-0014,ENTR-VAS-BASELINE-0014-3,110014,VAS-RING-03,통화연결음,Y,1100,A,2023-08-01,9999-12-31,Y,N,1136,37,디지털,,2026-09-10T23:00:00,synthetic-seeder
2026-09-04,202609,ENTR-VAS-BASELINE-0015,ENTR-VAS-BASELINE-0015-1,110015,VAS-SAFE-01,스팸 차단,Y,3300,A,2023-08-01,9999-12-31,Y,N,1130,37,디지털,,2026-09-04T23:00:00,synthetic-seeder
2026-09-04,202609,ENTR-VAS-BASELINE-0015,ENTR-VAS-BASELINE-0015-2,110015,VAS-MEDIA-02,미디어팩,Y,7700,A,2023-08-01,9999-12-31,Y,N,1130,37,디지털,,2026-09-04T23:00:00,synthetic-seeder
2026-09-04,202609,ENTR-VAS-BASELINE-0015,ENTR-VAS-BASELINE-0015-3,110015,VAS-RING-03,통화연결음,Y,1100,A,2023-08-01,9999-12-31,Y,N,1130,37,디지털,,2026-09-04T23:00:00,synthetic-seeder
2026-09-05,202609,ENTR-VAS-BASELINE-0016,ENTR-VAS-BASELINE-0016-1,110016,VAS-SAFE-01,스팸 차단,Y,3300,A,2023-08-01,9999-12-31,Y,N,1131,37,디지털,,2026-09-05T23:00:00,synthetic-seeder
2026-09-05,202609,ENTR-VAS-BASELINE-0016,ENTR-VAS-BASELINE-0016-2,110016,VAS-MEDIA-02,미디어팩,Y,7700,A,2023-08-01,9999-12-31,Y,N,1131,37,디지털,,2026-09-05T23:00:00,synthetic-seeder
2026-09-05,202609,ENTR-VAS-BASELINE-0016,ENTR-VAS-BASELINE-0016-3,110016,VAS-RING-03,통화연결음,Y,1100,A,2023-08-01,9999-12-31,Y,N,1131,37,디지털,,2026-09-05T23:00:00,synthetic-seeder
2026-09-06,202609,ENTR-VAS-BASELINE-0017,ENTR-VAS-BASELINE-0017-1,110017,VAS-SAFE-01,스팸 차단,Y,3300,A,2023-08-01,9999-12-31,Y,N,1132,37,디지털,,2026-09-06T23:00:00,synthetic-seeder
2026-09-06,202609,ENTR-VAS-BASELINE-0017,ENTR-VAS-BASELINE-0017-2,110017,VAS-MEDIA-02,미디어팩,Y,7700,A,2023-08-01,9999-12-31,Y,N,1132,37,디지털,,2026-09-06T23:00:00,synthetic-seeder
2026-09-06,202609,ENTR-VAS-BASELINE-0017,ENTR-VAS-BASELINE-0017-3,110017,VAS-RING-03,통화연결음,Y,1100,A,2023-08-01,9999-12-31,Y,N,1132,37,디지털,,2026-09-06T23:00:00,synthetic-seeder
2026-09-07,202609,ENTR-VAS-BASELINE-0018,ENTR-VAS-BASELINE-0018-1,110018,VAS-SAFE-01,스팸 차단,Y,3300,A,2023-08-01,9999-12-31,Y,N,1133,37,디지털,,2026-09-07T23:00:00,synthetic-seeder
2026-09-07,202609,ENTR-VAS-BASELINE-0018,ENTR-VAS-BASELINE-0018-2,110018,VAS-MEDIA-02,미디어팩,Y,7700,A,2023-08-01,9999-12-31,Y,N,1133,37,디지털,,2026-09-07T23:00:00,synthetic-seeder
2026-09-07,202609,ENTR-VAS-BASELINE-0018,ENTR-VAS-BASELINE-0018-3,110018,VAS-RING-03,통화연결음,Y,1100,A,2023-08-01,9999-12-31,Y,N,1133,37,디지털,,2026-09-07T23:00:00,synthetic-seeder
2026-09-08,202609,ENTR-VAS-BASELINE-0019,ENTR-VAS-BASELINE-0019-1,110019,VAS-SAFE-01,스팸 차단,Y,3300,A,2023-08-01,9999-12-31,Y,N,1134,37,디지털,,2026-09-08T23:00:00,synthetic-seeder
2026-09-08,202609,ENTR-VAS-BASELINE-0019,ENTR-VAS-BASELINE-0019-2,110019,VAS-MEDIA-02,미디어팩,Y,7700,A,2023-08-01,9999-12-31,Y,N,1134,37,디지털,,2026-09-08T23:00:00,synthetic-seeder
2026-09-08,202609,ENTR-VAS-BASELINE-0019,ENTR-VAS-BASELINE-0019-3,110019,VAS-RING-03,통화연결음,Y,1100,A,2023-08-01,9999-12-31,Y,N,1134,37,디지털,,2026-09-08T23:00:00,synthetic-seeder
2026-09-09,202609,ENTR-VAS-BASELINE-0020,ENTR-VAS-BASELINE-0020-1,110020,VAS-SAFE-01,스팸 차단,Y,3300,A,2023-08-01,9999-12-31,Y,N,1135,37,디지털,,2026-09-09T23:00:00,synthetic-seeder
2026-09-09,202609,ENTR-VAS-BASELINE-0020,ENTR-VAS-BASELINE-0020-2,110020,VAS-MEDIA-02,미디어팩,Y,7700,A,2023-08-01,9999-12-31,Y,N,1135,37,디지털,,2026-09-09T23:00:00,synthetic-seeder
2026-09-09,202609,ENTR-VAS-BASELINE-0020,ENTR-VAS-BASELINE-0020-3,110020,VAS-RING-03,통화연결음,Y,1100,A,2023-08-01,9999-12-31,Y,N,1135,37,디지털,,2026-09-09T23:00:00,synthetic-seeder
2026-09-10,202609,ENTR-VAS-BASELINE-0021,ENTR-VAS-BASELINE-0021-1,110021,VAS-SAFE-01,스팸 차단,Y,3300,A,2023-08-01,9999-12-31,Y,N,1136,37,디지털,,2026-09-10T23:00:00,synthetic-seeder
2026-09-10,202609,ENTR-VAS-BASELINE-0021,ENTR-VAS-BASELINE-0021-2,110021,VAS-MEDIA-02,미디어팩,Y,7700,A,2023-08-01,9999-12-31,Y,N,1136,37,디지털,,2026-09-10T23:00:00,synthetic-seeder
2026-09-10,202609,ENTR-VAS-BASELINE-0021,ENTR-VAS-BASELINE-0021-3,110021,VAS-RING-03,통화연결음,Y,1100,A,2023-08-01,9999-12-31,Y,N,1136,37,디지털,,2026-09-10T23:00:00,synthetic-seeder
2026-09-04,202609,ENTR-VAS-BASELINE-0022,ENTR-VAS-BASELINE-0022-1,110022,VAS-SAFE-01,스팸 차단,Y,3300,A,2023-08-01,9999-12-31,Y,N,1130,37,디지털,,2026-09-04T23:00:00,synthetic-seeder
2026-09-04,202609,ENTR-VAS-BASELINE-0022,ENTR-VAS-BASELINE-0022-2,110022,VAS-MEDIA-02,미디어팩,Y,7700,A,2023-08-01,9999-12-31,Y,N,1130,37,디지털,,2026-09-04T23:00:00,synthetic-seeder
2026-09-04,202609,ENTR-VAS-BASELINE-0022,ENTR-VAS-BASELINE-0022-3,110022,VAS-RING-03,통화연결음,Y,1100,A,2023-08-01,9999-12-31,Y,N,1130,37,디지털,,2026-09-04T23:00:00,synthetic-seeder
2026-09-05,202609,ENTR-VAS-BASELINE-0023,ENTR-VAS-BASELINE-0023-1,110023,VAS-SAFE-01,스팸 차단,Y,3300,A,2023-08-01,9999-12-31,Y,N,1131,37,디지털,,2026-09-05T23:00:00,synthetic-seeder
2026-09-05,202609,ENTR-VAS-BASELINE-0023,ENTR-VAS-BASELINE-0023-2,110023,VAS-MEDIA-02,미디어팩,Y,7700,A,2023-08-01,9999-12-31,Y,N,1131,37,디지털,,2026-09-05T23:00:00,synthetic-seeder
2026-09-05,202609,ENTR-VAS-BASELINE-0023,ENTR-VAS-BASELINE-0023-3,110023,VAS-RING-03,통화연결음,Y,1100,A,2023-08-01,9999-12-31,Y,N,1131,37,디지털,,2026-09-05T23:00:00,synthetic-seeder
2026-09-06,202609,ENTR-VAS-BASELINE-0024,ENTR-VAS-BASELINE-0024-1,110024,VAS-SAFE-01,스팸 차단,Y,3300,A,2023-08-01,9999-12-31,Y,N,1132,37,디지털,,2026-09-06T23:00:00,synthetic-seeder
2026-09-06,202609,ENTR-VAS-BASELINE-0024,ENTR-VAS-BASELINE-0024-2,110024,VAS-MEDIA-02,미디어팩,Y,7700,A,2023-08-01,9999-12-31,Y,N,1132,37,디지털,,2026-09-06T23:00:00,synthetic-seeder
2026-09-06,202609,ENTR-VAS-BASELINE-0024,ENTR-VAS-BASELINE-0024-3,110024,VAS-RING-03,통화연결음,Y,1100,A,2023-08-01,9999-12-31,Y,N,1132,37,디지털,,2026-09-06T23:00:00,synthetic-seeder
2026-09-07,202609,ENTR-VAS-BASELINE-0025,ENTR-VAS-BASELINE-0025-1,110025,VAS-SAFE-01,스팸 차단,Y,3300,A,2023-08-01,9999-12-31,Y,N,1133,37,디지털,,2026-09-07T23:00:00,synthetic-seeder
2026-09-07,202609,ENTR-VAS-BASELINE-0025,ENTR-VAS-BASELINE-0025-2,110025,VAS-MEDIA-02,미디어팩,Y,7700,A,2023-08-01,9999-12-31,Y,N,1133,37,디지털,,2026-09-07T23:00:00,synthetic-seeder
2026-09-07,202609,ENTR-VAS-BASELINE-0025,ENTR-VAS-BASELINE-0025-3,110025,VAS-RING-03,통화연결음,Y,1100,A,2023-08-01,9999-12-31,Y,N,1133,37,디지털,,2026-09-07T23:00:00,synthetic-seeder
2026-09-08,202609,ENTR-VAS-BASELINE-0026,ENTR-VAS-BASELINE-0026-1,110026,VAS-SAFE-01,스팸 차단,Y,3300,A,2023-08-01,9999-12-31,Y,N,1134,37,디지털,,2026-09-08T23:00:00,synthetic-seeder
2026-09-08,202609,ENTR-VAS-BASELINE-0026,ENTR-VAS-BASELINE-0026-2,110026,VAS-MEDIA-02,미디어팩,Y,7700,A,2023-08-01,9999-12-31,Y,N,1134,37,디지털,,2026-09-08T23:00:00,synthetic-seeder
2026-09-08,202609,ENTR-VAS-BASELINE-0026,ENTR-VAS-BASELINE-0026-3,110026,VAS-RING-03,통화연결음,Y,1100,A,2023-08-01,9999-12-31,Y,N,1134,37,디지털,,2026-09-08T23:00:00,synthetic-seeder
2026-09-09,202609,ENTR-VAS-BASELINE-0027,ENTR-VAS-BASELINE-0027-1,110027,VAS-SAFE-01,스팸 차단,Y,3300,A,2023-08-01,9999-12-31,Y,N,1135,37,디지털,,2026-09-09T23:00:00,synthetic-seeder
2026-09-09,202609,ENTR-VAS-BASELINE-0027,ENTR-VAS-BASELINE-0027-2,110027,VAS-MEDIA-02,미디어팩,Y,7700,A,2023-08-01,9999-12-31,Y,N,1135,37,디지털,,2026-09-09T23:00:00,synthetic-seeder
2026-09-09,202609,ENTR-VAS-BASELINE-0027,ENTR-VAS-BASELINE-0027-3,110027,VAS-RING-03,통화연결음,Y,1100,A,2023-08-01,9999-12-31,Y,N,1135,37,디지털,,2026-09-09T23:00:00,synthetic-seeder
2026-09-10,202609,ENTR-VAS-BASELINE-0028,ENTR-VAS-BASELINE-0028-1,110028,VAS-SAFE-01,스팸 차단,Y,3300,A,2023-08-01,9999-12-31,Y,N,1136,37,디지털,,2026-09-10T23:00:00,synthetic-seeder
2026-09-10,202609,ENTR-VAS-BASELINE-0028,ENTR-VAS-BASELINE-0028-2,110028,VAS-MEDIA-02,미디어팩,Y,7700,A,2023-08-01,9999-12-31,Y,N,1136,37,디지털,,2026-09-10T23:00:00,synthetic-seeder
2026-09-10,202609,ENTR-VAS-BASELINE-0028,ENTR-VAS-BASELINE-0028-3,110028,VAS-RING-03,통화연결음,Y,1100,A,2023-08-01,9999-12-31,Y,N,1136,37,디지털,,2026-09-10T23:00:00,synthetic-seeder
2026-09-04,202609,ENTR-VAS-BASELINE-0029,ENTR-VAS-BASELINE-0029-1,110029,VAS-SAFE-01,스팸 차단,Y,3300,A,2023-08-01,9999-12-31,Y,N,1130,37,디지털,,2026-09-04T23:00:00,synthetic-seeder
2026-09-04,202609,ENTR-VAS-BASELINE-0029,ENTR-VAS-BASELINE-0029-2,110029,VAS-MEDIA-02,미디어팩,Y,7700,A,2023-08-01,9999-12-31,Y,N,1130,37,디지털,,2026-09-04T23:00:00,synthetic-seeder
2026-09-04,202609,ENTR-VAS-BASELINE-0029,ENTR-VAS-BASELINE-0029-3,110029,VAS-RING-03,통화연결음,Y,1100,A,2023-08-01,9999-12-31,Y,N,1130,37,디지털,,2026-09-04T23:00:00,synthetic-seeder
2026-09-05,202609,ENTR-VAS-BASELINE-0030,ENTR-VAS-BASELINE-0030-1,110030,VAS-SAFE-01,스팸 차단,Y,3300,A,2023-08-01,9999-12-31,Y,N,1131,37,디지털,,2026-09-05T23:00:00,synthetic-seeder
2026-09-05,202609,ENTR-VAS-BASELINE-0030,ENTR-VAS-BASELINE-0030-2,110030,VAS-MEDIA-02,미디어팩,Y,7700,A,2023-08-01,9999-12-31,Y,N,1131,37,디지털,,2026-09-05T23:00:00,synthetic-seeder
2026-09-05,202609,ENTR-VAS-BASELINE-0030,ENTR-VAS-BASELINE-0030-3,110030,VAS-RING-03,통화연결음,Y,1100,A,2023-08-01,9999-12-31,Y,N,1131,37,디지털,,2026-09-05T23:00:00,synthetic-seeder
2026-09-06,202609,ENTR-VAS-BASELINE-0031,ENTR-VAS-BASELINE-0031-1,110031,VAS-SAFE-01,스팸 차단,Y,3300,A,2023-08-01,9999-12-31,Y,N,1132,37,디지털,,2026-09-06T23:00:00,synthetic-seeder
2026-09-06,202609,ENTR-VAS-BASELINE-0031,ENTR-VAS-BASELINE-0031-2,110031,VAS-MEDIA-02,미디어팩,Y,7700,A,2023-08-01,9999-12-31,Y,N,1132,37,디지털,,2026-09-06T23:00:00,synthetic-seeder
2026-09-06,202609,ENTR-VAS-BASELINE-0031,ENTR-VAS-BASELINE-0031-3,110031,VAS-RING-03,통화연결음,Y,1100,A,2023-08-01,9999-12-31,Y,N,1132,37,디지털,,2026-09-06T23:00:00,synthetic-seeder
2026-09-07,202609,ENTR-VAS-BASELINE-0032,ENTR-VAS-BASELINE-0032-1,110032,VAS-SAFE-01,스팸 차단,Y,3300,A,2023-08-01,9999-12-31,Y,N,1133,37,디지털,,2026-09-07T23:00:00,synthetic-seeder
2026-09-07,202609,ENTR-VAS-BASELINE-0032,ENTR-VAS-BASELINE-0032-2,110032,VAS-MEDIA-02,미디어팩,Y,7700,A,2023-08-01,9999-12-31,Y,N,1133,37,디지털,,2026-09-07T23:00:00,synthetic-seeder
2026-09-07,202609,ENTR-VAS-BASELINE-0032,ENTR-VAS-BASELINE-0032-3,110032,VAS-RING-03,통화연결음,Y,1100,A,2023-08-01,9999-12-31,Y,N,1133,37,디지털,,2026-09-07T23:00:00,synthetic-seeder
2026-09-08,202609,ENTR-VAS-BASELINE-0033,ENTR-VAS-BASELINE-0033-1,110033,VAS-SAFE-01,스팸 차단,Y,3300,A,2023-08-01,9999-12-31,Y,N,1134,37,디지털,,2026-09-08T23:00:00,synthetic-seeder
2026-09-08,202609,ENTR-VAS-BASELINE-0033,ENTR-VAS-BASELINE-0033-2,110033,VAS-MEDIA-02,미디어팩,Y,7700,A,2023-08-01,9999-12-31,Y,N,1134,37,디지털,,2026-09-08T23:00:00,synthetic-seeder
2026-09-08,202609,ENTR-VAS-BASELINE-0033,ENTR-VAS-BASELINE-0033-3,110033,VAS-RING-03,통화연결음,Y,1100,A,2023-08-01,9999-12-31,Y,N,1134,37,디지털,,2026-09-08T23:00:00,synthetic-seeder
2026-09-09,202609,ENTR-VAS-BASELINE-0034,ENTR-VAS-BASELINE-0034-1,110034,VAS-SAFE-01,스팸 차단,Y,3300,A,2023-08-01,9999-12-31,Y,N,1135,37,디지털,,2026-09-09T23:00:00,synthetic-seeder
2026-09-09,202609,ENTR-VAS-BASELINE-0034,ENTR-VAS-BASELINE-0034-2,110034,VAS-MEDIA-02,미디어팩,Y,7700,A,2023-08-01,9999-12-31,Y,N,1135,37,디지털,,2026-09-09T23:00:00,synthetic-seeder
2026-09-09,202609,ENTR-VAS-BASELINE-0034,ENTR-VAS-BASELINE-0034-3,110034,VAS-RING-03,통화연결음,Y,1100,A,2023-08-01,9999-12-31,Y,N,1135,37,디지털,,2026-09-09T23:00:00,synthetic-seeder
2026-09-10,202609,ENTR-VAS-BASELINE-0035,ENTR-VAS-BASELINE-0035-1,110035,VAS-SAFE-01,스팸 차단,Y,3300,A,2023-08-01,9999-12-31,Y,N,1136,37,디지털,,2026-09-10T23:00:00,synthetic-seeder
2026-09-10,202609,ENTR-VAS-BASELINE-0035,ENTR-VAS-BASELINE-0035-2,110035,VAS-MEDIA-02,미디어팩,Y,7700,A,2023-08-01,9999-12-31,Y,N,1136,37,디지털,,2026-09-10T23:00:00,synthetic-seeder
2026-09-10,202609,ENTR-VAS-BASELINE-0035,ENTR-VAS-BASELINE-0035-3,110035,VAS-RING-03,통화연결음,Y,1100,A,2023-08-01,9999-12-31,Y,N,1136,37,디지털,,2026-09-10T23:00:00,synthetic-seeder
2026-09-04,202609,ENTR-VAS-BASELINE-0036,ENTR-VAS-BASELINE-0036-1,110036,VAS-SAFE-01,스팸 차단,Y,3300,A,2023-08-01,9999-12-31,Y,N,1130,37,디지털,,2026-09-04T23:00:00,synthetic-seeder
2026-09-04,202609,ENTR-VAS-BASELINE-0036,ENTR-VAS-BASELINE-0036-2,110036,VAS-MEDIA-02,미디어팩,Y,7700,A,2023-08-01,9999-12-31,Y,N,1130,37,디지털,,2026-09-04T23:00:00,synthetic-seeder
2026-09-04,202609,ENTR-VAS-BASELINE-0036,ENTR-VAS-BASELINE-0036-3,110036,VAS-RING-03,통화연결음,Y,1100,A,2023-08-01,9999-12-31,Y,N,1130,37,디지털,,2026-09-04T23:00:00,synthetic-seeder
2026-09-05,202609,ENTR-VAS-BASELINE-0037,ENTR-VAS-BASELINE-0037-1,110037,VAS-SAFE-01,스팸 차단,Y,3300,A,2023-08-01,9999-12-31,Y,N,1131,37,디지털,,2026-09-05T23:00:00,synthetic-seeder
2026-09-05,202609,ENTR-VAS-BASELINE-0037,ENTR-VAS-BASELINE-0037-2,110037,VAS-MEDIA-02,미디어팩,Y,7700,A,2023-08-01,9999-12-31,Y,N,1131,37,디지털,,2026-09-05T23:00:00,synthetic-seeder
2026-09-05,202609,ENTR-VAS-BASELINE-0037,ENTR-VAS-BASELINE-0037-3,110037,VAS-RING-03,통화연결음,Y,1100,A,2023-08-01,9999-12-31,Y,N,1131,37,디지털,,2026-09-05T23:00:00,synthetic-seeder
2026-09-06,202609,ENTR-VAS-BASELINE-0038,ENTR-VAS-BASELINE-0038-1,110038,VAS-SAFE-01,스팸 차단,Y,3300,A,2023-08-01,9999-12-31,Y,N,1132,37,디지털,,2026-09-06T23:00:00,synthetic-seeder
2026-09-06,202609,ENTR-VAS-BASELINE-0038,ENTR-VAS-BASELINE-0038-2,110038,VAS-MEDIA-02,미디어팩,Y,7700,A,2023-08-01,9999-12-31,Y,N,1132,37,디지털,,2026-09-06T23:00:00,synthetic-seeder
2026-09-06,202609,ENTR-VAS-BASELINE-0038,ENTR-VAS-BASELINE-0038-3,110038,VAS-RING-03,통화연결음,Y,1100,A,2023-08-01,9999-12-31,Y,N,1132,37,디지털,,2026-09-06T23:00:00,synthetic-seeder
2026-09-07,202609,ENTR-VAS-BASELINE-0039,ENTR-VAS-BASELINE-0039-1,110039,VAS-SAFE-01,스팸 차단,Y,3300,A,2023-08-01,9999-12-31,Y,N,1133,37,디지털,,2026-09-07T23:00:00,synthetic-seeder
2026-09-07,202609,ENTR-VAS-BASELINE-0039,ENTR-VAS-BASELINE-0039-2,110039,VAS-MEDIA-02,미디어팩,Y,7700,A,2023-08-01,9999-12-31,Y,N,1133,37,디지털,,2026-09-07T23:00:00,synthetic-seeder
2026-09-07,202609,ENTR-VAS-BASELINE-0039,ENTR-VAS-BASELINE-0039-3,110039,VAS-RING-03,통화연결음,Y,1100,A,2023-08-01,9999-12-31,Y,N,1133,37,디지털,,2026-09-07T23:00:00,synthetic-seeder
2026-09-08,202609,ENTR-VAS-BASELINE-0040,ENTR-VAS-BASELINE-0040-1,110040,VAS-SAFE-01,스팸 차단,Y,3300,A,2023-08-01,9999-12-31,Y,N,1134,37,디지털,,2026-09-08T23:00:00,synthetic-seeder
2026-09-08,202609,ENTR-VAS-BASELINE-0040,ENTR-VAS-BASELINE-0040-2,110040,VAS-MEDIA-02,미디어팩,Y,7700,A,2023-08-01,9999-12-31,Y,N,1134,37,디지털,,2026-09-08T23:00:00,synthetic-seeder
2026-09-08,202609,ENTR-VAS-BASELINE-0040,ENTR-VAS-BASELINE-0040-3,110040,VAS-RING-03,통화연결음,Y,1100,A,2023-08-01,9999-12-31,Y,N,1134,37,디지털,,2026-09-08T23:00:00,synthetic-seeder
2026-09-09,202609,ENTR-VAS-BASELINE-0041,ENTR-VAS-BASELINE-0041-1,110041,VAS-SAFE-01,스팸 차단,Y,3300,A,2023-08-01,9999-12-31,Y,N,1135,37,디지털,,2026-09-09T23:00:00,synthetic-seeder
2026-09-09,202609,ENTR-VAS-BASELINE-0041,ENTR-VAS-BASELINE-0041-2,110041,VAS-MEDIA-02,미디어팩,Y,7700,A,2023-08-01,9999-12-31,Y,N,1135,37,디지털,,2026-09-09T23:00:00,synthetic-seeder
2026-09-09,202609,ENTR-VAS-BASELINE-0041,ENTR-VAS-BASELINE-0041-3,110041,VAS-RING-03,통화연결음,Y,1100,A,2023-08-01,9999-12-31,Y,N,1135,37,디지털,,2026-09-09T23:00:00,synthetic-seeder
2026-09-10,202609,ENTR-VAS-BASELINE-0042,ENTR-VAS-BASELINE-0042-1,110042,VAS-SAFE-01,스팸 차단,Y,3300,A,2023-08-01,9999-12-31,Y,N,1136,37,디지털,,2026-09-10T23:00:00,synthetic-seeder
2026-09-10,202609,ENTR-VAS-BASELINE-0042,ENTR-VAS-BASELINE-0042-2,110042,VAS-MEDIA-02,미디어팩,Y,7700,A,2023-08-01,9999-12-31,Y,N,1136,37,디지털,,2026-09-10T23:00:00,synthetic-seeder
2026-09-10,202609,ENTR-VAS-BASELINE-0042,ENTR-VAS-BASELINE-0042-3,110042,VAS-RING-03,통화연결음,Y,1100,A,2023-08-01,9999-12-31,Y,N,1136,37,디지털,,2026-09-10T23:00:00,synthetic-seeder
2026-09-04,202609,ENTR-VAS-BASELINE-0043,ENTR-VAS-BASELINE-0043-1,110043,VAS-SAFE-01,스팸 차단,Y,3300,A,2023-08-01,9999-12-31,Y,N,1130,37,디지털,,2026-09-04T23:00:00,synthetic-seeder
2026-09-04,202609,ENTR-VAS-BASELINE-0043,ENTR-VAS-BASELINE-0043-2,110043,VAS-MEDIA-02,미디어팩,Y,7700,A,2023-08-01,9999-12-31,Y,N,1130,37,디지털,,2026-09-04T23:00:00,synthetic-seeder
2026-09-04,202609,ENTR-VAS-BASELINE-0043,ENTR-VAS-BASELINE-0043-3,110043,VAS-RING-03,통화연결음,Y,1100,A,2023-08-01,9999-12-31,Y,N,1130,37,디지털,,2026-09-04T23:00:00,synthetic-seeder
2026-09-05,202609,ENTR-VAS-BASELINE-0044,ENTR-VAS-BASELINE-0044-1,110044,VAS-SAFE-01,스팸 차단,Y,3300,A,2023-08-01,9999-12-31,Y,N,1131,37,디지털,,2026-09-05T23:00:00,synthetic-seeder
2026-09-05,202609,ENTR-VAS-BASELINE-0044,ENTR-VAS-BASELINE-0044-2,110044,VAS-MEDIA-02,미디어팩,Y,7700,A,2023-08-01,9999-12-31,Y,N,1131,37,디지털,,2026-09-05T23:00:00,synthetic-seeder
2026-09-05,202609,ENTR-VAS-BASELINE-0044,ENTR-VAS-BASELINE-0044-3,110044,VAS-RING-03,통화연결음,Y,1100,A,2023-08-01,9999-12-31,Y,N,1131,37,디지털,,2026-09-05T23:00:00,synthetic-seeder
2026-09-06,202609,ENTR-VAS-BASELINE-0045,ENTR-VAS-BASELINE-0045-1,110045,VAS-SAFE-01,스팸 차단,Y,3300,A,2023-08-01,9999-12-31,Y,N,1132,37,디지털,,2026-09-06T23:00:00,synthetic-seeder
2026-09-06,202609,ENTR-VAS-BASELINE-0045,ENTR-VAS-BASELINE-0045-2,110045,VAS-MEDIA-02,미디어팩,Y,7700,A,2023-08-01,9999-12-31,Y,N,1132,37,디지털,,2026-09-06T23:00:00,synthetic-seeder
2026-09-06,202609,ENTR-VAS-BASELINE-0045,ENTR-VAS-BASELINE-0045-3,110045,VAS-RING-03,통화연결음,Y,1100,A,2023-08-01,9999-12-31,Y,N,1132,37,디지털,,2026-09-06T23:00:00,synthetic-seeder
2026-09-07,202609,ENTR-VAS-BASELINE-0046,ENTR-VAS-BASELINE-0046-1,110046,VAS-SAFE-01,스팸 차단,Y,3300,A,2023-08-01,9999-12-31,Y,N,1133,37,디지털,,2026-09-07T23:00:00,synthetic-seeder
2026-09-07,202609,ENTR-VAS-BASELINE-0046,ENTR-VAS-BASELINE-0046-2,110046,VAS-MEDIA-02,미디어팩,Y,7700,A,2023-08-01,9999-12-31,Y,N,1133,37,디지털,,2026-09-07T23:00:00,synthetic-seeder
2026-09-07,202609,ENTR-VAS-BASELINE-0046,ENTR-VAS-BASELINE-0046-3,110046,VAS-RING-03,통화연결음,Y,1100,A,2023-08-01,9999-12-31,Y,N,1133,37,디지털,,2026-09-07T23:00:00,synthetic-seeder
2026-09-08,202609,ENTR-VAS-BASELINE-0047,ENTR-VAS-BASELINE-0047-1,110047,VAS-SAFE-01,스팸 차단,Y,3300,A,2023-08-01,9999-12-31,Y,N,1134,37,디지털,,2026-09-08T23:00:00,synthetic-seeder
2026-09-08,202609,ENTR-VAS-BASELINE-0047,ENTR-VAS-BASELINE-0047-2,110047,VAS-MEDIA-02,미디어팩,Y,7700,A,2023-08-01,9999-12-31,Y,N,1134,37,디지털,,2026-09-08T23:00:00,synthetic-seeder
2026-09-08,202609,ENTR-VAS-BASELINE-0047,ENTR-VAS-BASELINE-0047-3,110047,VAS-RING-03,통화연결음,Y,1100,A,2023-08-01,9999-12-31,Y,N,1134,37,디지털,,2026-09-08T23:00:00,synthetic-seeder
2026-09-09,202609,ENTR-VAS-BASELINE-0048,ENTR-VAS-BASELINE-0048-1,110048,VAS-SAFE-01,스팸 차단,Y,3300,A,2023-08-01,9999-12-31,Y,N,1135,37,디지털,,2026-09-09T23:00:00,synthetic-seeder
2026-09-09,202609,ENTR-VAS-BASELINE-0048,ENTR-VAS-BASELINE-0048-2,110048,VAS-MEDIA-02,미디어팩,Y,7700,A,2023-08-01,9999-12-31,Y,N,1135,37,디지털,,2026-09-09T23:00:00,synthetic-seeder
2026-09-09,202609,ENTR-VAS-BASELINE-0048,ENTR-VAS-BASELINE-0048-3,110048,VAS-RING-03,통화연결음,Y,1100,A,2023-08-01,9999-12-31,Y,N,1135,37,디지털,,2026-09-09T23:00:00,synthetic-seeder
2026-09-10,202609,ENTR-VAS-BASELINE-0049,ENTR-VAS-BASELINE-0049-1,110049,VAS-SAFE-01,스팸 차단,Y,3300,A,2023-08-01,9999-12-31,Y,N,1136,37,디지털,,2026-09-10T23:00:00,synthetic-seeder
2026-09-10,202609,ENTR-VAS-BASELINE-0049,ENTR-VAS-BASELINE-0049-2,110049,VAS-MEDIA-02,미디어팩,Y,7700,A,2023-08-01,9999-12-31,Y,N,1136,37,디지털,,2026-09-10T23:00:00,synthetic-seeder
2026-09-10,202609,ENTR-VAS-BASELINE-0049,ENTR-VAS-BASELINE-0049-3,110049,VAS-RING-03,통화연결음,Y,1100,A,2023-08-01,9999-12-31,Y,N,1136,37,디지털,,2026-09-10T23:00:00,synthetic-seeder
2026-09-04,202609,ENTR-VAS-BASELINE-0050,ENTR-VAS-BASELINE-0050-1,110050,VAS-SAFE-01,스팸 차단,Y,3300,A,2023-08-01,9999-12-31,Y,N,1130,37,디지털,,2026-09-04T23:00:00,synthetic-seeder
2026-09-04,202609,ENTR-VAS-BASELINE-0050,ENTR-VAS-BASELINE-0050-2,110050,VAS-MEDIA-02,미디어팩,Y,7700,A,2023-08-01,9999-12-31,Y,N,1130,37,디지털,,2026-09-04T23:00:00,synthetic-seeder
2026-09-04,202609,ENTR-VAS-BASELINE-0050,ENTR-VAS-BASELINE-0050-3,110050,VAS-RING-03,통화연결음,Y,1100,A,2023-08-01,9999-12-31,Y,N,1130,37,디지털,,2026-09-04T23:00:00,synthetic-seeder
2026-09-05,202609,ENTR-VAS-BASELINE-0051,ENTR-VAS-BASELINE-0051-1,110051,VAS-SAFE-01,스팸 차단,Y,3300,A,2023-08-01,9999-12-31,Y,N,1131,37,디지털,,2026-09-05T23:00:00,synthetic-seeder
2026-09-05,202609,ENTR-VAS-BASELINE-0051,ENTR-VAS-BASELINE-0051-2,110051,VAS-MEDIA-02,미디어팩,Y,7700,A,2023-08-01,9999-12-31,Y,N,1131,37,디지털,,2026-09-05T23:00:00,synthetic-seeder
2026-09-05,202609,ENTR-VAS-BASELINE-0051,ENTR-VAS-BASELINE-0051-3,110051,VAS-RING-03,통화연결음,Y,1100,A,2023-08-01,9999-12-31,Y,N,1131,37,디지털,,2026-09-05T23:00:00,synthetic-seeder
2026-09-06,202609,ENTR-VAS-BASELINE-0052,ENTR-VAS-BASELINE-0052-1,110052,VAS-SAFE-01,스팸 차단,Y,3300,A,2023-08-01,9999-12-31,Y,N,1132,37,디지털,,2026-09-06T23:00:00,synthetic-seeder
2026-09-06,202609,ENTR-VAS-BASELINE-0052,ENTR-VAS-BASELINE-0052-2,110052,VAS-MEDIA-02,미디어팩,Y,7700,A,2023-08-01,9999-12-31,Y,N,1132,37,디지털,,2026-09-06T23:00:00,synthetic-seeder
2026-09-06,202609,ENTR-VAS-BASELINE-0052,ENTR-VAS-BASELINE-0052-3,110052,VAS-RING-03,통화연결음,Y,1100,A,2023-08-01,9999-12-31,Y,N,1132,37,디지털,,2026-09-06T23:00:00,synthetic-seeder
2026-09-07,202609,ENTR-VAS-BASELINE-0053,ENTR-VAS-BASELINE-0053-1,110053,VAS-SAFE-01,스팸 차단,Y,3300,A,2023-08-01,9999-12-31,Y,N,1133,37,디지털,,2026-09-07T23:00:00,synthetic-seeder
2026-09-07,202609,ENTR-VAS-BASELINE-0053,ENTR-VAS-BASELINE-0053-2,110053,VAS-MEDIA-02,미디어팩,Y,7700,A,2023-08-01,9999-12-31,Y,N,1133,37,디지털,,2026-09-07T23:00:00,synthetic-seeder
2026-09-07,202609,ENTR-VAS-BASELINE-0053,ENTR-VAS-BASELINE-0053-3,110053,VAS-RING-03,통화연결음,Y,1100,A,2023-08-01,9999-12-31,Y,N,1133,37,디지털,,2026-09-07T23:00:00,synthetic-seeder
2026-09-08,202609,ENTR-VAS-BASELINE-0054,ENTR-VAS-BASELINE-0054-1,110054,VAS-SAFE-01,스팸 차단,Y,3300,A,2023-08-01,9999-12-31,Y,N,1134,37,디지털,,2026-09-08T23:00:00,synthetic-seeder
2026-09-08,202609,ENTR-VAS-BASELINE-0054,ENTR-VAS-BASELINE-0054-2,110054,VAS-MEDIA-02,미디어팩,Y,7700,A,2023-08-01,9999-12-31,Y,N,1134,37,디지털,,2026-09-08T23:00:00,synthetic-seeder
2026-09-08,202609,ENTR-VAS-BASELINE-0054,ENTR-VAS-BASELINE-0054-3,110054,VAS-RING-03,통화연결음,Y,1100,A,2023-08-01,9999-12-31,Y,N,1134,37,디지털,,2026-09-08T23:00:00,synthetic-seeder
2026-09-09,202609,ENTR-VAS-BASELINE-0055,ENTR-VAS-BASELINE-0055-1,110055,VAS-SAFE-01,스팸 차단,Y,3300,A,2023-08-01,9999-12-31,Y,N,1135,37,디지털,,2026-09-09T23:00:00,synthetic-seeder
2026-09-09,202609,ENTR-VAS-BASELINE-0055,ENTR-VAS-BASELINE-0055-2,110055,VAS-MEDIA-02,미디어팩,Y,7700,A,2023-08-01,9999-12-31,Y,N,1135,37,디지털,,2026-09-09T23:00:00,synthetic-seeder
2026-09-09,202609,ENTR-VAS-BASELINE-0055,ENTR-VAS-BASELINE-0055-3,110055,VAS-RING-03,통화연결음,Y,1100,A,2023-08-01,9999-12-31,Y,N,1135,37,디지털,,2026-09-09T23:00:00,synthetic-seeder
2026-09-10,202609,ENTR-VAS-BASELINE-0056,ENTR-VAS-BASELINE-0056-1,110056,VAS-SAFE-01,스팸 차단,Y,3300,A,2023-08-01,9999-12-31,Y,N,1136,37,디지털,,2026-09-10T23:00:00,synthetic-seeder
2026-09-10,202609,ENTR-VAS-BASELINE-0056,ENTR-VAS-BASELINE-0056-2,110056,VAS-MEDIA-02,미디어팩,Y,7700,A,2023-08-01,9999-12-31,Y,N,1136,37,디지털,,2026-09-10T23:00:00,synthetic-seeder
2026-09-10,202609,ENTR-VAS-BASELINE-0056,ENTR-VAS-BASELINE-0056-3,110056,VAS-RING-03,통화연결음,Y,1100,A,2023-08-01,9999-12-31,Y,N,1136,37,디지털,,2026-09-10T23:00:00,synthetic-seeder
2026-09-04,202609,ENTR-VAS-BASELINE-0057,ENTR-VAS-BASELINE-0057-1,110057,VAS-SAFE-01,스팸 차단,Y,3300,A,2023-08-01,9999-12-31,Y,N,1130,37,디지털,,2026-09-04T23:00:00,synthetic-seeder
2026-09-04,202609,ENTR-VAS-BASELINE-0057,ENTR-VAS-BASELINE-0057-2,110057,VAS-MEDIA-02,미디어팩,Y,7700,A,2023-08-01,9999-12-31,Y,N,1130,37,디지털,,2026-09-04T23:00:00,synthetic-seeder
2026-09-04,202609,ENTR-VAS-BASELINE-0057,ENTR-VAS-BASELINE-0057-3,110057,VAS-RING-03,통화연결음,Y,1100,A,2023-08-01,9999-12-31,Y,N,1130,37,디지털,,2026-09-04T23:00:00,synthetic-seeder
2026-09-05,202609,ENTR-VAS-BASELINE-0058,ENTR-VAS-BASELINE-0058-1,110058,VAS-SAFE-01,스팸 차단,Y,3300,A,2023-08-01,9999-12-31,Y,N,1131,37,디지털,,2026-09-05T23:00:00,synthetic-seeder
2026-09-05,202609,ENTR-VAS-BASELINE-0058,ENTR-VAS-BASELINE-0058-2,110058,VAS-MEDIA-02,미디어팩,Y,7700,A,2023-08-01,9999-12-31,Y,N,1131,37,디지털,,2026-09-05T23:00:00,synthetic-seeder
2026-09-05,202609,ENTR-VAS-BASELINE-0058,ENTR-VAS-BASELINE-0058-3,110058,VAS-RING-03,통화연결음,Y,1100,A,2023-08-01,9999-12-31,Y,N,1131,37,디지털,,2026-09-05T23:00:00,synthetic-seeder
2026-09-06,202609,ENTR-VAS-BASELINE-0059,ENTR-VAS-BASELINE-0059-1,110059,VAS-SAFE-01,스팸 차단,Y,3300,A,2023-08-01,9999-12-31,Y,N,1132,37,디지털,,2026-09-06T23:00:00,synthetic-seeder
2026-09-06,202609,ENTR-VAS-BASELINE-0059,ENTR-VAS-BASELINE-0059-2,110059,VAS-MEDIA-02,미디어팩,Y,7700,A,2023-08-01,9999-12-31,Y,N,1132,37,디지털,,2026-09-06T23:00:00,synthetic-seeder
2026-09-06,202609,ENTR-VAS-BASELINE-0059,ENTR-VAS-BASELINE-0059-3,110059,VAS-RING-03,통화연결음,Y,1100,A,2023-08-01,9999-12-31,Y,N,1132,37,디지털,,2026-09-06T23:00:00,synthetic-seeder
2026-09-07,202609,ENTR-VAS-BASELINE-0060,ENTR-VAS-BASELINE-0060-1,110060,VAS-SAFE-01,스팸 차단,Y,3300,A,2023-08-01,9999-12-31,Y,N,1133,37,디지털,,2026-09-07T23:00:00,synthetic-seeder
2026-09-07,202609,ENTR-VAS-BASELINE-0060,ENTR-VAS-BASELINE-0060-2,110060,VAS-MEDIA-02,미디어팩,Y,7700,A,2023-08-01,9999-12-31,Y,N,1133,37,디지털,,2026-09-07T23:00:00,synthetic-seeder
2026-09-07,202609,ENTR-VAS-BASELINE-0060,ENTR-VAS-BASELINE-0060-3,110060,VAS-RING-03,통화연결음,Y,1100,A,2023-08-01,9999-12-31,Y,N,1133,37,디지털,,2026-09-07T23:00:00,synthetic-seeder
2026-09-08,202609,ENTR-VAS-BASELINE-0061,ENTR-VAS-BASELINE-0061-1,110061,VAS-SAFE-01,스팸 차단,Y,3300,A,2023-08-01,9999-12-31,Y,N,1134,37,디지털,,2026-09-08T23:00:00,synthetic-seeder
2026-09-08,202609,ENTR-VAS-BASELINE-0061,ENTR-VAS-BASELINE-0061-2,110061,VAS-MEDIA-02,미디어팩,Y,7700,A,2023-08-01,9999-12-31,Y,N,1134,37,디지털,,2026-09-08T23:00:00,synthetic-seeder
2026-09-08,202609,ENTR-VAS-BASELINE-0061,ENTR-VAS-BASELINE-0061-3,110061,VAS-RING-03,통화연결음,Y,1100,A,2023-08-01,9999-12-31,Y,N,1134,37,디지털,,2026-09-08T23:00:00,synthetic-seeder
2026-09-09,202609,ENTR-VAS-BASELINE-0062,ENTR-VAS-BASELINE-0062-1,110062,VAS-SAFE-01,스팸 차단,Y,3300,A,2023-08-01,9999-12-31,Y,N,1135,37,디지털,,2026-09-09T23:00:00,synthetic-seeder
2026-09-09,202609,ENTR-VAS-BASELINE-0062,ENTR-VAS-BASELINE-0062-2,110062,VAS-MEDIA-02,미디어팩,Y,7700,A,2023-08-01,9999-12-31,Y,N,1135,37,디지털,,2026-09-09T23:00:00,synthetic-seeder
2026-09-09,202609,ENTR-VAS-BASELINE-0062,ENTR-VAS-BASELINE-0062-3,110062,VAS-RING-03,통화연결음,Y,1100,A,2023-08-01,9999-12-31,Y,N,1135,37,디지털,,2026-09-09T23:00:00,synthetic-seeder
2026-09-10,202609,ENTR-VAS-BASELINE-0063,ENTR-VAS-BASELINE-0063-1,110063,VAS-SAFE-01,스팸 차단,Y,3300,A,2023-08-01,9999-12-31,Y,N,1136,37,디지털,,2026-09-10T23:00:00,synthetic-seeder
2026-09-10,202609,ENTR-VAS-BASELINE-0063,ENTR-VAS-BASELINE-0063-2,110063,VAS-MEDIA-02,미디어팩,Y,7700,A,2023-08-01,9999-12-31,Y,N,1136,37,디지털,,2026-09-10T23:00:00,synthetic-seeder
2026-09-10,202609,ENTR-VAS-BASELINE-0063,ENTR-VAS-BASELINE-0063-3,110063,VAS-RING-03,통화연결음,Y,1100,A,2023-08-01,9999-12-31,Y,N,1136,37,디지털,,2026-09-10T23:00:00,synthetic-seeder
2026-09-04,202609,ENTR-VAS-BASELINE-0064,ENTR-VAS-BASELINE-0064-1,110064,VAS-SAFE-01,스팸 차단,Y,3300,A,2023-08-01,9999-12-31,Y,N,1130,37,디지털,,2026-09-04T23:00:00,synthetic-seeder
2026-09-04,202609,ENTR-VAS-BASELINE-0064,ENTR-VAS-BASELINE-0064-2,110064,VAS-MEDIA-02,미디어팩,Y,7700,A,2023-08-01,9999-12-31,Y,N,1130,37,디지털,,2026-09-04T23:00:00,synthetic-seeder
2026-09-04,202609,ENTR-VAS-BASELINE-0064,ENTR-VAS-BASELINE-0064-3,110064,VAS-RING-03,통화연결음,Y,1100,A,2023-08-01,9999-12-31,Y,N,1130,37,디지털,,2026-09-04T23:00:00,synthetic-seeder
2026-09-05,202609,ENTR-VAS-BASELINE-0065,ENTR-VAS-BASELINE-0065-1,110065,VAS-SAFE-01,스팸 차단,Y,3300,A,2023-08-01,9999-12-31,Y,N,1131,37,디지털,,2026-09-05T23:00:00,synthetic-seeder
2026-09-05,202609,ENTR-VAS-BASELINE-0065,ENTR-VAS-BASELINE-0065-2,110065,VAS-MEDIA-02,미디어팩,Y,7700,A,2023-08-01,9999-12-31,Y,N,1131,37,디지털,,2026-09-05T23:00:00,synthetic-seeder
2026-09-05,202609,ENTR-VAS-BASELINE-0065,ENTR-VAS-BASELINE-0065-3,110065,VAS-RING-03,통화연결음,Y,1100,A,2023-08-01,9999-12-31,Y,N,1131,37,디지털,,2026-09-05T23:00:00,synthetic-seeder
2026-09-06,202609,ENTR-VAS-BASELINE-0066,ENTR-VAS-BASELINE-0066-1,110066,VAS-SAFE-01,스팸 차단,Y,3300,A,2023-08-01,9999-12-31,Y,N,1132,37,디지털,,2026-09-06T23:00:00,synthetic-seeder
2026-09-06,202609,ENTR-VAS-BASELINE-0066,ENTR-VAS-BASELINE-0066-2,110066,VAS-MEDIA-02,미디어팩,Y,7700,A,2023-08-01,9999-12-31,Y,N,1132,37,디지털,,2026-09-06T23:00:00,synthetic-seeder
2026-09-06,202609,ENTR-VAS-BASELINE-0066,ENTR-VAS-BASELINE-0066-3,110066,VAS-RING-03,통화연결음,Y,1100,A,2023-08-01,9999-12-31,Y,N,1132,37,디지털,,2026-09-06T23:00:00,synthetic-seeder
2026-09-07,202609,ENTR-VAS-BASELINE-0067,ENTR-VAS-BASELINE-0067-1,110067,VAS-SAFE-01,스팸 차단,Y,3300,A,2023-08-01,9999-12-31,Y,N,1133,37,디지털,,2026-09-07T23:00:00,synthetic-seeder
2026-09-07,202609,ENTR-VAS-BASELINE-0067,ENTR-VAS-BASELINE-0067-2,110067,VAS-MEDIA-02,미디어팩,Y,7700,A,2023-08-01,9999-12-31,Y,N,1133,37,디지털,,2026-09-07T23:00:00,synthetic-seeder
2026-09-07,202609,ENTR-VAS-BASELINE-0067,ENTR-VAS-BASELINE-0067-3,110067,VAS-RING-03,통화연결음,Y,1100,A,2023-08-01,9999-12-31,Y,N,1133,37,디지털,,2026-09-07T23:00:00,synthetic-seeder
2026-09-08,202609,ENTR-VAS-BASELINE-0068,ENTR-VAS-BASELINE-0068-1,110068,VAS-SAFE-01,스팸 차단,Y,3300,A,2023-08-01,9999-12-31,Y,N,1134,37,디지털,,2026-09-08T23:00:00,synthetic-seeder
2026-09-08,202609,ENTR-VAS-BASELINE-0068,ENTR-VAS-BASELINE-0068-2,110068,VAS-MEDIA-02,미디어팩,Y,7700,A,2023-08-01,9999-12-31,Y,N,1134,37,디지털,,2026-09-08T23:00:00,synthetic-seeder
2026-09-08,202609,ENTR-VAS-BASELINE-0068,ENTR-VAS-BASELINE-0068-3,110068,VAS-RING-03,통화연결음,Y,1100,A,2023-08-01,9999-12-31,Y,N,1134,37,디지털,,2026-09-08T23:00:00,synthetic-seeder
2026-09-09,202609,ENTR-VAS-BASELINE-0069,ENTR-VAS-BASELINE-0069-1,110069,VAS-SAFE-01,스팸 차단,Y,3300,A,2023-08-01,9999-12-31,Y,N,1135,37,디지털,,2026-09-09T23:00:00,synthetic-seeder
2026-09-09,202609,ENTR-VAS-BASELINE-0069,ENTR-VAS-BASELINE-0069-2,110069,VAS-MEDIA-02,미디어팩,Y,7700,A,2023-08-01,9999-12-31,Y,N,1135,37,디지털,,2026-09-09T23:00:00,synthetic-seeder
2026-09-09,202609,ENTR-VAS-BASELINE-0069,ENTR-VAS-BASELINE-0069-3,110069,VAS-RING-03,통화연결음,Y,1100,A,2023-08-01,9999-12-31,Y,N,1135,37,디지털,,2026-09-09T23:00:00,synthetic-seeder
2026-09-10,202609,ENTR-VAS-BASELINE-0070,ENTR-VAS-BASELINE-0070-1,110070,VAS-SAFE-01,스팸 차단,Y,3300,A,2023-08-01,9999-12-31,Y,N,1136,37,디지털,,2026-09-10T23:00:00,synthetic-seeder
2026-09-10,202609,ENTR-VAS-BASELINE-0070,ENTR-VAS-BASELINE-0070-2,110070,VAS-MEDIA-02,미디어팩,Y,7700,A,2023-08-01,9999-12-31,Y,N,1136,37,디지털,,2026-09-10T23:00:00,synthetic-seeder
2026-09-10,202609,ENTR-VAS-BASELINE-0070,ENTR-VAS-BASELINE-0070-3,110070,VAS-RING-03,통화연결음,Y,1100,A,2023-08-01,9999-12-31,Y,N,1136,37,디지털,,2026-09-10T23:00:00,synthetic-seeder
2026-09-04,202609,ENTR-VAS-BASELINE-0071,ENTR-VAS-BASELINE-0071-1,110071,VAS-SAFE-01,스팸 차단,Y,3300,A,2023-08-01,9999-12-31,Y,N,1130,37,디지털,,2026-09-04T23:00:00,synthetic-seeder
2026-09-04,202609,ENTR-VAS-BASELINE-0071,ENTR-VAS-BASELINE-0071-2,110071,VAS-MEDIA-02,미디어팩,Y,7700,A,2023-08-01,9999-12-31,Y,N,1130,37,디지털,,2026-09-04T23:00:00,synthetic-seeder
2026-09-04,202609,ENTR-VAS-BASELINE-0071,ENTR-VAS-BASELINE-0071-3,110071,VAS-RING-03,통화연결음,Y,1100,A,2023-08-01,9999-12-31,Y,N,1130,37,디지털,,2026-09-04T23:00:00,synthetic-seeder
2026-09-05,202609,ENTR-VAS-BASELINE-0072,ENTR-VAS-BASELINE-0072-1,110072,VAS-SAFE-01,스팸 차단,Y,3300,A,2023-08-01,9999-12-31,Y,N,1131,37,디지털,,2026-09-05T23:00:00,synthetic-seeder
2026-09-05,202609,ENTR-VAS-BASELINE-0072,ENTR-VAS-BASELINE-0072-2,110072,VAS-MEDIA-02,미디어팩,Y,7700,A,2023-08-01,9999-12-31,Y,N,1131,37,디지털,,2026-09-05T23:00:00,synthetic-seeder
2026-09-05,202609,ENTR-VAS-BASELINE-0072,ENTR-VAS-BASELINE-0072-3,110072,VAS-RING-03,통화연결음,Y,1100,A,2023-08-01,9999-12-31,Y,N,1131,37,디지털,,2026-09-05T23:00:00,synthetic-seeder
2026-09-06,202609,ENTR-VAS-BASELINE-0073,ENTR-VAS-BASELINE-0073-1,110073,VAS-SAFE-01,스팸 차단,Y,3300,A,2023-08-01,9999-12-31,Y,N,1132,37,디지털,,2026-09-06T23:00:00,synthetic-seeder
2026-09-06,202609,ENTR-VAS-BASELINE-0073,ENTR-VAS-BASELINE-0073-2,110073,VAS-MEDIA-02,미디어팩,Y,7700,A,2023-08-01,9999-12-31,Y,N,1132,37,디지털,,2026-09-06T23:00:00,synthetic-seeder
2026-09-06,202609,ENTR-VAS-BASELINE-0073,ENTR-VAS-BASELINE-0073-3,110073,VAS-RING-03,통화연결음,Y,1100,A,2023-08-01,9999-12-31,Y,N,1132,37,디지털,,2026-09-06T23:00:00,synthetic-seeder
2026-09-07,202609,ENTR-VAS-BASELINE-0074,ENTR-VAS-BASELINE-0074-1,110074,VAS-SAFE-01,스팸 차단,Y,3300,A,2023-08-01,9999-12-31,Y,N,1133,37,디지털,,2026-09-07T23:00:00,synthetic-seeder
2026-09-07,202609,ENTR-VAS-BASELINE-0074,ENTR-VAS-BASELINE-0074-2,110074,VAS-MEDIA-02,미디어팩,Y,7700,A,2023-08-01,9999-12-31,Y,N,1133,37,디지털,,2026-09-07T23:00:00,synthetic-seeder
2026-09-07,202609,ENTR-VAS-BASELINE-0074,ENTR-VAS-BASELINE-0074-3,110074,VAS-RING-03,통화연결음,Y,1100,A,2023-08-01,9999-12-31,Y,N,1133,37,디지털,,2026-09-07T23:00:00,synthetic-seeder
2026-09-08,202609,ENTR-VAS-BASELINE-0075,ENTR-VAS-BASELINE-0075-1,110075,VAS-SAFE-01,스팸 차단,Y,3300,A,2023-08-01,9999-12-31,Y,N,1134,37,디지털,,2026-09-08T23:00:00,synthetic-seeder
2026-09-08,202609,ENTR-VAS-BASELINE-0075,ENTR-VAS-BASELINE-0075-2,110075,VAS-MEDIA-02,미디어팩,Y,7700,A,2023-08-01,9999-12-31,Y,N,1134,37,디지털,,2026-09-08T23:00:00,synthetic-seeder
2026-09-08,202609,ENTR-VAS-BASELINE-0075,ENTR-VAS-BASELINE-0075-3,110075,VAS-RING-03,통화연결음,Y,1100,A,2023-08-01,9999-12-31,Y,N,1134,37,디지털,,2026-09-08T23:00:00,synthetic-seeder
2026-09-09,202609,ENTR-VAS-BASELINE-0076,ENTR-VAS-BASELINE-0076-1,110076,VAS-SAFE-01,스팸 차단,Y,3300,A,2023-08-01,9999-12-31,Y,N,1135,37,디지털,,2026-09-09T23:00:00,synthetic-seeder
2026-09-09,202609,ENTR-VAS-BASELINE-0076,ENTR-VAS-BASELINE-0076-2,110076,VAS-MEDIA-02,미디어팩,Y,7700,A,2023-08-01,9999-12-31,Y,N,1135,37,디지털,,2026-09-09T23:00:00,synthetic-seeder
2026-09-09,202609,ENTR-VAS-BASELINE-0076,ENTR-VAS-BASELINE-0076-3,110076,VAS-RING-03,통화연결음,Y,1100,A,2023-08-01,9999-12-31,Y,N,1135,37,디지털,,2026-09-09T23:00:00,synthetic-seeder
2026-09-10,202609,ENTR-VAS-BASELINE-0077,ENTR-VAS-BASELINE-0077-1,110077,VAS-SAFE-01,스팸 차단,Y,3300,A,2023-08-01,9999-12-31,Y,N,1136,37,디지털,,2026-09-10T23:00:00,synthetic-seeder
2026-09-10,202609,ENTR-VAS-BASELINE-0077,ENTR-VAS-BASELINE-0077-2,110077,VAS-MEDIA-02,미디어팩,Y,7700,A,2023-08-01,9999-12-31,Y,N,1136,37,디지털,,2026-09-10T23:00:00,synthetic-seeder
2026-09-10,202609,ENTR-VAS-BASELINE-0077,ENTR-VAS-BASELINE-0077-3,110077,VAS-RING-03,통화연결음,Y,1100,A,2023-08-01,9999-12-31,Y,N,1136,37,디지털,,2026-09-10T23:00:00,synthetic-seeder
2026-09-04,202609,ENTR-VAS-BASELINE-0078,ENTR-VAS-BASELINE-0078-1,110078,VAS-SAFE-01,스팸 차단,Y,3300,A,2023-08-01,9999-12-31,Y,N,1130,37,디지털,,2026-09-04T23:00:00,synthetic-seeder
2026-09-04,202609,ENTR-VAS-BASELINE-0078,ENTR-VAS-BASELINE-0078-2,110078,VAS-MEDIA-02,미디어팩,Y,7700,A,2023-08-01,9999-12-31,Y,N,1130,37,디지털,,2026-09-04T23:00:00,synthetic-seeder
2026-09-04,202609,ENTR-VAS-BASELINE-0078,ENTR-VAS-BASELINE-0078-3,110078,VAS-RING-03,통화연결음,Y,1100,A,2023-08-01,9999-12-31,Y,N,1130,37,디지털,,2026-09-04T23:00:00,synthetic-seeder
2026-09-05,202609,ENTR-VAS-BASELINE-0079,ENTR-VAS-BASELINE-0079-1,110079,VAS-SAFE-01,스팸 차단,Y,3300,A,2023-08-01,9999-12-31,Y,N,1131,37,디지털,,2026-09-05T23:00:00,synthetic-seeder
2026-09-05,202609,ENTR-VAS-BASELINE-0079,ENTR-VAS-BASELINE-0079-2,110079,VAS-MEDIA-02,미디어팩,Y,7700,A,2023-08-01,9999-12-31,Y,N,1131,37,디지털,,2026-09-05T23:00:00,synthetic-seeder
2026-09-05,202609,ENTR-VAS-BASELINE-0079,ENTR-VAS-BASELINE-0079-3,110079,VAS-RING-03,통화연결음,Y,1100,A,2023-08-01,9999-12-31,Y,N,1131,37,디지털,,2026-09-05T23:00:00,synthetic-seeder
2026-09-06,202609,ENTR-VAS-BASELINE-0080,ENTR-VAS-BASELINE-0080-1,110080,VAS-SAFE-01,스팸 차단,Y,3300,A,2023-08-01,9999-12-31,Y,N,1132,37,디지털,,2026-09-06T23:00:00,synthetic-seeder
2026-09-06,202609,ENTR-VAS-BASELINE-0080,ENTR-VAS-BASELINE-0080-2,110080,VAS-MEDIA-02,미디어팩,Y,7700,A,2023-08-01,9999-12-31,Y,N,1132,37,디지털,,2026-09-06T23:00:00,synthetic-seeder
2026-09-06,202609,ENTR-VAS-BASELINE-0080,ENTR-VAS-BASELINE-0080-3,110080,VAS-RING-03,통화연결음,Y,1100,A,2023-08-01,9999-12-31,Y,N,1132,37,디지털,,2026-09-06T23:00:00,synthetic-seeder
2026-09-07,202609,ENTR-VAS-BASELINE-0081,ENTR-VAS-BASELINE-0081-1,110081,VAS-SAFE-01,스팸 차단,Y,3300,A,2023-08-01,9999-12-31,Y,N,1133,37,디지털,,2026-09-07T23:00:00,synthetic-seeder
2026-09-07,202609,ENTR-VAS-BASELINE-0081,ENTR-VAS-BASELINE-0081-2,110081,VAS-MEDIA-02,미디어팩,Y,7700,A,2023-08-01,9999-12-31,Y,N,1133,37,디지털,,2026-09-07T23:00:00,synthetic-seeder
2026-09-07,202609,ENTR-VAS-BASELINE-0081,ENTR-VAS-BASELINE-0081-3,110081,VAS-RING-03,통화연결음,Y,1100,A,2023-08-01,9999-12-31,Y,N,1133,37,디지털,,2026-09-07T23:00:00,synthetic-seeder
2026-09-08,202609,ENTR-VAS-BASELINE-0082,ENTR-VAS-BASELINE-0082-1,110082,VAS-SAFE-01,스팸 차단,Y,3300,A,2023-08-01,9999-12-31,Y,N,1134,37,디지털,,2026-09-08T23:00:00,synthetic-seeder
2026-09-08,202609,ENTR-VAS-BASELINE-0082,ENTR-VAS-BASELINE-0082-2,110082,VAS-MEDIA-02,미디어팩,Y,7700,A,2023-08-01,9999-12-31,Y,N,1134,37,디지털,,2026-09-08T23:00:00,synthetic-seeder
2026-09-08,202609,ENTR-VAS-BASELINE-0082,ENTR-VAS-BASELINE-0082-3,110082,VAS-RING-03,통화연결음,Y,1100,A,2023-08-01,9999-12-31,Y,N,1134,37,디지털,,2026-09-08T23:00:00,synthetic-seeder
2026-09-09,202609,ENTR-VAS-BASELINE-0083,ENTR-VAS-BASELINE-0083-1,110083,VAS-SAFE-01,스팸 차단,Y,3300,A,2023-08-01,9999-12-31,Y,N,1135,37,디지털,,2026-09-09T23:00:00,synthetic-seeder
2026-09-09,202609,ENTR-VAS-BASELINE-0083,ENTR-VAS-BASELINE-0083-2,110083,VAS-MEDIA-02,미디어팩,Y,7700,A,2023-08-01,9999-12-31,Y,N,1135,37,디지털,,2026-09-09T23:00:00,synthetic-seeder
2026-09-09,202609,ENTR-VAS-BASELINE-0083,ENTR-VAS-BASELINE-0083-3,110083,VAS-RING-03,통화연결음,Y,1100,A,2023-08-01,9999-12-31,Y,N,1135,37,디지털,,2026-09-09T23:00:00,synthetic-seeder
2026-09-10,202609,ENTR-VAS-BASELINE-0084,ENTR-VAS-BASELINE-0084-1,110084,VAS-SAFE-01,스팸 차단,Y,3300,A,2023-08-01,9999-12-31,Y,N,1136,37,디지털,,2026-09-10T23:00:00,synthetic-seeder
2026-09-10,202609,ENTR-VAS-BASELINE-0084,ENTR-VAS-BASELINE-0084-2,110084,VAS-MEDIA-02,미디어팩,Y,7700,A,2023-08-01,9999-12-31,Y,N,1136,37,디지털,,2026-09-10T23:00:00,synthetic-seeder
2026-09-10,202609,ENTR-VAS-BASELINE-0084,ENTR-VAS-BASELINE-0084-3,110084,VAS-RING-03,통화연결음,Y,1100,A,2023-08-01,9999-12-31,Y,N,1136,37,디지털,,2026-09-10T23:00:00,synthetic-seeder
2026-09-04,202609,ENTR-VAS-BASELINE-0085,ENTR-VAS-BASELINE-0085-1,110085,VAS-SAFE-01,스팸 차단,Y,3300,A,2023-08-01,9999-12-31,Y,N,1130,37,디지털,,2026-09-04T23:00:00,synthetic-seeder
2026-09-04,202609,ENTR-VAS-BASELINE-0085,ENTR-VAS-BASELINE-0085-2,110085,VAS-MEDIA-02,미디어팩,Y,7700,A,2023-08-01,9999-12-31,Y,N,1130,37,디지털,,2026-09-04T23:00:00,synthetic-seeder
2026-09-04,202609,ENTR-VAS-BASELINE-0085,ENTR-VAS-BASELINE-0085-3,110085,VAS-RING-03,통화연결음,Y,1100,A,2023-08-01,9999-12-31,Y,N,1130,37,디지털,,2026-09-04T23:00:00,synthetic-seeder
2026-09-05,202609,ENTR-VAS-BASELINE-0086,ENTR-VAS-BASELINE-0086-1,110086,VAS-SAFE-01,스팸 차단,Y,3300,A,2023-08-01,9999-12-31,Y,N,1131,37,디지털,,2026-09-05T23:00:00,synthetic-seeder
2026-09-05,202609,ENTR-VAS-BASELINE-0086,ENTR-VAS-BASELINE-0086-2,110086,VAS-MEDIA-02,미디어팩,Y,7700,A,2023-08-01,9999-12-31,Y,N,1131,37,디지털,,2026-09-05T23:00:00,synthetic-seeder
2026-09-05,202609,ENTR-VAS-BASELINE-0086,ENTR-VAS-BASELINE-0086-3,110086,VAS-RING-03,통화연결음,Y,1100,A,2023-08-01,9999-12-31,Y,N,1131,37,디지털,,2026-09-05T23:00:00,synthetic-seeder
2026-09-06,202609,ENTR-VAS-BASELINE-0087,ENTR-VAS-BASELINE-0087-1,110087,VAS-SAFE-01,스팸 차단,Y,3300,A,2023-08-01,9999-12-31,Y,N,1132,37,디지털,,2026-09-06T23:00:00,synthetic-seeder
2026-09-06,202609,ENTR-VAS-BASELINE-0087,ENTR-VAS-BASELINE-0087-2,110087,VAS-MEDIA-02,미디어팩,Y,7700,A,2023-08-01,9999-12-31,Y,N,1132,37,디지털,,2026-09-06T23:00:00,synthetic-seeder
2026-09-06,202609,ENTR-VAS-BASELINE-0087,ENTR-VAS-BASELINE-0087-3,110087,VAS-RING-03,통화연결음,Y,1100,A,2023-08-01,9999-12-31,Y,N,1132,37,디지털,,2026-09-06T23:00:00,synthetic-seeder
2026-09-07,202609,ENTR-VAS-BASELINE-0088,ENTR-VAS-BASELINE-0088-1,110088,VAS-SAFE-01,스팸 차단,Y,3300,A,2023-08-01,9999-12-31,Y,N,1133,37,디지털,,2026-09-07T23:00:00,synthetic-seeder
2026-09-07,202609,ENTR-VAS-BASELINE-0088,ENTR-VAS-BASELINE-0088-2,110088,VAS-MEDIA-02,미디어팩,Y,7700,A,2023-08-01,9999-12-31,Y,N,1133,37,디지털,,2026-09-07T23:00:00,synthetic-seeder
2026-09-07,202609,ENTR-VAS-BASELINE-0088,ENTR-VAS-BASELINE-0088-3,110088,VAS-RING-03,통화연결음,Y,1100,A,2023-08-01,9999-12-31,Y,N,1133,37,디지털,,2026-09-07T23:00:00,synthetic-seeder
2026-09-08,202609,ENTR-VAS-BASELINE-0089,ENTR-VAS-BASELINE-0089-1,110089,VAS-SAFE-01,스팸 차단,Y,3300,A,2023-08-01,9999-12-31,Y,N,1134,37,디지털,,2026-09-08T23:00:00,synthetic-seeder
2026-09-08,202609,ENTR-VAS-BASELINE-0089,ENTR-VAS-BASELINE-0089-2,110089,VAS-MEDIA-02,미디어팩,Y,7700,A,2023-08-01,9999-12-31,Y,N,1134,37,디지털,,2026-09-08T23:00:00,synthetic-seeder
2026-09-08,202609,ENTR-VAS-BASELINE-0089,ENTR-VAS-BASELINE-0089-3,110089,VAS-RING-03,통화연결음,Y,1100,A,2023-08-01,9999-12-31,Y,N,1134,37,디지털,,2026-09-08T23:00:00,synthetic-seeder
2026-09-09,202609,ENTR-VAS-BASELINE-0090,ENTR-VAS-BASELINE-0090-1,110090,VAS-SAFE-01,스팸 차단,Y,3300,A,2023-08-01,9999-12-31,Y,N,1135,37,디지털,,2026-09-09T23:00:00,synthetic-seeder
2026-09-09,202609,ENTR-VAS-BASELINE-0090,ENTR-VAS-BASELINE-0090-2,110090,VAS-MEDIA-02,미디어팩,Y,7700,A,2023-08-01,9999-12-31,Y,N,1135,37,디지털,,2026-09-09T23:00:00,synthetic-seeder
2026-09-09,202609,ENTR-VAS-BASELINE-0090,ENTR-VAS-BASELINE-0090-3,110090,VAS-RING-03,통화연결음,Y,1100,A,2023-08-01,9999-12-31,Y,N,1135,37,디지털,,2026-09-09T23:00:00,synthetic-seeder
2026-09-10,202609,ENTR-VAS-BASELINE-0091,ENTR-VAS-BASELINE-0091-1,110091,VAS-SAFE-01,스팸 차단,Y,3300,A,2023-08-01,9999-12-31,Y,N,1136,37,디지털,,2026-09-10T23:00:00,synthetic-seeder
2026-09-10,202609,ENTR-VAS-BASELINE-0091,ENTR-VAS-BASELINE-0091-2,110091,VAS-MEDIA-02,미디어팩,Y,7700,A,2023-08-01,9999-12-31,Y,N,1136,37,디지털,,2026-09-10T23:00:00,synthetic-seeder
2026-09-10,202609,ENTR-VAS-BASELINE-0091,ENTR-VAS-BASELINE-0091-3,110091,VAS-RING-03,통화연결음,Y,1100,A,2023-08-01,9999-12-31,Y,N,1136,37,디지털,,2026-09-10T23:00:00,synthetic-seeder
2026-09-04,202609,ENTR-VAS-BASELINE-0092,ENTR-VAS-BASELINE-0092-1,110092,VAS-SAFE-01,스팸 차단,Y,3300,A,2023-08-01,9999-12-31,Y,N,1130,37,디지털,,2026-09-04T23:00:00,synthetic-seeder
2026-09-04,202609,ENTR-VAS-BASELINE-0092,ENTR-VAS-BASELINE-0092-2,110092,VAS-MEDIA-02,미디어팩,Y,7700,A,2023-08-01,9999-12-31,Y,N,1130,37,디지털,,2026-09-04T23:00:00,synthetic-seeder
2026-09-04,202609,ENTR-VAS-BASELINE-0092,ENTR-VAS-BASELINE-0092-3,110092,VAS-RING-03,통화연결음,Y,1100,A,2023-08-01,9999-12-31,Y,N,1130,37,디지털,,2026-09-04T23:00:00,synthetic-seeder
2026-09-05,202609,ENTR-VAS-BASELINE-0093,ENTR-VAS-BASELINE-0093-1,110093,VAS-SAFE-01,스팸 차단,Y,3300,A,2023-08-01,9999-12-31,Y,N,1131,37,디지털,,2026-09-05T23:00:00,synthetic-seeder
2026-09-05,202609,ENTR-VAS-BASELINE-0093,ENTR-VAS-BASELINE-0093-2,110093,VAS-MEDIA-02,미디어팩,Y,7700,A,2023-08-01,9999-12-31,Y,N,1131,37,디지털,,2026-09-05T23:00:00,synthetic-seeder
2026-09-05,202609,ENTR-VAS-BASELINE-0093,ENTR-VAS-BASELINE-0093-3,110093,VAS-RING-03,통화연결음,Y,1100,A,2023-08-01,9999-12-31,Y,N,1131,37,디지털,,2026-09-05T23:00:00,synthetic-seeder
2026-09-06,202609,ENTR-VAS-BASELINE-0094,ENTR-VAS-BASELINE-0094-1,110094,VAS-SAFE-01,스팸 차단,Y,3300,A,2023-08-01,9999-12-31,Y,N,1132,37,디지털,,2026-09-06T23:00:00,synthetic-seeder
2026-09-06,202609,ENTR-VAS-BASELINE-0094,ENTR-VAS-BASELINE-0094-2,110094,VAS-MEDIA-02,미디어팩,Y,7700,A,2023-08-01,9999-12-31,Y,N,1132,37,디지털,,2026-09-06T23:00:00,synthetic-seeder
2026-09-06,202609,ENTR-VAS-BASELINE-0094,ENTR-VAS-BASELINE-0094-3,110094,VAS-RING-03,통화연결음,Y,1100,A,2023-08-01,9999-12-31,Y,N,1132,37,디지털,,2026-09-06T23:00:00,synthetic-seeder
2026-09-07,202609,ENTR-VAS-BASELINE-0095,ENTR-VAS-BASELINE-0095-1,110095,VAS-SAFE-01,스팸 차단,Y,3300,A,2023-08-01,9999-12-31,Y,N,1133,37,디지털,,2026-09-07T23:00:00,synthetic-seeder
2026-09-07,202609,ENTR-VAS-BASELINE-0095,ENTR-VAS-BASELINE-0095-2,110095,VAS-MEDIA-02,미디어팩,Y,7700,A,2023-08-01,9999-12-31,Y,N,1133,37,디지털,,2026-09-07T23:00:00,synthetic-seeder
2026-09-07,202609,ENTR-VAS-BASELINE-0095,ENTR-VAS-BASELINE-0095-3,110095,VAS-RING-03,통화연결음,Y,1100,A,2023-08-01,9999-12-31,Y,N,1133,37,디지털,,2026-09-07T23:00:00,synthetic-seeder
2026-09-08,202609,ENTR-VAS-BASELINE-0096,ENTR-VAS-BASELINE-0096-1,110096,VAS-SAFE-01,스팸 차단,Y,3300,A,2023-08-01,9999-12-31,Y,N,1134,37,디지털,,2026-09-08T23:00:00,synthetic-seeder
2026-09-08,202609,ENTR-VAS-BASELINE-0096,ENTR-VAS-BASELINE-0096-2,110096,VAS-MEDIA-02,미디어팩,Y,7700,A,2023-08-01,9999-12-31,Y,N,1134,37,디지털,,2026-09-08T23:00:00,synthetic-seeder
2026-09-08,202609,ENTR-VAS-BASELINE-0096,ENTR-VAS-BASELINE-0096-3,110096,VAS-RING-03,통화연결음,Y,1100,A,2023-08-01,9999-12-31,Y,N,1134,37,디지털,,2026-09-08T23:00:00,synthetic-seeder
2026-09-09,202609,ENTR-VAS-BASELINE-0097,ENTR-VAS-BASELINE-0097-1,110097,VAS-SAFE-01,스팸 차단,Y,3300,A,2023-08-01,9999-12-31,Y,N,1135,37,디지털,,2026-09-09T23:00:00,synthetic-seeder
2026-09-09,202609,ENTR-VAS-BASELINE-0097,ENTR-VAS-BASELINE-0097-2,110097,VAS-MEDIA-02,미디어팩,Y,7700,A,2023-08-01,9999-12-31,Y,N,1135,37,디지털,,2026-09-09T23:00:00,synthetic-seeder
2026-09-09,202609,ENTR-VAS-BASELINE-0097,ENTR-VAS-BASELINE-0097-3,110097,VAS-RING-03,통화연결음,Y,1100,A,2023-08-01,9999-12-31,Y,N,1135,37,디지털,,2026-09-09T23:00:00,synthetic-seeder
2026-09-10,202609,ENTR-VAS-BASELINE-0098,ENTR-VAS-BASELINE-0098-1,110098,VAS-SAFE-01,스팸 차단,Y,3300,A,2023-08-01,9999-12-31,Y,N,1136,37,디지털,,2026-09-10T23:00:00,synthetic-seeder
2026-09-10,202609,ENTR-VAS-BASELINE-0098,ENTR-VAS-BASELINE-0098-2,110098,VAS-MEDIA-02,미디어팩,Y,7700,A,2023-08-01,9999-12-31,Y,N,1136,37,디지털,,2026-09-10T23:00:00,synthetic-seeder
2026-09-10,202609,ENTR-VAS-BASELINE-0098,ENTR-VAS-BASELINE-0098-3,110098,VAS-RING-03,통화연결음,Y,1100,A,2023-08-01,9999-12-31,Y,N,1136,37,디지털,,2026-09-10T23:00:00,synthetic-seeder
2026-09-04,202609,ENTR-VAS-BASELINE-0099,ENTR-VAS-BASELINE-0099-1,110099,VAS-SAFE-01,스팸 차단,Y,3300,A,2023-08-01,9999-12-31,Y,N,1130,37,디지털,,2026-09-04T23:00:00,synthetic-seeder
2026-09-04,202609,ENTR-VAS-BASELINE-0099,ENTR-VAS-BASELINE-0099-2,110099,VAS-MEDIA-02,미디어팩,Y,7700,A,2023-08-01,9999-12-31,Y,N,1130,37,디지털,,2026-09-04T23:00:00,synthetic-seeder
2026-09-04,202609,ENTR-VAS-BASELINE-0099,ENTR-VAS-BASELINE-0099-3,110099,VAS-RING-03,통화연결음,Y,1100,A,2023-08-01,9999-12-31,Y,N,1130,37,디지털,,2026-09-04T23:00:00,synthetic-seeder
2026-09-05,202609,ENTR-VAS-BASELINE-0100,ENTR-VAS-BASELINE-0100-1,110100,VAS-SAFE-01,스팸 차단,Y,3300,A,2023-08-01,9999-12-31,Y,N,1131,37,디지털,,2026-09-05T23:00:00,synthetic-seeder
2026-09-05,202609,ENTR-VAS-BASELINE-0100,ENTR-VAS-BASELINE-0100-2,110100,VAS-MEDIA-02,미디어팩,Y,7700,A,2023-08-01,9999-12-31,Y,N,1131,37,디지털,,2026-09-05T23:00:00,synthetic-seeder
2026-09-05,202609,ENTR-VAS-BASELINE-0100,ENTR-VAS-BASELINE-0100-3,110100,VAS-RING-03,통화연결음,Y,1100,A,2023-08-01,9999-12-31,Y,N,1131,37,디지털,,2026-09-05T23:00:00,synthetic-seeder
2026-09-06,202609,ENTR-VAS-BASELINE-0101,ENTR-VAS-BASELINE-0101-1,110101,VAS-SAFE-01,스팸 차단,Y,3300,A,2023-08-01,9999-12-31,Y,N,1132,37,디지털,,2026-09-06T23:00:00,synthetic-seeder
2026-09-06,202609,ENTR-VAS-BASELINE-0101,ENTR-VAS-BASELINE-0101-2,110101,VAS-MEDIA-02,미디어팩,Y,7700,A,2023-08-01,9999-12-31,Y,N,1132,37,디지털,,2026-09-06T23:00:00,synthetic-seeder
2026-09-06,202609,ENTR-VAS-BASELINE-0101,ENTR-VAS-BASELINE-0101-3,110101,VAS-RING-03,통화연결음,Y,1100,A,2023-08-01,9999-12-31,Y,N,1132,37,디지털,,2026-09-06T23:00:00,synthetic-seeder
2026-09-07,202609,ENTR-VAS-BASELINE-0102,ENTR-VAS-BASELINE-0102-1,110102,VAS-SAFE-01,스팸 차단,Y,3300,A,2023-08-01,9999-12-31,Y,N,1133,37,디지털,,2026-09-07T23:00:00,synthetic-seeder
2026-09-07,202609,ENTR-VAS-BASELINE-0102,ENTR-VAS-BASELINE-0102-2,110102,VAS-MEDIA-02,미디어팩,Y,7700,A,2023-08-01,9999-12-31,Y,N,1133,37,디지털,,2026-09-07T23:00:00,synthetic-seeder
2026-09-07,202609,ENTR-VAS-BASELINE-0102,ENTR-VAS-BASELINE-0102-3,110102,VAS-RING-03,통화연결음,Y,1100,A,2023-08-01,9999-12-31,Y,N,1133,37,디지털,,2026-09-07T23:00:00,synthetic-seeder
2026-09-08,202609,ENTR-VAS-BASELINE-0103,ENTR-VAS-BASELINE-0103-1,110103,VAS-SAFE-01,스팸 차단,Y,3300,A,2023-08-01,9999-12-31,Y,N,1134,37,디지털,,2026-09-08T23:00:00,synthetic-seeder
2026-09-08,202609,ENTR-VAS-BASELINE-0103,ENTR-VAS-BASELINE-0103-2,110103,VAS-MEDIA-02,미디어팩,Y,7700,A,2023-08-01,9999-12-31,Y,N,1134,37,디지털,,2026-09-08T23:00:00,synthetic-seeder
2026-09-08,202609,ENTR-VAS-BASELINE-0103,ENTR-VAS-BASELINE-0103-3,110103,VAS-RING-03,통화연결음,Y,1100,A,2023-08-01,9999-12-31,Y,N,1134,37,디지털,,2026-09-08T23:00:00,synthetic-seeder
2026-09-09,202609,ENTR-VAS-BASELINE-0104,ENTR-VAS-BASELINE-0104-1,110104,VAS-SAFE-01,스팸 차단,Y,3300,A,2023-08-01,9999-12-31,Y,N,1135,37,디지털,,2026-09-09T23:00:00,synthetic-seeder
2026-09-09,202609,ENTR-VAS-BASELINE-0104,ENTR-VAS-BASELINE-0104-2,110104,VAS-MEDIA-02,미디어팩,Y,7700,A,2023-08-01,9999-12-31,Y,N,1135,37,디지털,,2026-09-09T23:00:00,synthetic-seeder
2026-09-09,202609,ENTR-VAS-BASELINE-0104,ENTR-VAS-BASELINE-0104-3,110104,VAS-RING-03,통화연결음,Y,1100,A,2023-08-01,9999-12-31,Y,N,1135,37,디지털,,2026-09-09T23:00:00,synthetic-seeder
2026-09-10,202609,ENTR-VAS-BASELINE-0105,ENTR-VAS-BASELINE-0105-1,110105,VAS-SAFE-01,스팸 차단,Y,3300,A,2023-08-01,9999-12-31,Y,N,1136,37,디지털,,2026-09-10T23:00:00,synthetic-seeder
2026-09-10,202609,ENTR-VAS-BASELINE-0105,ENTR-VAS-BASELINE-0105-2,110105,VAS-MEDIA-02,미디어팩,Y,7700,A,2023-08-01,9999-12-31,Y,N,1136,37,디지털,,2026-09-10T23:00:00,synthetic-seeder
2026-09-10,202609,ENTR-VAS-BASELINE-0105,ENTR-VAS-BASELINE-0105-3,110105,VAS-RING-03,통화연결음,Y,1100,A,2023-08-01,9999-12-31,Y,N,1136,37,디지털,,2026-09-10T23:00:00,synthetic-seeder
2026-09-04,202609,ENTR-VAS-BASELINE-0106,ENTR-VAS-BASELINE-0106-1,110106,VAS-SAFE-01,스팸 차단,Y,3300,A,2023-08-01,9999-12-31,Y,N,1130,37,디지털,,2026-09-04T23:00:00,synthetic-seeder
2026-09-04,202609,ENTR-VAS-BASELINE-0106,ENTR-VAS-BASELINE-0106-2,110106,VAS-MEDIA-02,미디어팩,Y,7700,A,2023-08-01,9999-12-31,Y,N,1130,37,디지털,,2026-09-04T23:00:00,synthetic-seeder
2026-09-04,202609,ENTR-VAS-BASELINE-0106,ENTR-VAS-BASELINE-0106-3,110106,VAS-RING-03,통화연결음,Y,1100,A,2023-08-01,9999-12-31,Y,N,1130,37,디지털,,2026-09-04T23:00:00,synthetic-seeder
2026-09-05,202609,ENTR-VAS-BASELINE-0107,ENTR-VAS-BASELINE-0107-1,110107,VAS-SAFE-01,스팸 차단,Y,3300,A,2023-08-01,9999-12-31,Y,N,1131,37,디지털,,2026-09-05T23:00:00,synthetic-seeder
2026-09-05,202609,ENTR-VAS-BASELINE-0107,ENTR-VAS-BASELINE-0107-2,110107,VAS-MEDIA-02,미디어팩,Y,7700,A,2023-08-01,9999-12-31,Y,N,1131,37,디지털,,2026-09-05T23:00:00,synthetic-seeder
2026-09-05,202609,ENTR-VAS-BASELINE-0107,ENTR-VAS-BASELINE-0107-3,110107,VAS-RING-03,통화연결음,Y,1100,A,2023-08-01,9999-12-31,Y,N,1131,37,디지털,,2026-09-05T23:00:00,synthetic-seeder
2026-09-06,202609,ENTR-VAS-BASELINE-0108,ENTR-VAS-BASELINE-0108-1,110108,VAS-SAFE-01,스팸 차단,Y,3300,A,2023-08-01,9999-12-31,Y,N,1132,37,디지털,,2026-09-06T23:00:00,synthetic-seeder
2026-09-06,202609,ENTR-VAS-BASELINE-0108,ENTR-VAS-BASELINE-0108-2,110108,VAS-MEDIA-02,미디어팩,Y,7700,A,2023-08-01,9999-12-31,Y,N,1132,37,디지털,,2026-09-06T23:00:00,synthetic-seeder
2026-09-06,202609,ENTR-VAS-BASELINE-0108,ENTR-VAS-BASELINE-0108-3,110108,VAS-RING-03,통화연결음,Y,1100,A,2023-08-01,9999-12-31,Y,N,1132,37,디지털,,2026-09-06T23:00:00,synthetic-seeder
2026-09-07,202609,ENTR-VAS-BASELINE-0109,ENTR-VAS-BASELINE-0109-1,110109,VAS-SAFE-01,스팸 차단,Y,3300,A,2023-08-01,9999-12-31,Y,N,1133,37,디지털,,2026-09-07T23:00:00,synthetic-seeder
2026-09-07,202609,ENTR-VAS-BASELINE-0109,ENTR-VAS-BASELINE-0109-2,110109,VAS-MEDIA-02,미디어팩,Y,7700,A,2023-08-01,9999-12-31,Y,N,1133,37,디지털,,2026-09-07T23:00:00,synthetic-seeder
2026-09-07,202609,ENTR-VAS-BASELINE-0109,ENTR-VAS-BASELINE-0109-3,110109,VAS-RING-03,통화연결음,Y,1100,A,2023-08-01,9999-12-31,Y,N,1133,37,디지털,,2026-09-07T23:00:00,synthetic-seeder
2026-09-08,202609,ENTR-VAS-BASELINE-0110,ENTR-VAS-BASELINE-0110-1,110110,VAS-SAFE-01,스팸 차단,Y,3300,A,2023-08-01,9999-12-31,Y,N,1134,37,디지털,,2026-09-08T23:00:00,synthetic-seeder
2026-09-08,202609,ENTR-VAS-BASELINE-0110,ENTR-VAS-BASELINE-0110-2,110110,VAS-MEDIA-02,미디어팩,Y,7700,A,2023-08-01,9999-12-31,Y,N,1134,37,디지털,,2026-09-08T23:00:00,synthetic-seeder
2026-09-08,202609,ENTR-VAS-BASELINE-0110,ENTR-VAS-BASELINE-0110-3,110110,VAS-RING-03,통화연결음,Y,1100,A,2023-08-01,9999-12-31,Y,N,1134,37,디지털,,2026-09-08T23:00:00,synthetic-seeder
2026-09-09,202609,ENTR-VAS-BASELINE-0111,ENTR-VAS-BASELINE-0111-1,110111,VAS-SAFE-01,스팸 차단,Y,3300,A,2023-08-01,9999-12-31,Y,N,1135,37,디지털,,2026-09-09T23:00:00,synthetic-seeder
2026-09-09,202609,ENTR-VAS-BASELINE-0111,ENTR-VAS-BASELINE-0111-2,110111,VAS-MEDIA-02,미디어팩,Y,7700,A,2023-08-01,9999-12-31,Y,N,1135,37,디지털,,2026-09-09T23:00:00,synthetic-seeder
2026-09-09,202609,ENTR-VAS-BASELINE-0111,ENTR-VAS-BASELINE-0111-3,110111,VAS-RING-03,통화연결음,Y,1100,A,2023-08-01,9999-12-31,Y,N,1135,37,디지털,,2026-09-09T23:00:00,synthetic-seeder
2026-09-10,202609,ENTR-VAS-BASELINE-0112,ENTR-VAS-BASELINE-0112-1,110112,VAS-SAFE-01,스팸 차단,Y,3300,A,2023-08-01,9999-12-31,Y,N,1136,37,디지털,,2026-09-10T23:00:00,synthetic-seeder
2026-09-10,202609,ENTR-VAS-BASELINE-0112,ENTR-VAS-BASELINE-0112-2,110112,VAS-MEDIA-02,미디어팩,Y,7700,A,2023-08-01,9999-12-31,Y,N,1136,37,디지털,,2026-09-10T23:00:00,synthetic-seeder
2026-09-10,202609,ENTR-VAS-BASELINE-0112,ENTR-VAS-BASELINE-0112-3,110112,VAS-RING-03,통화연결음,Y,1100,A,2023-08-01,9999-12-31,Y,N,1136,37,디지털,,2026-09-10T23:00:00,synthetic-seeder
2026-09-04,202609,ENTR-VAS-BASELINE-0113,ENTR-VAS-BASELINE-0113-1,110113,VAS-SAFE-01,스팸 차단,Y,3300,A,2023-08-01,9999-12-31,Y,N,1130,37,디지털,,2026-09-04T23:00:00,synthetic-seeder
2026-09-04,202609,ENTR-VAS-BASELINE-0113,ENTR-VAS-BASELINE-0113-2,110113,VAS-MEDIA-02,미디어팩,Y,7700,A,2023-08-01,9999-12-31,Y,N,1130,37,디지털,,2026-09-04T23:00:00,synthetic-seeder
2026-09-04,202609,ENTR-VAS-BASELINE-0113,ENTR-VAS-BASELINE-0113-3,110113,VAS-RING-03,통화연결음,Y,1100,A,2023-08-01,9999-12-31,Y,N,1130,37,디지털,,2026-09-04T23:00:00,synthetic-seeder
2026-09-05,202609,ENTR-VAS-BASELINE-0114,ENTR-VAS-BASELINE-0114-1,110114,VAS-SAFE-01,스팸 차단,Y,3300,A,2023-08-01,9999-12-31,Y,N,1131,37,디지털,,2026-09-05T23:00:00,synthetic-seeder
2026-09-05,202609,ENTR-VAS-BASELINE-0114,ENTR-VAS-BASELINE-0114-2,110114,VAS-MEDIA-02,미디어팩,Y,7700,A,2023-08-01,9999-12-31,Y,N,1131,37,디지털,,2026-09-05T23:00:00,synthetic-seeder
2026-09-05,202609,ENTR-VAS-BASELINE-0114,ENTR-VAS-BASELINE-0114-3,110114,VAS-RING-03,통화연결음,Y,1100,A,2023-08-01,9999-12-31,Y,N,1131,37,디지털,,2026-09-05T23:00:00,synthetic-seeder
2026-09-06,202609,ENTR-VAS-BASELINE-0115,ENTR-VAS-BASELINE-0115-1,110115,VAS-SAFE-01,스팸 차단,Y,3300,A,2023-08-01,9999-12-31,Y,N,1132,37,디지털,,2026-09-06T23:00:00,synthetic-seeder
2026-09-06,202609,ENTR-VAS-BASELINE-0115,ENTR-VAS-BASELINE-0115-2,110115,VAS-MEDIA-02,미디어팩,Y,7700,A,2023-08-01,9999-12-31,Y,N,1132,37,디지털,,2026-09-06T23:00:00,synthetic-seeder
2026-09-06,202609,ENTR-VAS-BASELINE-0115,ENTR-VAS-BASELINE-0115-3,110115,VAS-RING-03,통화연결음,Y,1100,A,2023-08-01,9999-12-31,Y,N,1132,37,디지털,,2026-09-06T23:00:00,synthetic-seeder
2026-09-07,202609,ENTR-VAS-BASELINE-0116,ENTR-VAS-BASELINE-0116-1,110116,VAS-SAFE-01,스팸 차단,Y,3300,A,2023-08-01,9999-12-31,Y,N,1133,37,디지털,,2026-09-07T23:00:00,synthetic-seeder
2026-09-07,202609,ENTR-VAS-BASELINE-0116,ENTR-VAS-BASELINE-0116-2,110116,VAS-MEDIA-02,미디어팩,Y,7700,A,2023-08-01,9999-12-31,Y,N,1133,37,디지털,,2026-09-07T23:00:00,synthetic-seeder
2026-09-07,202609,ENTR-VAS-BASELINE-0116,ENTR-VAS-BASELINE-0116-3,110116,VAS-RING-03,통화연결음,Y,1100,A,2023-08-01,9999-12-31,Y,N,1133,37,디지털,,2026-09-07T23:00:00,synthetic-seeder
2026-09-08,202609,ENTR-VAS-BASELINE-0117,ENTR-VAS-BASELINE-0117-1,110117,VAS-SAFE-01,스팸 차단,Y,3300,A,2023-08-01,9999-12-31,Y,N,1134,37,디지털,,2026-09-08T23:00:00,synthetic-seeder
2026-09-08,202609,ENTR-VAS-BASELINE-0117,ENTR-VAS-BASELINE-0117-2,110117,VAS-MEDIA-02,미디어팩,Y,7700,A,2023-08-01,9999-12-31,Y,N,1134,37,디지털,,2026-09-08T23:00:00,synthetic-seeder
2026-09-08,202609,ENTR-VAS-BASELINE-0117,ENTR-VAS-BASELINE-0117-3,110117,VAS-RING-03,통화연결음,Y,1100,A,2023-08-01,9999-12-31,Y,N,1134,37,디지털,,2026-09-08T23:00:00,synthetic-seeder
2026-09-09,202609,ENTR-VAS-BASELINE-0118,ENTR-VAS-BASELINE-0118-1,110118,VAS-SAFE-01,스팸 차단,Y,3300,A,2023-08-01,9999-12-31,Y,N,1135,37,디지털,,2026-09-09T23:00:00,synthetic-seeder
2026-09-09,202609,ENTR-VAS-BASELINE-0118,ENTR-VAS-BASELINE-0118-2,110118,VAS-MEDIA-02,미디어팩,Y,7700,A,2023-08-01,9999-12-31,Y,N,1135,37,디지털,,2026-09-09T23:00:00,synthetic-seeder
2026-09-09,202609,ENTR-VAS-BASELINE-0118,ENTR-VAS-BASELINE-0118-3,110118,VAS-RING-03,통화연결음,Y,1100,A,2023-08-01,9999-12-31,Y,N,1135,37,디지털,,2026-09-09T23:00:00,synthetic-seeder
2026-09-10,202609,ENTR-VAS-BASELINE-0119,ENTR-VAS-BASELINE-0119-1,110119,VAS-SAFE-01,스팸 차단,Y,3300,A,2023-08-01,9999-12-31,Y,N,1136,37,디지털,,2026-09-10T23:00:00,synthetic-seeder
2026-09-10,202609,ENTR-VAS-BASELINE-0119,ENTR-VAS-BASELINE-0119-2,110119,VAS-MEDIA-02,미디어팩,Y,7700,A,2023-08-01,9999-12-31,Y,N,1136,37,디지털,,2026-09-10T23:00:00,synthetic-seeder
2026-09-10,202609,ENTR-VAS-BASELINE-0119,ENTR-VAS-BASELINE-0119-3,110119,VAS-RING-03,통화연결음,Y,1100,A,2023-08-01,9999-12-31,Y,N,1136,37,디지털,,2026-09-10T23:00:00,synthetic-seeder
2026-09-04,202609,ENTR-VAS-BASELINE-0120,ENTR-VAS-BASELINE-0120-1,110120,VAS-SAFE-01,스팸 차단,Y,3300,A,2023-08-01,9999-12-31,Y,N,1130,37,디지털,,2026-09-04T23:00:00,synthetic-seeder
2026-09-04,202609,ENTR-VAS-BASELINE-0120,ENTR-VAS-BASELINE-0120-2,110120,VAS-MEDIA-02,미디어팩,Y,7700,A,2023-08-01,9999-12-31,Y,N,1130,37,디지털,,2026-09-04T23:00:00,synthetic-seeder
2026-09-04,202609,ENTR-VAS-BASELINE-0120,ENTR-VAS-BASELINE-0120-3,110120,VAS-RING-03,통화연결음,Y,1100,A,2023-08-01,9999-12-31,Y,N,1130,37,디지털,,2026-09-04T23:00:00,synthetic-seeder
2026-09-05,202609,ENTR-VAS-BASELINE-0121,ENTR-VAS-BASELINE-0121-1,110121,VAS-SAFE-01,스팸 차단,Y,3300,A,2023-08-01,9999-12-31,Y,N,1131,37,디지털,,2026-09-05T23:00:00,synthetic-seeder
2026-09-05,202609,ENTR-VAS-BASELINE-0121,ENTR-VAS-BASELINE-0121-2,110121,VAS-MEDIA-02,미디어팩,Y,7700,A,2023-08-01,9999-12-31,Y,N,1131,37,디지털,,2026-09-05T23:00:00,synthetic-seeder
2026-09-05,202609,ENTR-VAS-BASELINE-0121,ENTR-VAS-BASELINE-0121-3,110121,VAS-RING-03,통화연결음,Y,1100,A,2023-08-01,9999-12-31,Y,N,1131,37,디지털,,2026-09-05T23:00:00,synthetic-seeder
2026-09-06,202609,ENTR-VAS-BASELINE-0122,ENTR-VAS-BASELINE-0122-1,110122,VAS-SAFE-01,스팸 차단,Y,3300,A,2023-08-01,9999-12-31,Y,N,1132,37,디지털,,2026-09-06T23:00:00,synthetic-seeder
2026-09-06,202609,ENTR-VAS-BASELINE-0122,ENTR-VAS-BASELINE-0122-2,110122,VAS-MEDIA-02,미디어팩,Y,7700,A,2023-08-01,9999-12-31,Y,N,1132,37,디지털,,2026-09-06T23:00:00,synthetic-seeder
2026-09-06,202609,ENTR-VAS-BASELINE-0122,ENTR-VAS-BASELINE-0122-3,110122,VAS-RING-03,통화연결음,Y,1100,A,2023-08-01,9999-12-31,Y,N,1132,37,디지털,,2026-09-06T23:00:00,synthetic-seeder
2026-09-07,202609,ENTR-VAS-BASELINE-0123,ENTR-VAS-BASELINE-0123-1,110123,VAS-SAFE-01,스팸 차단,Y,3300,A,2023-08-01,9999-12-31,Y,N,1133,37,디지털,,2026-09-07T23:00:00,synthetic-seeder
2026-09-07,202609,ENTR-VAS-BASELINE-0123,ENTR-VAS-BASELINE-0123-2,110123,VAS-MEDIA-02,미디어팩,Y,7700,A,2023-08-01,9999-12-31,Y,N,1133,37,디지털,,2026-09-07T23:00:00,synthetic-seeder
2026-09-07,202609,ENTR-VAS-BASELINE-0123,ENTR-VAS-BASELINE-0123-3,110123,VAS-RING-03,통화연결음,Y,1100,A,2023-08-01,9999-12-31,Y,N,1133,37,디지털,,2026-09-07T23:00:00,synthetic-seeder
2026-09-08,202609,ENTR-VAS-BASELINE-0124,ENTR-VAS-BASELINE-0124-1,110124,VAS-SAFE-01,스팸 차단,Y,3300,A,2023-08-01,9999-12-31,Y,N,1134,37,디지털,,2026-09-08T23:00:00,synthetic-seeder
2026-09-08,202609,ENTR-VAS-BASELINE-0124,ENTR-VAS-BASELINE-0124-2,110124,VAS-MEDIA-02,미디어팩,Y,7700,A,2023-08-01,9999-12-31,Y,N,1134,37,디지털,,2026-09-08T23:00:00,synthetic-seeder
2026-09-08,202609,ENTR-VAS-BASELINE-0124,ENTR-VAS-BASELINE-0124-3,110124,VAS-RING-03,통화연결음,Y,1100,A,2023-08-01,9999-12-31,Y,N,1134,37,디지털,,2026-09-08T23:00:00,synthetic-seeder
2026-09-09,202609,ENTR-VAS-BASELINE-0125,ENTR-VAS-BASELINE-0125-1,110125,VAS-SAFE-01,스팸 차단,Y,3300,A,2023-08-01,9999-12-31,Y,N,1135,37,디지털,,2026-09-09T23:00:00,synthetic-seeder
2026-09-09,202609,ENTR-VAS-BASELINE-0125,ENTR-VAS-BASELINE-0125-2,110125,VAS-MEDIA-02,미디어팩,Y,7700,A,2023-08-01,9999-12-31,Y,N,1135,37,디지털,,2026-09-09T23:00:00,synthetic-seeder
2026-09-09,202609,ENTR-VAS-BASELINE-0125,ENTR-VAS-BASELINE-0125-3,110125,VAS-RING-03,통화연결음,Y,1100,A,2023-08-01,9999-12-31,Y,N,1135,37,디지털,,2026-09-09T23:00:00,synthetic-seeder
2026-09-10,202609,ENTR-VAS-BASELINE-0126,ENTR-VAS-BASELINE-0126-1,110126,VAS-SAFE-01,스팸 차단,Y,3300,A,2023-08-01,9999-12-31,Y,N,1136,37,디지털,,2026-09-10T23:00:00,synthetic-seeder
2026-09-10,202609,ENTR-VAS-BASELINE-0126,ENTR-VAS-BASELINE-0126-2,110126,VAS-MEDIA-02,미디어팩,Y,7700,A,2023-08-01,9999-12-31,Y,N,1136,37,디지털,,2026-09-10T23:00:00,synthetic-seeder
2026-09-10,202609,ENTR-VAS-BASELINE-0126,ENTR-VAS-BASELINE-0126-3,110126,VAS-RING-03,통화연결음,Y,1100,A,2023-08-01,9999-12-31,Y,N,1136,37,디지털,,2026-09-10T23:00:00,synthetic-seeder
2026-09-04,202609,ENTR-VAS-BASELINE-0127,ENTR-VAS-BASELINE-0127-1,110127,VAS-SAFE-01,스팸 차단,Y,3300,A,2023-08-01,9999-12-31,Y,N,1130,37,디지털,,2026-09-04T23:00:00,synthetic-seeder
2026-09-04,202609,ENTR-VAS-BASELINE-0127,ENTR-VAS-BASELINE-0127-2,110127,VAS-MEDIA-02,미디어팩,Y,7700,A,2023-08-01,9999-12-31,Y,N,1130,37,디지털,,2026-09-04T23:00:00,synthetic-seeder
2026-09-04,202609,ENTR-VAS-BASELINE-0127,ENTR-VAS-BASELINE-0127-3,110127,VAS-RING-03,통화연결음,Y,1100,A,2023-08-01,9999-12-31,Y,N,1130,37,디지털,,2026-09-04T23:00:00,synthetic-seeder
2026-09-05,202609,ENTR-VAS-BASELINE-0128,ENTR-VAS-BASELINE-0128-1,110128,VAS-SAFE-01,스팸 차단,Y,3300,A,2023-08-01,9999-12-31,Y,N,1131,37,디지털,,2026-09-05T23:00:00,synthetic-seeder
2026-09-05,202609,ENTR-VAS-BASELINE-0128,ENTR-VAS-BASELINE-0128-2,110128,VAS-MEDIA-02,미디어팩,Y,7700,A,2023-08-01,9999-12-31,Y,N,1131,37,디지털,,2026-09-05T23:00:00,synthetic-seeder
2026-09-05,202609,ENTR-VAS-BASELINE-0128,ENTR-VAS-BASELINE-0128-3,110128,VAS-RING-03,통화연결음,Y,1100,A,2023-08-01,9999-12-31,Y,N,1131,37,디지털,,2026-09-05T23:00:00,synthetic-seeder
2026-09-06,202609,ENTR-VAS-BASELINE-0129,ENTR-VAS-BASELINE-0129-1,110129,VAS-SAFE-01,스팸 차단,Y,3300,A,2023-08-01,9999-12-31,Y,N,1132,37,디지털,,2026-09-06T23:00:00,synthetic-seeder
2026-09-06,202609,ENTR-VAS-BASELINE-0129,ENTR-VAS-BASELINE-0129-2,110129,VAS-MEDIA-02,미디어팩,Y,7700,A,2023-08-01,9999-12-31,Y,N,1132,37,디지털,,2026-09-06T23:00:00,synthetic-seeder
2026-09-06,202609,ENTR-VAS-BASELINE-0129,ENTR-VAS-BASELINE-0129-3,110129,VAS-RING-03,통화연결음,Y,1100,A,2023-08-01,9999-12-31,Y,N,1132,37,디지털,,2026-09-06T23:00:00,synthetic-seeder
2026-09-07,202609,ENTR-VAS-BASELINE-0130,ENTR-VAS-BASELINE-0130-1,110130,VAS-SAFE-01,스팸 차단,Y,3300,A,2023-08-01,9999-12-31,Y,N,1133,37,디지털,,2026-09-07T23:00:00,synthetic-seeder
2026-09-07,202609,ENTR-VAS-BASELINE-0130,ENTR-VAS-BASELINE-0130-2,110130,VAS-MEDIA-02,미디어팩,Y,7700,A,2023-08-01,9999-12-31,Y,N,1133,37,디지털,,2026-09-07T23:00:00,synthetic-seeder
2026-09-07,202609,ENTR-VAS-BASELINE-0130,ENTR-VAS-BASELINE-0130-3,110130,VAS-RING-03,통화연결음,Y,1100,A,2023-08-01,9999-12-31,Y,N,1133,37,디지털,,2026-09-07T23:00:00,synthetic-seeder
2026-09-08,202609,ENTR-VAS-BASELINE-0131,ENTR-VAS-BASELINE-0131-1,110131,VAS-SAFE-01,스팸 차단,Y,3300,A,2023-08-01,9999-12-31,Y,N,1134,37,디지털,,2026-09-08T23:00:00,synthetic-seeder
2026-09-08,202609,ENTR-VAS-BASELINE-0131,ENTR-VAS-BASELINE-0131-2,110131,VAS-MEDIA-02,미디어팩,Y,7700,A,2023-08-01,9999-12-31,Y,N,1134,37,디지털,,2026-09-08T23:00:00,synthetic-seeder
2026-09-08,202609,ENTR-VAS-BASELINE-0131,ENTR-VAS-BASELINE-0131-3,110131,VAS-RING-03,통화연결음,Y,1100,A,2023-08-01,9999-12-31,Y,N,1134,37,디지털,,2026-09-08T23:00:00,synthetic-seeder
2026-09-09,202609,ENTR-VAS-BASELINE-0132,ENTR-VAS-BASELINE-0132-1,110132,VAS-SAFE-01,스팸 차단,Y,3300,A,2023-08-01,9999-12-31,Y,N,1135,37,디지털,,2026-09-09T23:00:00,synthetic-seeder
2026-09-09,202609,ENTR-VAS-BASELINE-0132,ENTR-VAS-BASELINE-0132-2,110132,VAS-MEDIA-02,미디어팩,Y,7700,A,2023-08-01,9999-12-31,Y,N,1135,37,디지털,,2026-09-09T23:00:00,synthetic-seeder
2026-09-09,202609,ENTR-VAS-BASELINE-0132,ENTR-VAS-BASELINE-0132-3,110132,VAS-RING-03,통화연결음,Y,1100,A,2023-08-01,9999-12-31,Y,N,1135,37,디지털,,2026-09-09T23:00:00,synthetic-seeder
2026-09-10,202609,ENTR-VAS-BASELINE-0133,ENTR-VAS-BASELINE-0133-1,110133,VAS-SAFE-01,스팸 차단,Y,3300,A,2023-08-01,9999-12-31,Y,N,1136,37,디지털,,2026-09-10T23:00:00,synthetic-seeder
2026-09-10,202609,ENTR-VAS-BASELINE-0133,ENTR-VAS-BASELINE-0133-2,110133,VAS-MEDIA-02,미디어팩,Y,7700,A,2023-08-01,9999-12-31,Y,N,1136,37,디지털,,2026-09-10T23:00:00,synthetic-seeder
2026-09-10,202609,ENTR-VAS-BASELINE-0133,ENTR-VAS-BASELINE-0133-3,110133,VAS-RING-03,통화연결음,Y,1100,A,2023-08-01,9999-12-31,Y,N,1136,37,디지털,,2026-09-10T23:00:00,synthetic-seeder
2026-09-04,202609,ENTR-VAS-BASELINE-0134,ENTR-VAS-BASELINE-0134-1,110134,VAS-SAFE-01,스팸 차단,Y,3300,A,2023-08-01,9999-12-31,Y,N,1130,37,디지털,,2026-09-04T23:00:00,synthetic-seeder
2026-09-04,202609,ENTR-VAS-BASELINE-0134,ENTR-VAS-BASELINE-0134-2,110134,VAS-MEDIA-02,미디어팩,Y,7700,A,2023-08-01,9999-12-31,Y,N,1130,37,디지털,,2026-09-04T23:00:00,synthetic-seeder
2026-09-04,202609,ENTR-VAS-BASELINE-0134,ENTR-VAS-BASELINE-0134-3,110134,VAS-RING-03,통화연결음,Y,1100,A,2023-08-01,9999-12-31,Y,N,1130,37,디지털,,2026-09-04T23:00:00,synthetic-seeder
2026-09-05,202609,ENTR-VAS-BASELINE-0135,ENTR-VAS-BASELINE-0135-1,110135,VAS-SAFE-01,스팸 차단,Y,3300,A,2023-08-01,9999-12-31,Y,N,1131,37,디지털,,2026-09-05T23:00:00,synthetic-seeder
2026-09-05,202609,ENTR-VAS-BASELINE-0135,ENTR-VAS-BASELINE-0135-2,110135,VAS-MEDIA-02,미디어팩,Y,7700,A,2023-08-01,9999-12-31,Y,N,1131,37,디지털,,2026-09-05T23:00:00,synthetic-seeder
2026-09-05,202609,ENTR-VAS-BASELINE-0135,ENTR-VAS-BASELINE-0135-3,110135,VAS-RING-03,통화연결음,Y,1100,A,2023-08-01,9999-12-31,Y,N,1131,37,디지털,,2026-09-05T23:00:00,synthetic-seeder
2026-09-06,202609,ENTR-VAS-BASELINE-0136,ENTR-VAS-BASELINE-0136-1,110136,VAS-SAFE-01,스팸 차단,Y,3300,A,2023-08-01,9999-12-31,Y,N,1132,37,디지털,,2026-09-06T23:00:00,synthetic-seeder
2026-09-06,202609,ENTR-VAS-BASELINE-0136,ENTR-VAS-BASELINE-0136-2,110136,VAS-MEDIA-02,미디어팩,Y,7700,A,2023-08-01,9999-12-31,Y,N,1132,37,디지털,,2026-09-06T23:00:00,synthetic-seeder
2026-09-06,202609,ENTR-VAS-BASELINE-0136,ENTR-VAS-BASELINE-0136-3,110136,VAS-RING-03,통화연결음,Y,1100,A,2023-08-01,9999-12-31,Y,N,1132,37,디지털,,2026-09-06T23:00:00,synthetic-seeder
2026-09-07,202609,ENTR-VAS-BASELINE-0137,ENTR-VAS-BASELINE-0137-1,110137,VAS-SAFE-01,스팸 차단,Y,3300,A,2023-08-01,9999-12-31,Y,N,1133,37,디지털,,2026-09-07T23:00:00,synthetic-seeder
2026-09-07,202609,ENTR-VAS-BASELINE-0137,ENTR-VAS-BASELINE-0137-2,110137,VAS-MEDIA-02,미디어팩,Y,7700,A,2023-08-01,9999-12-31,Y,N,1133,37,디지털,,2026-09-07T23:00:00,synthetic-seeder
2026-09-07,202609,ENTR-VAS-BASELINE-0137,ENTR-VAS-BASELINE-0137-3,110137,VAS-RING-03,통화연결음,Y,1100,A,2023-08-01,9999-12-31,Y,N,1133,37,디지털,,2026-09-07T23:00:00,synthetic-seeder
2026-09-08,202609,ENTR-VAS-BASELINE-0138,ENTR-VAS-BASELINE-0138-1,110138,VAS-SAFE-01,스팸 차단,Y,3300,A,2023-08-01,9999-12-31,Y,N,1134,37,디지털,,2026-09-08T23:00:00,synthetic-seeder
2026-09-08,202609,ENTR-VAS-BASELINE-0138,ENTR-VAS-BASELINE-0138-2,110138,VAS-MEDIA-02,미디어팩,Y,7700,A,2023-08-01,9999-12-31,Y,N,1134,37,디지털,,2026-09-08T23:00:00,synthetic-seeder
2026-09-08,202609,ENTR-VAS-BASELINE-0138,ENTR-VAS-BASELINE-0138-3,110138,VAS-RING-03,통화연결음,Y,1100,A,2023-08-01,9999-12-31,Y,N,1134,37,디지털,,2026-09-08T23:00:00,synthetic-seeder
2026-09-09,202609,ENTR-VAS-BASELINE-0139,ENTR-VAS-BASELINE-0139-1,110139,VAS-SAFE-01,스팸 차단,Y,3300,A,2023-08-01,9999-12-31,Y,N,1135,37,디지털,,2026-09-09T23:00:00,synthetic-seeder
2026-09-09,202609,ENTR-VAS-BASELINE-0139,ENTR-VAS-BASELINE-0139-2,110139,VAS-MEDIA-02,미디어팩,Y,7700,A,2023-08-01,9999-12-31,Y,N,1135,37,디지털,,2026-09-09T23:00:00,synthetic-seeder
2026-09-09,202609,ENTR-VAS-BASELINE-0139,ENTR-VAS-BASELINE-0139-3,110139,VAS-RING-03,통화연결음,Y,1100,A,2023-08-01,9999-12-31,Y,N,1135,37,디지털,,2026-09-09T23:00:00,synthetic-seeder
2026-09-10,202609,ENTR-VAS-BASELINE-0140,ENTR-VAS-BASELINE-0140-1,110140,VAS-SAFE-01,스팸 차단,Y,3300,A,2023-08-01,9999-12-31,Y,N,1136,37,디지털,,2026-09-10T23:00:00,synthetic-seeder
2026-09-10,202609,ENTR-VAS-BASELINE-0140,ENTR-VAS-BASELINE-0140-2,110140,VAS-MEDIA-02,미디어팩,Y,7700,A,2023-08-01,9999-12-31,Y,N,1136,37,디지털,,2026-09-10T23:00:00,synthetic-seeder
2026-09-10,202609,ENTR-VAS-BASELINE-0140,ENTR-VAS-BASELINE-0140-3,110140,VAS-RING-03,통화연결음,Y,1100,A,2023-08-01,9999-12-31,Y,N,1136,37,디지털,,2026-09-10T23:00:00,synthetic-seeder
2026-09-04,202609,ENTR-VAS-BASELINE-0141,ENTR-VAS-BASELINE-0141-1,110141,VAS-SAFE-01,스팸 차단,Y,3300,A,2023-08-01,9999-12-31,Y,N,1130,37,디지털,,2026-09-04T23:00:00,synthetic-seeder
2026-09-04,202609,ENTR-VAS-BASELINE-0141,ENTR-VAS-BASELINE-0141-2,110141,VAS-MEDIA-02,미디어팩,Y,7700,A,2023-08-01,9999-12-31,Y,N,1130,37,디지털,,2026-09-04T23:00:00,synthetic-seeder
2026-09-04,202609,ENTR-VAS-BASELINE-0141,ENTR-VAS-BASELINE-0141-3,110141,VAS-RING-03,통화연결음,Y,1100,A,2023-08-01,9999-12-31,Y,N,1130,37,디지털,,2026-09-04T23:00:00,synthetic-seeder
2026-09-05,202609,ENTR-VAS-BASELINE-0142,ENTR-VAS-BASELINE-0142-1,110142,VAS-SAFE-01,스팸 차단,Y,3300,A,2023-08-01,9999-12-31,Y,N,1131,37,디지털,,2026-09-05T23:00:00,synthetic-seeder
2026-09-05,202609,ENTR-VAS-BASELINE-0142,ENTR-VAS-BASELINE-0142-2,110142,VAS-MEDIA-02,미디어팩,Y,7700,A,2023-08-01,9999-12-31,Y,N,1131,37,디지털,,2026-09-05T23:00:00,synthetic-seeder
2026-09-05,202609,ENTR-VAS-BASELINE-0142,ENTR-VAS-BASELINE-0142-3,110142,VAS-RING-03,통화연결음,Y,1100,A,2023-08-01,9999-12-31,Y,N,1131,37,디지털,,2026-09-05T23:00:00,synthetic-seeder
2026-09-06,202609,ENTR-VAS-BASELINE-0143,ENTR-VAS-BASELINE-0143-1,110143,VAS-SAFE-01,스팸 차단,Y,3300,A,2023-08-01,9999-12-31,Y,N,1132,37,디지털,,2026-09-06T23:00:00,synthetic-seeder
2026-09-06,202609,ENTR-VAS-BASELINE-0143,ENTR-VAS-BASELINE-0143-2,110143,VAS-MEDIA-02,미디어팩,Y,7700,A,2023-08-01,9999-12-31,Y,N,1132,37,디지털,,2026-09-06T23:00:00,synthetic-seeder
2026-09-06,202609,ENTR-VAS-BASELINE-0143,ENTR-VAS-BASELINE-0143-3,110143,VAS-RING-03,통화연결음,Y,1100,A,2023-08-01,9999-12-31,Y,N,1132,37,디지털,,2026-09-06T23:00:00,synthetic-seeder
2026-09-07,202609,ENTR-VAS-BASELINE-0144,ENTR-VAS-BASELINE-0144-1,110144,VAS-SAFE-01,스팸 차단,Y,3300,A,2023-08-01,9999-12-31,Y,N,1133,37,디지털,,2026-09-07T23:00:00,synthetic-seeder
2026-09-07,202609,ENTR-VAS-BASELINE-0144,ENTR-VAS-BASELINE-0144-2,110144,VAS-MEDIA-02,미디어팩,Y,7700,A,2023-08-01,9999-12-31,Y,N,1133,37,디지털,,2026-09-07T23:00:00,synthetic-seeder
2026-09-07,202609,ENTR-VAS-BASELINE-0144,ENTR-VAS-BASELINE-0144-3,110144,VAS-RING-03,통화연결음,Y,1100,A,2023-08-01,9999-12-31,Y,N,1133,37,디지털,,2026-09-07T23:00:00,synthetic-seeder
2026-09-08,202609,ENTR-VAS-BASELINE-0145,ENTR-VAS-BASELINE-0145-1,110145,VAS-SAFE-01,스팸 차단,Y,3300,A,2023-08-01,9999-12-31,Y,N,1134,37,디지털,,2026-09-08T23:00:00,synthetic-seeder
2026-09-08,202609,ENTR-VAS-BASELINE-0145,ENTR-VAS-BASELINE-0145-2,110145,VAS-MEDIA-02,미디어팩,Y,7700,A,2023-08-01,9999-12-31,Y,N,1134,37,디지털,,2026-09-08T23:00:00,synthetic-seeder
2026-09-08,202609,ENTR-VAS-BASELINE-0145,ENTR-VAS-BASELINE-0145-3,110145,VAS-RING-03,통화연결음,Y,1100,A,2023-08-01,9999-12-31,Y,N,1134,37,디지털,,2026-09-08T23:00:00,synthetic-seeder
2026-09-09,202609,ENTR-VAS-BASELINE-0146,ENTR-VAS-BASELINE-0146-1,110146,VAS-SAFE-01,스팸 차단,Y,3300,A,2023-08-01,9999-12-31,Y,N,1135,37,디지털,,2026-09-09T23:00:00,synthetic-seeder
2026-09-09,202609,ENTR-VAS-BASELINE-0146,ENTR-VAS-BASELINE-0146-2,110146,VAS-MEDIA-02,미디어팩,Y,7700,A,2023-08-01,9999-12-31,Y,N,1135,37,디지털,,2026-09-09T23:00:00,synthetic-seeder
2026-09-09,202609,ENTR-VAS-BASELINE-0146,ENTR-VAS-BASELINE-0146-3,110146,VAS-RING-03,통화연결음,Y,1100,A,2023-08-01,9999-12-31,Y,N,1135,37,디지털,,2026-09-09T23:00:00,synthetic-seeder
2026-09-10,202609,ENTR-VAS-BASELINE-0147,ENTR-VAS-BASELINE-0147-1,110147,VAS-SAFE-01,스팸 차단,Y,3300,A,2023-08-01,9999-12-31,Y,N,1136,37,디지털,,2026-09-10T23:00:00,synthetic-seeder
2026-09-10,202609,ENTR-VAS-BASELINE-0147,ENTR-VAS-BASELINE-0147-2,110147,VAS-MEDIA-02,미디어팩,Y,7700,A,2023-08-01,9999-12-31,Y,N,1136,37,디지털,,2026-09-10T23:00:00,synthetic-seeder
2026-09-10,202609,ENTR-VAS-BASELINE-0147,ENTR-VAS-BASELINE-0147-3,110147,VAS-RING-03,통화연결음,Y,1100,A,2023-08-01,9999-12-31,Y,N,1136,37,디지털,,2026-09-10T23:00:00,synthetic-seeder
2026-09-04,202609,ENTR-VAS-BASELINE-0148,ENTR-VAS-BASELINE-0148-1,110148,VAS-SAFE-01,스팸 차단,Y,3300,A,2023-08-01,9999-12-31,Y,N,1130,37,디지털,,2026-09-04T23:00:00,synthetic-seeder
2026-09-04,202609,ENTR-VAS-BASELINE-0148,ENTR-VAS-BASELINE-0148-2,110148,VAS-MEDIA-02,미디어팩,Y,7700,A,2023-08-01,9999-12-31,Y,N,1130,37,디지털,,2026-09-04T23:00:00,synthetic-seeder
2026-09-04,202609,ENTR-VAS-BASELINE-0148,ENTR-VAS-BASELINE-0148-3,110148,VAS-RING-03,통화연결음,Y,1100,A,2023-08-01,9999-12-31,Y,N,1130,37,디지털,,2026-09-04T23:00:00,synthetic-seeder
2026-09-05,202609,ENTR-VAS-BASELINE-0149,ENTR-VAS-BASELINE-0149-1,110149,VAS-SAFE-01,스팸 차단,Y,3300,A,2023-08-01,9999-12-31,Y,N,1131,37,디지털,,2026-09-05T23:00:00,synthetic-seeder
2026-09-05,202609,ENTR-VAS-BASELINE-0149,ENTR-VAS-BASELINE-0149-2,110149,VAS-MEDIA-02,미디어팩,Y,7700,A,2023-08-01,9999-12-31,Y,N,1131,37,디지털,,2026-09-05T23:00:00,synthetic-seeder
2026-09-05,202609,ENTR-VAS-BASELINE-0149,ENTR-VAS-BASELINE-0149-3,110149,VAS-RING-03,통화연결음,Y,1100,A,2023-08-01,9999-12-31,Y,N,1131,37,디지털,,2026-09-05T23:00:00,synthetic-seeder
2026-09-06,202609,ENTR-VAS-BASELINE-0150,ENTR-VAS-BASELINE-0150-1,110150,VAS-SAFE-01,스팸 차단,Y,3300,A,2023-08-01,9999-12-31,Y,N,1132,37,디지털,,2026-09-06T23:00:00,synthetic-seeder
2026-09-06,202609,ENTR-VAS-BASELINE-0150,ENTR-VAS-BASELINE-0150-2,110150,VAS-MEDIA-02,미디어팩,Y,7700,A,2023-08-01,9999-12-31,Y,N,1132,37,디지털,,2026-09-06T23:00:00,synthetic-seeder
2026-09-06,202609,ENTR-VAS-BASELINE-0150,ENTR-VAS-BASELINE-0150-3,110150,VAS-RING-03,통화연결음,Y,1100,A,2023-08-01,9999-12-31,Y,N,1132,37,디지털,,2026-09-06T23:00:00,synthetic-seeder
2026-09-07,202609,ENTR-VAS-BASELINE-0151,ENTR-VAS-BASELINE-0151-1,110151,VAS-SAFE-01,스팸 차단,Y,3300,A,2023-08-01,9999-12-31,Y,N,1133,37,디지털,,2026-09-07T23:00:00,synthetic-seeder
2026-09-07,202609,ENTR-VAS-BASELINE-0151,ENTR-VAS-BASELINE-0151-2,110151,VAS-MEDIA-02,미디어팩,Y,7700,A,2023-08-01,9999-12-31,Y,N,1133,37,디지털,,2026-09-07T23:00:00,synthetic-seeder
2026-09-07,202609,ENTR-VAS-BASELINE-0151,ENTR-VAS-BASELINE-0151-3,110151,VAS-RING-03,통화연결음,Y,1100,A,2023-08-01,9999-12-31,Y,N,1133,37,디지털,,2026-09-07T23:00:00,synthetic-seeder
2026-09-08,202609,ENTR-VAS-BASELINE-0152,ENTR-VAS-BASELINE-0152-1,110152,VAS-SAFE-01,스팸 차단,Y,3300,A,2023-08-01,9999-12-31,Y,N,1134,37,디지털,,2026-09-08T23:00:00,synthetic-seeder
2026-09-08,202609,ENTR-VAS-BASELINE-0152,ENTR-VAS-BASELINE-0152-2,110152,VAS-MEDIA-02,미디어팩,Y,7700,A,2023-08-01,9999-12-31,Y,N,1134,37,디지털,,2026-09-08T23:00:00,synthetic-seeder
2026-09-08,202609,ENTR-VAS-BASELINE-0152,ENTR-VAS-BASELINE-0152-3,110152,VAS-RING-03,통화연결음,Y,1100,A,2023-08-01,9999-12-31,Y,N,1134,37,디지털,,2026-09-08T23:00:00,synthetic-seeder
2026-09-09,202609,ENTR-VAS-BASELINE-0153,ENTR-VAS-BASELINE-0153-1,110153,VAS-SAFE-01,스팸 차단,Y,3300,A,2023-08-01,9999-12-31,Y,N,1135,37,디지털,,2026-09-09T23:00:00,synthetic-seeder
2026-09-09,202609,ENTR-VAS-BASELINE-0153,ENTR-VAS-BASELINE-0153-2,110153,VAS-MEDIA-02,미디어팩,Y,7700,A,2023-08-01,9999-12-31,Y,N,1135,37,디지털,,2026-09-09T23:00:00,synthetic-seeder
2026-09-09,202609,ENTR-VAS-BASELINE-0153,ENTR-VAS-BASELINE-0153-3,110153,VAS-RING-03,통화연결음,Y,1100,A,2023-08-01,9999-12-31,Y,N,1135,37,디지털,,2026-09-09T23:00:00,synthetic-seeder
2026-09-10,202609,ENTR-VAS-BASELINE-0154,ENTR-VAS-BASELINE-0154-1,110154,VAS-SAFE-01,스팸 차단,Y,3300,A,2023-08-01,9999-12-31,Y,N,1136,37,디지털,,2026-09-10T23:00:00,synthetic-seeder
2026-09-10,202609,ENTR-VAS-BASELINE-0154,ENTR-VAS-BASELINE-0154-2,110154,VAS-MEDIA-02,미디어팩,Y,7700,A,2023-08-01,9999-12-31,Y,N,1136,37,디지털,,2026-09-10T23:00:00,synthetic-seeder
2026-09-10,202609,ENTR-VAS-BASELINE-0154,ENTR-VAS-BASELINE-0154-3,110154,VAS-RING-03,통화연결음,Y,1100,A,2023-08-01,9999-12-31,Y,N,1136,37,디지털,,2026-09-10T23:00:00,synthetic-seeder
2026-09-04,202609,ENTR-VAS-BASELINE-0155,ENTR-VAS-BASELINE-0155-1,110155,VAS-SAFE-01,스팸 차단,Y,3300,A,2023-08-01,9999-12-31,Y,N,1130,37,디지털,,2026-09-04T23:00:00,synthetic-seeder
2026-09-04,202609,ENTR-VAS-BASELINE-0155,ENTR-VAS-BASELINE-0155-2,110155,VAS-MEDIA-02,미디어팩,Y,7700,A,2023-08-01,9999-12-31,Y,N,1130,37,디지털,,2026-09-04T23:00:00,synthetic-seeder
2026-09-04,202609,ENTR-VAS-BASELINE-0155,ENTR-VAS-BASELINE-0155-3,110155,VAS-RING-03,통화연결음,Y,1100,A,2023-08-01,9999-12-31,Y,N,1130,37,디지털,,2026-09-04T23:00:00,synthetic-seeder
2026-09-05,202609,ENTR-VAS-BASELINE-0156,ENTR-VAS-BASELINE-0156-1,110156,VAS-SAFE-01,스팸 차단,Y,3300,A,2023-08-01,9999-12-31,Y,N,1131,37,디지털,,2026-09-05T23:00:00,synthetic-seeder
2026-09-05,202609,ENTR-VAS-BASELINE-0156,ENTR-VAS-BASELINE-0156-2,110156,VAS-MEDIA-02,미디어팩,Y,7700,A,2023-08-01,9999-12-31,Y,N,1131,37,디지털,,2026-09-05T23:00:00,synthetic-seeder
2026-09-05,202609,ENTR-VAS-BASELINE-0156,ENTR-VAS-BASELINE-0156-3,110156,VAS-RING-03,통화연결음,Y,1100,A,2023-08-01,9999-12-31,Y,N,1131,37,디지털,,2026-09-05T23:00:00,synthetic-seeder
2026-09-06,202609,ENTR-VAS-BASELINE-0157,ENTR-VAS-BASELINE-0157-1,110157,VAS-SAFE-01,스팸 차단,Y,3300,A,2023-08-01,9999-12-31,Y,N,1132,37,디지털,,2026-09-06T23:00:00,synthetic-seeder
2026-09-06,202609,ENTR-VAS-BASELINE-0157,ENTR-VAS-BASELINE-0157-2,110157,VAS-MEDIA-02,미디어팩,Y,7700,A,2023-08-01,9999-12-31,Y,N,1132,37,디지털,,2026-09-06T23:00:00,synthetic-seeder
2026-09-06,202609,ENTR-VAS-BASELINE-0157,ENTR-VAS-BASELINE-0157-3,110157,VAS-RING-03,통화연결음,Y,1100,A,2023-08-01,9999-12-31,Y,N,1132,37,디지털,,2026-09-06T23:00:00,synthetic-seeder
2026-09-07,202609,ENTR-VAS-BASELINE-0158,ENTR-VAS-BASELINE-0158-1,110158,VAS-SAFE-01,스팸 차단,Y,3300,A,2023-08-01,9999-12-31,Y,N,1133,37,디지털,,2026-09-07T23:00:00,synthetic-seeder
2026-09-07,202609,ENTR-VAS-BASELINE-0158,ENTR-VAS-BASELINE-0158-2,110158,VAS-MEDIA-02,미디어팩,Y,7700,A,2023-08-01,9999-12-31,Y,N,1133,37,디지털,,2026-09-07T23:00:00,synthetic-seeder
2026-09-07,202609,ENTR-VAS-BASELINE-0158,ENTR-VAS-BASELINE-0158-3,110158,VAS-RING-03,통화연결음,Y,1100,A,2023-08-01,9999-12-31,Y,N,1133,37,디지털,,2026-09-07T23:00:00,synthetic-seeder
2026-09-08,202609,ENTR-VAS-BASELINE-0159,ENTR-VAS-BASELINE-0159-1,110159,VAS-SAFE-01,스팸 차단,Y,3300,A,2023-08-01,9999-12-31,Y,N,1134,37,디지털,,2026-09-08T23:00:00,synthetic-seeder
2026-09-08,202609,ENTR-VAS-BASELINE-0159,ENTR-VAS-BASELINE-0159-2,110159,VAS-MEDIA-02,미디어팩,Y,7700,A,2023-08-01,9999-12-31,Y,N,1134,37,디지털,,2026-09-08T23:00:00,synthetic-seeder
2026-09-08,202609,ENTR-VAS-BASELINE-0159,ENTR-VAS-BASELINE-0159-3,110159,VAS-RING-03,통화연결음,Y,1100,A,2023-08-01,9999-12-31,Y,N,1134,37,디지털,,2026-09-08T23:00:00,synthetic-seeder
2026-09-09,202609,ENTR-VAS-BASELINE-0160,ENTR-VAS-BASELINE-0160-1,110160,VAS-SAFE-01,스팸 차단,Y,3300,A,2023-08-01,9999-12-31,Y,N,1135,37,디지털,,2026-09-09T23:00:00,synthetic-seeder
2026-09-09,202609,ENTR-VAS-BASELINE-0160,ENTR-VAS-BASELINE-0160-2,110160,VAS-MEDIA-02,미디어팩,Y,7700,A,2023-08-01,9999-12-31,Y,N,1135,37,디지털,,2026-09-09T23:00:00,synthetic-seeder
2026-09-09,202609,ENTR-VAS-BASELINE-0160,ENTR-VAS-BASELINE-0160-3,110160,VAS-RING-03,통화연결음,Y,1100,A,2023-08-01,9999-12-31,Y,N,1135,37,디지털,,2026-09-09T23:00:00,synthetic-seeder
2026-09-10,202609,ENTR-VAS-BASELINE-0161,ENTR-VAS-BASELINE-0161-1,110161,VAS-SAFE-01,스팸 차단,Y,3300,A,2023-08-01,9999-12-31,Y,N,1136,37,디지털,,2026-09-10T23:00:00,synthetic-seeder
2026-09-10,202609,ENTR-VAS-BASELINE-0161,ENTR-VAS-BASELINE-0161-2,110161,VAS-MEDIA-02,미디어팩,Y,7700,A,2023-08-01,9999-12-31,Y,N,1136,37,디지털,,2026-09-10T23:00:00,synthetic-seeder
2026-09-10,202609,ENTR-VAS-BASELINE-0161,ENTR-VAS-BASELINE-0161-3,110161,VAS-RING-03,통화연결음,Y,1100,A,2023-08-01,9999-12-31,Y,N,1136,37,디지털,,2026-09-10T23:00:00,synthetic-seeder
2026-09-04,202609,ENTR-VAS-BASELINE-0162,ENTR-VAS-BASELINE-0162-1,110162,VAS-SAFE-01,스팸 차단,Y,3300,A,2023-08-01,9999-12-31,Y,N,1130,37,디지털,,2026-09-04T23:00:00,synthetic-seeder
2026-09-04,202609,ENTR-VAS-BASELINE-0162,ENTR-VAS-BASELINE-0162-2,110162,VAS-MEDIA-02,미디어팩,Y,7700,A,2023-08-01,9999-12-31,Y,N,1130,37,디지털,,2026-09-04T23:00:00,synthetic-seeder
2026-09-04,202609,ENTR-VAS-BASELINE-0162,ENTR-VAS-BASELINE-0162-3,110162,VAS-RING-03,통화연결음,Y,1100,A,2023-08-01,9999-12-31,Y,N,1130,37,디지털,,2026-09-04T23:00:00,synthetic-seeder
2026-09-05,202609,ENTR-VAS-BASELINE-0163,ENTR-VAS-BASELINE-0163-1,110163,VAS-SAFE-01,스팸 차단,Y,3300,A,2023-08-01,9999-12-31,Y,N,1131,37,디지털,,2026-09-05T23:00:00,synthetic-seeder
2026-09-05,202609,ENTR-VAS-BASELINE-0163,ENTR-VAS-BASELINE-0163-2,110163,VAS-MEDIA-02,미디어팩,Y,7700,A,2023-08-01,9999-12-31,Y,N,1131,37,디지털,,2026-09-05T23:00:00,synthetic-seeder
2026-09-05,202609,ENTR-VAS-BASELINE-0163,ENTR-VAS-BASELINE-0163-3,110163,VAS-RING-03,통화연결음,Y,1100,A,2023-08-01,9999-12-31,Y,N,1131,37,디지털,,2026-09-05T23:00:00,synthetic-seeder
2026-09-06,202609,ENTR-VAS-BASELINE-0164,ENTR-VAS-BASELINE-0164-1,110164,VAS-SAFE-01,스팸 차단,Y,3300,A,2023-08-01,9999-12-31,Y,N,1132,37,디지털,,2026-09-06T23:00:00,synthetic-seeder
2026-09-06,202609,ENTR-VAS-BASELINE-0164,ENTR-VAS-BASELINE-0164-2,110164,VAS-MEDIA-02,미디어팩,Y,7700,A,2023-08-01,9999-12-31,Y,N,1132,37,디지털,,2026-09-06T23:00:00,synthetic-seeder
2026-09-06,202609,ENTR-VAS-BASELINE-0164,ENTR-VAS-BASELINE-0164-3,110164,VAS-RING-03,통화연결음,Y,1100,A,2023-08-01,9999-12-31,Y,N,1132,37,디지털,,2026-09-06T23:00:00,synthetic-seeder
2026-09-07,202609,ENTR-VAS-BASELINE-0165,ENTR-VAS-BASELINE-0165-1,110165,VAS-SAFE-01,스팸 차단,Y,3300,A,2023-08-01,9999-12-31,Y,N,1133,37,디지털,,2026-09-07T23:00:00,synthetic-seeder
2026-09-07,202609,ENTR-VAS-BASELINE-0165,ENTR-VAS-BASELINE-0165-2,110165,VAS-MEDIA-02,미디어팩,Y,7700,A,2023-08-01,9999-12-31,Y,N,1133,37,디지털,,2026-09-07T23:00:00,synthetic-seeder
2026-09-07,202609,ENTR-VAS-BASELINE-0165,ENTR-VAS-BASELINE-0165-3,110165,VAS-RING-03,통화연결음,Y,1100,A,2023-08-01,9999-12-31,Y,N,1133,37,디지털,,2026-09-07T23:00:00,synthetic-seeder
2026-09-08,202609,ENTR-VAS-BASELINE-0166,ENTR-VAS-BASELINE-0166-1,110166,VAS-SAFE-01,스팸 차단,Y,3300,A,2023-08-01,9999-12-31,Y,N,1134,37,디지털,,2026-09-08T23:00:00,synthetic-seeder
2026-09-08,202609,ENTR-VAS-BASELINE-0166,ENTR-VAS-BASELINE-0166-2,110166,VAS-MEDIA-02,미디어팩,Y,7700,A,2023-08-01,9999-12-31,Y,N,1134,37,디지털,,2026-09-08T23:00:00,synthetic-seeder
2026-09-08,202609,ENTR-VAS-BASELINE-0166,ENTR-VAS-BASELINE-0166-3,110166,VAS-RING-03,통화연결음,Y,1100,A,2023-08-01,9999-12-31,Y,N,1134,37,디지털,,2026-09-08T23:00:00,synthetic-seeder
2026-09-09,202609,ENTR-VAS-BASELINE-0167,ENTR-VAS-BASELINE-0167-1,110167,VAS-SAFE-01,스팸 차단,Y,3300,A,2023-08-01,9999-12-31,Y,N,1135,37,디지털,,2026-09-09T23:00:00,synthetic-seeder
2026-09-09,202609,ENTR-VAS-BASELINE-0167,ENTR-VAS-BASELINE-0167-2,110167,VAS-MEDIA-02,미디어팩,Y,7700,A,2023-08-01,9999-12-31,Y,N,1135,37,디지털,,2026-09-09T23:00:00,synthetic-seeder
2026-09-09,202609,ENTR-VAS-BASELINE-0167,ENTR-VAS-BASELINE-0167-3,110167,VAS-RING-03,통화연결음,Y,1100,A,2023-08-01,9999-12-31,Y,N,1135,37,디지털,,2026-09-09T23:00:00,synthetic-seeder
2026-09-10,202609,ENTR-VAS-BASELINE-0168,ENTR-VAS-BASELINE-0168-1,110168,VAS-SAFE-01,스팸 차단,Y,3300,A,2023-08-01,9999-12-31,Y,N,1136,37,디지털,,2026-09-10T23:00:00,synthetic-seeder
2026-09-10,202609,ENTR-VAS-BASELINE-0168,ENTR-VAS-BASELINE-0168-2,110168,VAS-MEDIA-02,미디어팩,Y,7700,A,2023-08-01,9999-12-31,Y,N,1136,37,디지털,,2026-09-10T23:00:00,synthetic-seeder
2026-09-10,202609,ENTR-VAS-BASELINE-0168,ENTR-VAS-BASELINE-0168-3,110168,VAS-RING-03,통화연결음,Y,1100,A,2023-08-01,9999-12-31,Y,N,1136,37,디지털,,2026-09-10T23:00:00,synthetic-seeder
2026-09-04,202609,ENTR-VAS-BASELINE-0169,ENTR-VAS-BASELINE-0169-1,110169,VAS-SAFE-01,스팸 차단,Y,3300,A,2023-08-01,9999-12-31,Y,N,1130,37,디지털,,2026-09-04T23:00:00,synthetic-seeder
2026-09-04,202609,ENTR-VAS-BASELINE-0169,ENTR-VAS-BASELINE-0169-2,110169,VAS-MEDIA-02,미디어팩,Y,7700,A,2023-08-01,9999-12-31,Y,N,1130,37,디지털,,2026-09-04T23:00:00,synthetic-seeder
2026-09-04,202609,ENTR-VAS-BASELINE-0169,ENTR-VAS-BASELINE-0169-3,110169,VAS-RING-03,통화연결음,Y,1100,A,2023-08-01,9999-12-31,Y,N,1130,37,디지털,,2026-09-04T23:00:00,synthetic-seeder
2026-09-05,202609,ENTR-VAS-BASELINE-0170,ENTR-VAS-BASELINE-0170-1,110170,VAS-SAFE-01,스팸 차단,Y,3300,A,2023-08-01,9999-12-31,Y,N,1131,37,디지털,,2026-09-05T23:00:00,synthetic-seeder
2026-09-05,202609,ENTR-VAS-BASELINE-0170,ENTR-VAS-BASELINE-0170-2,110170,VAS-MEDIA-02,미디어팩,Y,7700,A,2023-08-01,9999-12-31,Y,N,1131,37,디지털,,2026-09-05T23:00:00,synthetic-seeder
2026-09-05,202609,ENTR-VAS-BASELINE-0170,ENTR-VAS-BASELINE-0170-3,110170,VAS-RING-03,통화연결음,Y,1100,A,2023-08-01,9999-12-31,Y,N,1131,37,디지털,,2026-09-05T23:00:00,synthetic-seeder
2026-09-06,202609,ENTR-VAS-BASELINE-0171,ENTR-VAS-BASELINE-0171-1,110171,VAS-SAFE-01,스팸 차단,Y,3300,A,2023-08-01,9999-12-31,Y,N,1132,37,디지털,,2026-09-06T23:00:00,synthetic-seeder
2026-09-06,202609,ENTR-VAS-BASELINE-0171,ENTR-VAS-BASELINE-0171-2,110171,VAS-MEDIA-02,미디어팩,Y,7700,A,2023-08-01,9999-12-31,Y,N,1132,37,디지털,,2026-09-06T23:00:00,synthetic-seeder
2026-09-06,202609,ENTR-VAS-BASELINE-0171,ENTR-VAS-BASELINE-0171-3,110171,VAS-RING-03,통화연결음,Y,1100,A,2023-08-01,9999-12-31,Y,N,1132,37,디지털,,2026-09-06T23:00:00,synthetic-seeder
2026-09-07,202609,ENTR-VAS-BASELINE-0172,ENTR-VAS-BASELINE-0172-1,110172,VAS-SAFE-01,스팸 차단,Y,3300,A,2023-08-01,9999-12-31,Y,N,1133,37,디지털,,2026-09-07T23:00:00,synthetic-seeder
2026-09-07,202609,ENTR-VAS-BASELINE-0172,ENTR-VAS-BASELINE-0172-2,110172,VAS-MEDIA-02,미디어팩,Y,7700,A,2023-08-01,9999-12-31,Y,N,1133,37,디지털,,2026-09-07T23:00:00,synthetic-seeder
2026-09-07,202609,ENTR-VAS-BASELINE-0172,ENTR-VAS-BASELINE-0172-3,110172,VAS-RING-03,통화연결음,Y,1100,A,2023-08-01,9999-12-31,Y,N,1133,37,디지털,,2026-09-07T23:00:00,synthetic-seeder
2026-09-08,202609,ENTR-VAS-BASELINE-0173,ENTR-VAS-BASELINE-0173-1,110173,VAS-SAFE-01,스팸 차단,Y,3300,A,2023-08-01,9999-12-31,Y,N,1134,37,디지털,,2026-09-08T23:00:00,synthetic-seeder
2026-09-08,202609,ENTR-VAS-BASELINE-0173,ENTR-VAS-BASELINE-0173-2,110173,VAS-MEDIA-02,미디어팩,Y,7700,A,2023-08-01,9999-12-31,Y,N,1134,37,디지털,,2026-09-08T23:00:00,synthetic-seeder
2026-09-08,202609,ENTR-VAS-BASELINE-0173,ENTR-VAS-BASELINE-0173-3,110173,VAS-RING-03,통화연결음,Y,1100,A,2023-08-01,9999-12-31,Y,N,1134,37,디지털,,2026-09-08T23:00:00,synthetic-seeder
2026-09-09,202609,ENTR-VAS-BASELINE-0174,ENTR-VAS-BASELINE-0174-1,110174,VAS-SAFE-01,스팸 차단,Y,3300,A,2023-08-01,9999-12-31,Y,N,1135,37,디지털,,2026-09-09T23:00:00,synthetic-seeder
2026-09-09,202609,ENTR-VAS-BASELINE-0174,ENTR-VAS-BASELINE-0174-2,110174,VAS-MEDIA-02,미디어팩,Y,7700,A,2023-08-01,9999-12-31,Y,N,1135,37,디지털,,2026-09-09T23:00:00,synthetic-seeder
2026-09-09,202609,ENTR-VAS-BASELINE-0174,ENTR-VAS-BASELINE-0174-3,110174,VAS-RING-03,통화연결음,Y,1100,A,2023-08-01,9999-12-31,Y,N,1135,37,디지털,,2026-09-09T23:00:00,synthetic-seeder
2026-09-10,202609,ENTR-VAS-BASELINE-0175,ENTR-VAS-BASELINE-0175-1,110175,VAS-SAFE-01,스팸 차단,Y,3300,A,2023-08-01,9999-12-31,Y,N,1136,37,디지털,,2026-09-10T23:00:00,synthetic-seeder
2026-09-10,202609,ENTR-VAS-BASELINE-0175,ENTR-VAS-BASELINE-0175-2,110175,VAS-MEDIA-02,미디어팩,Y,7700,A,2023-08-01,9999-12-31,Y,N,1136,37,디지털,,2026-09-10T23:00:00,synthetic-seeder
2026-09-10,202609,ENTR-VAS-BASELINE-0175,ENTR-VAS-BASELINE-0175-3,110175,VAS-RING-03,통화연결음,Y,1100,A,2023-08-01,9999-12-31,Y,N,1136,37,디지털,,2026-09-10T23:00:00,synthetic-seeder
2026-09-04,202609,ENTR-VAS-BASELINE-0176,ENTR-VAS-BASELINE-0176-1,110176,VAS-SAFE-01,스팸 차단,Y,3300,A,2023-08-01,9999-12-31,Y,N,1130,37,디지털,,2026-09-04T23:00:00,synthetic-seeder
2026-09-04,202609,ENTR-VAS-BASELINE-0176,ENTR-VAS-BASELINE-0176-2,110176,VAS-MEDIA-02,미디어팩,Y,7700,A,2023-08-01,9999-12-31,Y,N,1130,37,디지털,,2026-09-04T23:00:00,synthetic-seeder
2026-09-04,202609,ENTR-VAS-BASELINE-0176,ENTR-VAS-BASELINE-0176-3,110176,VAS-RING-03,통화연결음,Y,1100,A,2023-08-01,9999-12-31,Y,N,1130,37,디지털,,2026-09-04T23:00:00,synthetic-seeder
2026-09-05,202609,ENTR-VAS-BASELINE-0177,ENTR-VAS-BASELINE-0177-1,110177,VAS-SAFE-01,스팸 차단,Y,3300,A,2023-08-01,9999-12-31,Y,N,1131,37,디지털,,2026-09-05T23:00:00,synthetic-seeder
2026-09-05,202609,ENTR-VAS-BASELINE-0177,ENTR-VAS-BASELINE-0177-2,110177,VAS-MEDIA-02,미디어팩,Y,7700,A,2023-08-01,9999-12-31,Y,N,1131,37,디지털,,2026-09-05T23:00:00,synthetic-seeder
2026-09-05,202609,ENTR-VAS-BASELINE-0177,ENTR-VAS-BASELINE-0177-3,110177,VAS-RING-03,통화연결음,Y,1100,A,2023-08-01,9999-12-31,Y,N,1131,37,디지털,,2026-09-05T23:00:00,synthetic-seeder
2026-09-06,202609,ENTR-VAS-BASELINE-0178,ENTR-VAS-BASELINE-0178-1,110178,VAS-SAFE-01,스팸 차단,Y,3300,A,2023-08-01,9999-12-31,Y,N,1132,37,디지털,,2026-09-06T23:00:00,synthetic-seeder
2026-09-06,202609,ENTR-VAS-BASELINE-0178,ENTR-VAS-BASELINE-0178-2,110178,VAS-MEDIA-02,미디어팩,Y,7700,A,2023-08-01,9999-12-31,Y,N,1132,37,디지털,,2026-09-06T23:00:00,synthetic-seeder
2026-09-06,202609,ENTR-VAS-BASELINE-0178,ENTR-VAS-BASELINE-0178-3,110178,VAS-RING-03,통화연결음,Y,1100,A,2023-08-01,9999-12-31,Y,N,1132,37,디지털,,2026-09-06T23:00:00,synthetic-seeder
2026-09-07,202609,ENTR-VAS-BASELINE-0179,ENTR-VAS-BASELINE-0179-1,110179,VAS-SAFE-01,스팸 차단,Y,3300,A,2023-08-01,9999-12-31,Y,N,1133,37,디지털,,2026-09-07T23:00:00,synthetic-seeder
2026-09-07,202609,ENTR-VAS-BASELINE-0179,ENTR-VAS-BASELINE-0179-2,110179,VAS-MEDIA-02,미디어팩,Y,7700,A,2023-08-01,9999-12-31,Y,N,1133,37,디지털,,2026-09-07T23:00:00,synthetic-seeder
2026-09-07,202609,ENTR-VAS-BASELINE-0179,ENTR-VAS-BASELINE-0179-3,110179,VAS-RING-03,통화연결음,Y,1100,A,2023-08-01,9999-12-31,Y,N,1133,37,디지털,,2026-09-07T23:00:00,synthetic-seeder
2026-09-08,202609,ENTR-VAS-BASELINE-0180,ENTR-VAS-BASELINE-0180-1,110180,VAS-SAFE-01,스팸 차단,Y,3300,A,2023-08-01,9999-12-31,Y,N,1134,37,디지털,,2026-09-08T23:00:00,synthetic-seeder
2026-09-08,202609,ENTR-VAS-BASELINE-0180,ENTR-VAS-BASELINE-0180-2,110180,VAS-MEDIA-02,미디어팩,Y,7700,A,2023-08-01,9999-12-31,Y,N,1134,37,디지털,,2026-09-08T23:00:00,synthetic-seeder
2026-09-08,202609,ENTR-VAS-BASELINE-0180,ENTR-VAS-BASELINE-0180-3,110180,VAS-RING-03,통화연결음,Y,1100,A,2023-08-01,9999-12-31,Y,N,1134,37,디지털,,2026-09-08T23:00:00,synthetic-seeder
2026-09-09,202609,ENTR-VAS-BASELINE-0181,ENTR-VAS-BASELINE-0181-1,110181,VAS-SAFE-01,스팸 차단,Y,3300,A,2023-08-01,9999-12-31,Y,N,1135,37,디지털,,2026-09-09T23:00:00,synthetic-seeder
2026-09-09,202609,ENTR-VAS-BASELINE-0181,ENTR-VAS-BASELINE-0181-2,110181,VAS-MEDIA-02,미디어팩,Y,7700,A,2023-08-01,9999-12-31,Y,N,1135,37,디지털,,2026-09-09T23:00:00,synthetic-seeder
2026-09-09,202609,ENTR-VAS-BASELINE-0181,ENTR-VAS-BASELINE-0181-3,110181,VAS-RING-03,통화연결음,Y,1100,A,2023-08-01,9999-12-31,Y,N,1135,37,디지털,,2026-09-09T23:00:00,synthetic-seeder
2026-09-10,202609,ENTR-VAS-BASELINE-0182,ENTR-VAS-BASELINE-0182-1,110182,VAS-SAFE-01,스팸 차단,Y,3300,A,2023-08-01,9999-12-31,Y,N,1136,37,디지털,,2026-09-10T23:00:00,synthetic-seeder
2026-09-10,202609,ENTR-VAS-BASELINE-0182,ENTR-VAS-BASELINE-0182-2,110182,VAS-MEDIA-02,미디어팩,Y,7700,A,2023-08-01,9999-12-31,Y,N,1136,37,디지털,,2026-09-10T23:00:00,synthetic-seeder
2026-09-10,202609,ENTR-VAS-BASELINE-0182,ENTR-VAS-BASELINE-0182-3,110182,VAS-RING-03,통화연결음,Y,1100,A,2023-08-01,9999-12-31,Y,N,1136,37,디지털,,2026-09-10T23:00:00,synthetic-seeder
2026-09-04,202609,ENTR-VAS-BASELINE-0183,ENTR-VAS-BASELINE-0183-1,110183,VAS-SAFE-01,스팸 차단,Y,3300,A,2023-08-01,9999-12-31,Y,N,1130,37,디지털,,2026-09-04T23:00:00,synthetic-seeder
2026-09-04,202609,ENTR-VAS-BASELINE-0183,ENTR-VAS-BASELINE-0183-2,110183,VAS-MEDIA-02,미디어팩,Y,7700,A,2023-08-01,9999-12-31,Y,N,1130,37,디지털,,2026-09-04T23:00:00,synthetic-seeder
2026-09-04,202609,ENTR-VAS-BASELINE-0183,ENTR-VAS-BASELINE-0183-3,110183,VAS-RING-03,통화연결음,Y,1100,A,2023-08-01,9999-12-31,Y,N,1130,37,디지털,,2026-09-04T23:00:00,synthetic-seeder
2026-09-05,202609,ENTR-VAS-BASELINE-0184,ENTR-VAS-BASELINE-0184-1,110184,VAS-SAFE-01,스팸 차단,Y,3300,A,2023-08-01,9999-12-31,Y,N,1131,37,디지털,,2026-09-05T23:00:00,synthetic-seeder
2026-09-05,202609,ENTR-VAS-BASELINE-0184,ENTR-VAS-BASELINE-0184-2,110184,VAS-MEDIA-02,미디어팩,Y,7700,A,2023-08-01,9999-12-31,Y,N,1131,37,디지털,,2026-09-05T23:00:00,synthetic-seeder
2026-09-05,202609,ENTR-VAS-BASELINE-0184,ENTR-VAS-BASELINE-0184-3,110184,VAS-RING-03,통화연결음,Y,1100,A,2023-08-01,9999-12-31,Y,N,1131,37,디지털,,2026-09-05T23:00:00,synthetic-seeder
2026-09-06,202609,ENTR-VAS-BASELINE-0185,ENTR-VAS-BASELINE-0185-1,110185,VAS-SAFE-01,스팸 차단,Y,3300,A,2023-08-01,9999-12-31,Y,N,1132,37,디지털,,2026-09-06T23:00:00,synthetic-seeder
2026-09-06,202609,ENTR-VAS-BASELINE-0185,ENTR-VAS-BASELINE-0185-2,110185,VAS-MEDIA-02,미디어팩,Y,7700,A,2023-08-01,9999-12-31,Y,N,1132,37,디지털,,2026-09-06T23:00:00,synthetic-seeder
2026-09-06,202609,ENTR-VAS-BASELINE-0185,ENTR-VAS-BASELINE-0185-3,110185,VAS-RING-03,통화연결음,Y,1100,A,2023-08-01,9999-12-31,Y,N,1132,37,디지털,,2026-09-06T23:00:00,synthetic-seeder
2026-09-07,202609,ENTR-VAS-BASELINE-0186,ENTR-VAS-BASELINE-0186-1,110186,VAS-SAFE-01,스팸 차단,Y,3300,A,2023-08-01,9999-12-31,Y,N,1133,37,디지털,,2026-09-07T23:00:00,synthetic-seeder
2026-09-07,202609,ENTR-VAS-BASELINE-0186,ENTR-VAS-BASELINE-0186-2,110186,VAS-MEDIA-02,미디어팩,Y,7700,A,2023-08-01,9999-12-31,Y,N,1133,37,디지털,,2026-09-07T23:00:00,synthetic-seeder
2026-09-07,202609,ENTR-VAS-BASELINE-0186,ENTR-VAS-BASELINE-0186-3,110186,VAS-RING-03,통화연결음,Y,1100,A,2023-08-01,9999-12-31,Y,N,1133,37,디지털,,2026-09-07T23:00:00,synthetic-seeder
2026-09-08,202609,ENTR-VAS-BASELINE-0187,ENTR-VAS-BASELINE-0187-1,110187,VAS-SAFE-01,스팸 차단,Y,3300,A,2023-08-01,9999-12-31,Y,N,1134,37,디지털,,2026-09-08T23:00:00,synthetic-seeder
2026-09-08,202609,ENTR-VAS-BASELINE-0187,ENTR-VAS-BASELINE-0187-2,110187,VAS-MEDIA-02,미디어팩,Y,7700,A,2023-08-01,9999-12-31,Y,N,1134,37,디지털,,2026-09-08T23:00:00,synthetic-seeder
2026-09-08,202609,ENTR-VAS-BASELINE-0187,ENTR-VAS-BASELINE-0187-3,110187,VAS-RING-03,통화연결음,Y,1100,A,2023-08-01,9999-12-31,Y,N,1134,37,디지털,,2026-09-08T23:00:00,synthetic-seeder
2026-09-09,202609,ENTR-VAS-BASELINE-0188,ENTR-VAS-BASELINE-0188-1,110188,VAS-SAFE-01,스팸 차단,Y,3300,A,2023-08-01,9999-12-31,Y,N,1135,37,디지털,,2026-09-09T23:00:00,synthetic-seeder
2026-09-09,202609,ENTR-VAS-BASELINE-0188,ENTR-VAS-BASELINE-0188-2,110188,VAS-MEDIA-02,미디어팩,Y,7700,A,2023-08-01,9999-12-31,Y,N,1135,37,디지털,,2026-09-09T23:00:00,synthetic-seeder
2026-09-09,202609,ENTR-VAS-BASELINE-0188,ENTR-VAS-BASELINE-0188-3,110188,VAS-RING-03,통화연결음,Y,1100,A,2023-08-01,9999-12-31,Y,N,1135,37,디지털,,2026-09-09T23:00:00,synthetic-seeder
2026-09-10,202609,ENTR-VAS-BASELINE-0189,ENTR-VAS-BASELINE-0189-1,110189,VAS-SAFE-01,스팸 차단,Y,3300,A,2023-08-01,9999-12-31,Y,N,1136,37,디지털,,2026-09-10T23:00:00,synthetic-seeder
2026-09-10,202609,ENTR-VAS-BASELINE-0189,ENTR-VAS-BASELINE-0189-2,110189,VAS-MEDIA-02,미디어팩,Y,7700,A,2023-08-01,9999-12-31,Y,N,1136,37,디지털,,2026-09-10T23:00:00,synthetic-seeder
2026-09-10,202609,ENTR-VAS-BASELINE-0189,ENTR-VAS-BASELINE-0189-3,110189,VAS-RING-03,통화연결음,Y,1100,A,2023-08-01,9999-12-31,Y,N,1136,37,디지털,,2026-09-10T23:00:00,synthetic-seeder
2026-09-04,202609,ENTR-VAS-BASELINE-0190,ENTR-VAS-BASELINE-0190-1,110190,VAS-SAFE-01,스팸 차단,Y,3300,A,2023-08-01,9999-12-31,Y,N,1130,37,디지털,,2026-09-04T23:00:00,synthetic-seeder
2026-09-04,202609,ENTR-VAS-BASELINE-0190,ENTR-VAS-BASELINE-0190-2,110190,VAS-MEDIA-02,미디어팩,Y,7700,A,2023-08-01,9999-12-31,Y,N,1130,37,디지털,,2026-09-04T23:00:00,synthetic-seeder
2026-09-04,202609,ENTR-VAS-BASELINE-0190,ENTR-VAS-BASELINE-0190-3,110190,VAS-RING-03,통화연결음,Y,1100,A,2023-08-01,9999-12-31,Y,N,1130,37,디지털,,2026-09-04T23:00:00,synthetic-seeder
2026-09-05,202609,ENTR-VAS-BASELINE-0191,ENTR-VAS-BASELINE-0191-1,110191,VAS-SAFE-01,스팸 차단,Y,3300,A,2023-08-01,9999-12-31,Y,N,1131,37,디지털,,2026-09-05T23:00:00,synthetic-seeder
2026-09-05,202609,ENTR-VAS-BASELINE-0191,ENTR-VAS-BASELINE-0191-2,110191,VAS-MEDIA-02,미디어팩,Y,7700,A,2023-08-01,9999-12-31,Y,N,1131,37,디지털,,2026-09-05T23:00:00,synthetic-seeder
2026-09-05,202609,ENTR-VAS-BASELINE-0191,ENTR-VAS-BASELINE-0191-3,110191,VAS-RING-03,통화연결음,Y,1100,A,2023-08-01,9999-12-31,Y,N,1131,37,디지털,,2026-09-05T23:00:00,synthetic-seeder
2026-09-06,202609,ENTR-VAS-BASELINE-0192,ENTR-VAS-BASELINE-0192-1,110192,VAS-SAFE-01,스팸 차단,Y,3300,A,2023-08-01,9999-12-31,Y,N,1132,37,디지털,,2026-09-06T23:00:00,synthetic-seeder
2026-09-06,202609,ENTR-VAS-BASELINE-0192,ENTR-VAS-BASELINE-0192-2,110192,VAS-MEDIA-02,미디어팩,Y,7700,A,2023-08-01,9999-12-31,Y,N,1132,37,디지털,,2026-09-06T23:00:00,synthetic-seeder
2026-09-06,202609,ENTR-VAS-BASELINE-0192,ENTR-VAS-BASELINE-0192-3,110192,VAS-RING-03,통화연결음,Y,1100,A,2023-08-01,9999-12-31,Y,N,1132,37,디지털,,2026-09-06T23:00:00,synthetic-seeder
2026-09-07,202609,ENTR-VAS-BASELINE-0193,ENTR-VAS-BASELINE-0193-1,110193,VAS-SAFE-01,스팸 차단,Y,3300,A,2023-08-01,9999-12-31,Y,N,1133,37,디지털,,2026-09-07T23:00:00,synthetic-seeder
2026-09-07,202609,ENTR-VAS-BASELINE-0193,ENTR-VAS-BASELINE-0193-2,110193,VAS-MEDIA-02,미디어팩,Y,7700,A,2023-08-01,9999-12-31,Y,N,1133,37,디지털,,2026-09-07T23:00:00,synthetic-seeder
2026-09-07,202609,ENTR-VAS-BASELINE-0193,ENTR-VAS-BASELINE-0193-3,110193,VAS-RING-03,통화연결음,Y,1100,A,2023-08-01,9999-12-31,Y,N,1133,37,디지털,,2026-09-07T23:00:00,synthetic-seeder
2026-09-08,202609,ENTR-VAS-BASELINE-0194,ENTR-VAS-BASELINE-0194-1,110194,VAS-SAFE-01,스팸 차단,Y,3300,A,2023-08-01,9999-12-31,Y,N,1134,37,디지털,,2026-09-08T23:00:00,synthetic-seeder
2026-09-08,202609,ENTR-VAS-BASELINE-0194,ENTR-VAS-BASELINE-0194-2,110194,VAS-MEDIA-02,미디어팩,Y,7700,A,2023-08-01,9999-12-31,Y,N,1134,37,디지털,,2026-09-08T23:00:00,synthetic-seeder
2026-09-08,202609,ENTR-VAS-BASELINE-0194,ENTR-VAS-BASELINE-0194-3,110194,VAS-RING-03,통화연결음,Y,1100,A,2023-08-01,9999-12-31,Y,N,1134,37,디지털,,2026-09-08T23:00:00,synthetic-seeder
2026-09-09,202609,ENTR-VAS-BASELINE-0195,ENTR-VAS-BASELINE-0195-1,110195,VAS-SAFE-01,스팸 차단,Y,3300,A,2023-08-01,9999-12-31,Y,N,1135,37,디지털,,2026-09-09T23:00:00,synthetic-seeder
2026-09-09,202609,ENTR-VAS-BASELINE-0195,ENTR-VAS-BASELINE-0195-2,110195,VAS-MEDIA-02,미디어팩,Y,7700,A,2023-08-01,9999-12-31,Y,N,1135,37,디지털,,2026-09-09T23:00:00,synthetic-seeder
2026-09-09,202609,ENTR-VAS-BASELINE-0195,ENTR-VAS-BASELINE-0195-3,110195,VAS-RING-03,통화연결음,Y,1100,A,2023-08-01,9999-12-31,Y,N,1135,37,디지털,,2026-09-09T23:00:00,synthetic-seeder
2026-09-10,202609,ENTR-VAS-BASELINE-0196,ENTR-VAS-BASELINE-0196-1,110196,VAS-SAFE-01,스팸 차단,Y,3300,A,2023-08-01,9999-12-31,Y,N,1136,37,디지털,,2026-09-10T23:00:00,synthetic-seeder
2026-09-10,202609,ENTR-VAS-BASELINE-0196,ENTR-VAS-BASELINE-0196-2,110196,VAS-MEDIA-02,미디어팩,Y,7700,A,2023-08-01,9999-12-31,Y,N,1136,37,디지털,,2026-09-10T23:00:00,synthetic-seeder
2026-09-10,202609,ENTR-VAS-BASELINE-0196,ENTR-VAS-BASELINE-0196-3,110196,VAS-RING-03,통화연결음,Y,1100,A,2023-08-01,9999-12-31,Y,N,1136,37,디지털,,2026-09-10T23:00:00,synthetic-seeder
2026-09-04,202609,ENTR-VAS-BASELINE-0197,ENTR-VAS-BASELINE-0197-1,110197,VAS-SAFE-01,스팸 차단,Y,3300,A,2023-08-01,9999-12-31,Y,N,1130,37,디지털,,2026-09-04T23:00:00,synthetic-seeder
2026-09-04,202609,ENTR-VAS-BASELINE-0197,ENTR-VAS-BASELINE-0197-2,110197,VAS-MEDIA-02,미디어팩,Y,7700,A,2023-08-01,9999-12-31,Y,N,1130,37,디지털,,2026-09-04T23:00:00,synthetic-seeder
2026-09-04,202609,ENTR-VAS-BASELINE-0197,ENTR-VAS-BASELINE-0197-3,110197,VAS-RING-03,통화연결음,Y,1100,A,2023-08-01,9999-12-31,Y,N,1130,37,디지털,,2026-09-04T23:00:00,synthetic-seeder
2026-09-05,202609,ENTR-VAS-BASELINE-0198,ENTR-VAS-BASELINE-0198-1,110198,VAS-SAFE-01,스팸 차단,Y,3300,A,2023-08-01,9999-12-31,Y,N,1131,37,디지털,,2026-09-05T23:00:00,synthetic-seeder
2026-09-05,202609,ENTR-VAS-BASELINE-0198,ENTR-VAS-BASELINE-0198-2,110198,VAS-MEDIA-02,미디어팩,Y,7700,A,2023-08-01,9999-12-31,Y,N,1131,37,디지털,,2026-09-05T23:00:00,synthetic-seeder
2026-09-05,202609,ENTR-VAS-BASELINE-0198,ENTR-VAS-BASELINE-0198-3,110198,VAS-RING-03,통화연결음,Y,1100,A,2023-08-01,9999-12-31,Y,N,1131,37,디지털,,2026-09-05T23:00:00,synthetic-seeder
2026-09-06,202609,ENTR-VAS-BASELINE-0199,ENTR-VAS-BASELINE-0199-1,110199,VAS-SAFE-01,스팸 차단,Y,3300,A,2023-08-01,9999-12-31,Y,N,1132,37,디지털,,2026-09-06T23:00:00,synthetic-seeder
2026-09-06,202609,ENTR-VAS-BASELINE-0199,ENTR-VAS-BASELINE-0199-2,110199,VAS-MEDIA-02,미디어팩,Y,7700,A,2023-08-01,9999-12-31,Y,N,1132,37,디지털,,2026-09-06T23:00:00,synthetic-seeder
2026-09-06,202609,ENTR-VAS-BASELINE-0199,ENTR-VAS-BASELINE-0199-3,110199,VAS-RING-03,통화연결음,Y,1100,A,2023-08-01,9999-12-31,Y,N,1132,37,디지털,,2026-09-06T23:00:00,synthetic-seeder
2026-09-07,202609,ENTR-VAS-BASELINE-0200,ENTR-VAS-BASELINE-0200-1,110200,VAS-SAFE-01,스팸 차단,Y,3300,A,2023-08-01,9999-12-31,Y,N,1133,37,디지털,,2026-09-07T23:00:00,synthetic-seeder
2026-09-07,202609,ENTR-VAS-BASELINE-0200,ENTR-VAS-BASELINE-0200-2,110200,VAS-MEDIA-02,미디어팩,Y,7700,A,2023-08-01,9999-12-31,Y,N,1133,37,디지털,,2026-09-07T23:00:00,synthetic-seeder
2026-09-07,202609,ENTR-VAS-BASELINE-0200,ENTR-VAS-BASELINE-0200-3,110200,VAS-RING-03,통화연결음,Y,1100,A,2023-08-01,9999-12-31,Y,N,1133,37,디지털,,2026-09-07T23:00:00,synthetic-seeder
2026-09-08,202609,ENTR-VAS-BASELINE-0201,ENTR-VAS-BASELINE-0201-1,110201,VAS-SAFE-01,스팸 차단,Y,3300,A,2023-08-01,9999-12-31,Y,N,1134,37,디지털,,2026-09-08T23:00:00,synthetic-seeder
2026-09-08,202609,ENTR-VAS-BASELINE-0201,ENTR-VAS-BASELINE-0201-2,110201,VAS-MEDIA-02,미디어팩,Y,7700,A,2023-08-01,9999-12-31,Y,N,1134,37,디지털,,2026-09-08T23:00:00,synthetic-seeder
2026-09-08,202609,ENTR-VAS-BASELINE-0201,ENTR-VAS-BASELINE-0201-3,110201,VAS-RING-03,통화연결음,Y,1100,A,2023-08-01,9999-12-31,Y,N,1134,37,디지털,,2026-09-08T23:00:00,synthetic-seeder
2026-09-09,202609,ENTR-VAS-BASELINE-0202,ENTR-VAS-BASELINE-0202-1,110202,VAS-SAFE-01,스팸 차단,Y,3300,A,2023-08-01,9999-12-31,Y,N,1135,37,디지털,,2026-09-09T23:00:00,synthetic-seeder
2026-09-09,202609,ENTR-VAS-BASELINE-0202,ENTR-VAS-BASELINE-0202-2,110202,VAS-MEDIA-02,미디어팩,Y,7700,A,2023-08-01,9999-12-31,Y,N,1135,37,디지털,,2026-09-09T23:00:00,synthetic-seeder
2026-09-09,202609,ENTR-VAS-BASELINE-0202,ENTR-VAS-BASELINE-0202-3,110202,VAS-RING-03,통화연결음,Y,1100,A,2023-08-01,9999-12-31,Y,N,1135,37,디지털,,2026-09-09T23:00:00,synthetic-seeder
2026-09-10,202609,ENTR-VAS-BASELINE-0203,ENTR-VAS-BASELINE-0203-1,110203,VAS-SAFE-01,스팸 차단,Y,3300,A,2023-08-01,9999-12-31,Y,N,1136,37,디지털,,2026-09-10T23:00:00,synthetic-seeder
2026-09-10,202609,ENTR-VAS-BASELINE-0203,ENTR-VAS-BASELINE-0203-2,110203,VAS-MEDIA-02,미디어팩,Y,7700,A,2023-08-01,9999-12-31,Y,N,1136,37,디지털,,2026-09-10T23:00:00,synthetic-seeder
2026-09-10,202609,ENTR-VAS-BASELINE-0203,ENTR-VAS-BASELINE-0203-3,110203,VAS-RING-03,통화연결음,Y,1100,A,2023-08-01,9999-12-31,Y,N,1136,37,디지털,,2026-09-10T23:00:00,synthetic-seeder
2026-09-04,202609,ENTR-VAS-BASELINE-0204,ENTR-VAS-BASELINE-0204-1,110204,VAS-SAFE-01,스팸 차단,Y,3300,A,2023-08-01,9999-12-31,Y,N,1130,37,디지털,,2026-09-04T23:00:00,synthetic-seeder
2026-09-04,202609,ENTR-VAS-BASELINE-0204,ENTR-VAS-BASELINE-0204-2,110204,VAS-MEDIA-02,미디어팩,Y,7700,A,2023-08-01,9999-12-31,Y,N,1130,37,디지털,,2026-09-04T23:00:00,synthetic-seeder
2026-09-04,202609,ENTR-VAS-BASELINE-0204,ENTR-VAS-BASELINE-0204-3,110204,VAS-RING-03,통화연결음,Y,1100,A,2023-08-01,9999-12-31,Y,N,1130,37,디지털,,2026-09-04T23:00:00,synthetic-seeder
2026-09-05,202609,ENTR-VAS-BASELINE-0205,ENTR-VAS-BASELINE-0205-1,110205,VAS-SAFE-01,스팸 차단,Y,3300,A,2023-08-01,9999-12-31,Y,N,1131,37,디지털,,2026-09-05T23:00:00,synthetic-seeder
2026-09-05,202609,ENTR-VAS-BASELINE-0205,ENTR-VAS-BASELINE-0205-2,110205,VAS-MEDIA-02,미디어팩,Y,7700,A,2023-08-01,9999-12-31,Y,N,1131,37,디지털,,2026-09-05T23:00:00,synthetic-seeder
2026-09-05,202609,ENTR-VAS-BASELINE-0205,ENTR-VAS-BASELINE-0205-3,110205,VAS-RING-03,통화연결음,Y,1100,A,2023-08-01,9999-12-31,Y,N,1131,37,디지털,,2026-09-05T23:00:00,synthetic-seeder
2026-09-06,202609,ENTR-VAS-BASELINE-0206,ENTR-VAS-BASELINE-0206-1,110206,VAS-SAFE-01,스팸 차단,Y,3300,A,2023-08-01,9999-12-31,Y,N,1132,37,디지털,,2026-09-06T23:00:00,synthetic-seeder
2026-09-06,202609,ENTR-VAS-BASELINE-0206,ENTR-VAS-BASELINE-0206-2,110206,VAS-MEDIA-02,미디어팩,Y,7700,A,2023-08-01,9999-12-31,Y,N,1132,37,디지털,,2026-09-06T23:00:00,synthetic-seeder
2026-09-06,202609,ENTR-VAS-BASELINE-0206,ENTR-VAS-BASELINE-0206-3,110206,VAS-RING-03,통화연결음,Y,1100,A,2023-08-01,9999-12-31,Y,N,1132,37,디지털,,2026-09-06T23:00:00,synthetic-seeder
2026-09-07,202609,ENTR-VAS-BASELINE-0207,ENTR-VAS-BASELINE-0207-1,110207,VAS-SAFE-01,스팸 차단,Y,3300,A,2023-08-01,9999-12-31,Y,N,1133,37,디지털,,2026-09-07T23:00:00,synthetic-seeder
2026-09-07,202609,ENTR-VAS-BASELINE-0207,ENTR-VAS-BASELINE-0207-2,110207,VAS-MEDIA-02,미디어팩,Y,7700,A,2023-08-01,9999-12-31,Y,N,1133,37,디지털,,2026-09-07T23:00:00,synthetic-seeder
2026-09-07,202609,ENTR-VAS-BASELINE-0207,ENTR-VAS-BASELINE-0207-3,110207,VAS-RING-03,통화연결음,Y,1100,A,2023-08-01,9999-12-31,Y,N,1133,37,디지털,,2026-09-07T23:00:00,synthetic-seeder
2026-09-08,202609,ENTR-VAS-BASELINE-0208,ENTR-VAS-BASELINE-0208-1,110208,VAS-SAFE-01,스팸 차단,Y,3300,A,2023-08-01,9999-12-31,Y,N,1134,37,디지털,,2026-09-08T23:00:00,synthetic-seeder
2026-09-08,202609,ENTR-VAS-BASELINE-0208,ENTR-VAS-BASELINE-0208-2,110208,VAS-MEDIA-02,미디어팩,Y,7700,A,2023-08-01,9999-12-31,Y,N,1134,37,디지털,,2026-09-08T23:00:00,synthetic-seeder
2026-09-08,202609,ENTR-VAS-BASELINE-0208,ENTR-VAS-BASELINE-0208-3,110208,VAS-RING-03,통화연결음,Y,1100,A,2023-08-01,9999-12-31,Y,N,1134,37,디지털,,2026-09-08T23:00:00,synthetic-seeder
2026-09-09,202609,ENTR-VAS-BASELINE-0209,ENTR-VAS-BASELINE-0209-1,110209,VAS-SAFE-01,스팸 차단,Y,3300,A,2023-08-01,9999-12-31,Y,N,1135,37,디지털,,2026-09-09T23:00:00,synthetic-seeder
2026-09-09,202609,ENTR-VAS-BASELINE-0209,ENTR-VAS-BASELINE-0209-2,110209,VAS-MEDIA-02,미디어팩,Y,7700,A,2023-08-01,9999-12-31,Y,N,1135,37,디지털,,2026-09-09T23:00:00,synthetic-seeder
2026-09-09,202609,ENTR-VAS-BASELINE-0209,ENTR-VAS-BASELINE-0209-3,110209,VAS-RING-03,통화연결음,Y,1100,A,2023-08-01,9999-12-31,Y,N,1135,37,디지털,,2026-09-09T23:00:00,synthetic-seeder
2026-09-10,202609,ENTR-VAS-BASELINE-0210,ENTR-VAS-BASELINE-0210-1,110210,VAS-SAFE-01,스팸 차단,Y,3300,A,2023-08-01,9999-12-31,Y,N,1136,37,디지털,,2026-09-10T23:00:00,synthetic-seeder
2026-09-10,202609,ENTR-VAS-BASELINE-0210,ENTR-VAS-BASELINE-0210-2,110210,VAS-MEDIA-02,미디어팩,Y,7700,A,2023-08-01,9999-12-31,Y,N,1136,37,디지털,,2026-09-10T23:00:00,synthetic-seeder
2026-09-10,202609,ENTR-VAS-BASELINE-0210,ENTR-VAS-BASELINE-0210-3,110210,VAS-RING-03,통화연결음,Y,1100,A,2023-08-01,9999-12-31,Y,N,1136,37,디지털,,2026-09-10T23:00:00,synthetic-seeder
2026-09-04,202609,ENTR-VAS-BASELINE-0211,ENTR-VAS-BASELINE-0211-1,110211,VAS-SAFE-01,스팸 차단,Y,3300,A,2023-08-01,9999-12-31,Y,N,1130,37,디지털,,2026-09-04T23:00:00,synthetic-seeder
2026-09-04,202609,ENTR-VAS-BASELINE-0211,ENTR-VAS-BASELINE-0211-2,110211,VAS-MEDIA-02,미디어팩,Y,7700,A,2023-08-01,9999-12-31,Y,N,1130,37,디지털,,2026-09-04T23:00:00,synthetic-seeder
2026-09-04,202609,ENTR-VAS-BASELINE-0211,ENTR-VAS-BASELINE-0211-3,110211,VAS-RING-03,통화연결음,Y,1100,A,2023-08-01,9999-12-31,Y,N,1130,37,디지털,,2026-09-04T23:00:00,synthetic-seeder
2026-09-05,202609,ENTR-VAS-BASELINE-0212,ENTR-VAS-BASELINE-0212-1,110212,VAS-SAFE-01,스팸 차단,Y,3300,A,2023-08-01,9999-12-31,Y,N,1131,37,디지털,,2026-09-05T23:00:00,synthetic-seeder
2026-09-05,202609,ENTR-VAS-BASELINE-0212,ENTR-VAS-BASELINE-0212-2,110212,VAS-MEDIA-02,미디어팩,Y,7700,A,2023-08-01,9999-12-31,Y,N,1131,37,디지털,,2026-09-05T23:00:00,synthetic-seeder
2026-09-05,202609,ENTR-VAS-BASELINE-0212,ENTR-VAS-BASELINE-0212-3,110212,VAS-RING-03,통화연결음,Y,1100,A,2023-08-01,9999-12-31,Y,N,1131,37,디지털,,2026-09-05T23:00:00,synthetic-seeder
2026-09-06,202609,ENTR-VAS-BASELINE-0213,ENTR-VAS-BASELINE-0213-1,110213,VAS-SAFE-01,스팸 차단,Y,3300,A,2023-08-01,9999-12-31,Y,N,1132,37,디지털,,2026-09-06T23:00:00,synthetic-seeder
2026-09-06,202609,ENTR-VAS-BASELINE-0213,ENTR-VAS-BASELINE-0213-2,110213,VAS-MEDIA-02,미디어팩,Y,7700,A,2023-08-01,9999-12-31,Y,N,1132,37,디지털,,2026-09-06T23:00:00,synthetic-seeder
2026-09-06,202609,ENTR-VAS-BASELINE-0213,ENTR-VAS-BASELINE-0213-3,110213,VAS-RING-03,통화연결음,Y,1100,A,2023-08-01,9999-12-31,Y,N,1132,37,디지털,,2026-09-06T23:00:00,synthetic-seeder
2026-09-07,202609,ENTR-VAS-BASELINE-0214,ENTR-VAS-BASELINE-0214-1,110214,VAS-SAFE-01,스팸 차단,Y,3300,A,2023-08-01,9999-12-31,Y,N,1133,37,디지털,,2026-09-07T23:00:00,synthetic-seeder
2026-09-07,202609,ENTR-VAS-BASELINE-0214,ENTR-VAS-BASELINE-0214-2,110214,VAS-MEDIA-02,미디어팩,Y,7700,A,2023-08-01,9999-12-31,Y,N,1133,37,디지털,,2026-09-07T23:00:00,synthetic-seeder
2026-09-07,202609,ENTR-VAS-BASELINE-0214,ENTR-VAS-BASELINE-0214-3,110214,VAS-RING-03,통화연결음,Y,1100,A,2023-08-01,9999-12-31,Y,N,1133,37,디지털,,2026-09-07T23:00:00,synthetic-seeder
2026-09-08,202609,ENTR-VAS-BASELINE-0215,ENTR-VAS-BASELINE-0215-1,110215,VAS-SAFE-01,스팸 차단,Y,3300,A,2023-08-01,9999-12-31,Y,N,1134,37,디지털,,2026-09-08T23:00:00,synthetic-seeder
2026-09-08,202609,ENTR-VAS-BASELINE-0215,ENTR-VAS-BASELINE-0215-2,110215,VAS-MEDIA-02,미디어팩,Y,7700,A,2023-08-01,9999-12-31,Y,N,1134,37,디지털,,2026-09-08T23:00:00,synthetic-seeder
2026-09-08,202609,ENTR-VAS-BASELINE-0215,ENTR-VAS-BASELINE-0215-3,110215,VAS-RING-03,통화연결음,Y,1100,A,2023-08-01,9999-12-31,Y,N,1134,37,디지털,,2026-09-08T23:00:00,synthetic-seeder
2026-09-09,202609,ENTR-VAS-BASELINE-0216,ENTR-VAS-BASELINE-0216-1,110216,VAS-SAFE-01,스팸 차단,Y,3300,A,2023-08-01,9999-12-31,Y,N,1135,37,디지털,,2026-09-09T23:00:00,synthetic-seeder
2026-09-09,202609,ENTR-VAS-BASELINE-0216,ENTR-VAS-BASELINE-0216-2,110216,VAS-MEDIA-02,미디어팩,Y,7700,A,2023-08-01,9999-12-31,Y,N,1135,37,디지털,,2026-09-09T23:00:00,synthetic-seeder
2026-09-09,202609,ENTR-VAS-BASELINE-0216,ENTR-VAS-BASELINE-0216-3,110216,VAS-RING-03,통화연결음,Y,1100,A,2023-08-01,9999-12-31,Y,N,1135,37,디지털,,2026-09-09T23:00:00,synthetic-seeder
2026-09-10,202609,ENTR-VAS-BASELINE-0217,ENTR-VAS-BASELINE-0217-1,110217,VAS-SAFE-01,스팸 차단,Y,3300,A,2023-08-01,9999-12-31,Y,N,1136,37,디지털,,2026-09-10T23:00:00,synthetic-seeder
2026-09-10,202609,ENTR-VAS-BASELINE-0217,ENTR-VAS-BASELINE-0217-2,110217,VAS-MEDIA-02,미디어팩,Y,7700,A,2023-08-01,9999-12-31,Y,N,1136,37,디지털,,2026-09-10T23:00:00,synthetic-seeder
2026-09-10,202609,ENTR-VAS-BASELINE-0217,ENTR-VAS-BASELINE-0217-3,110217,VAS-RING-03,통화연결음,Y,1100,A,2023-08-01,9999-12-31,Y,N,1136,37,디지털,,2026-09-10T23:00:00,synthetic-seeder
2026-09-04,202609,ENTR-VAS-BASELINE-0218,ENTR-VAS-BASELINE-0218-1,110218,VAS-SAFE-01,스팸 차단,Y,3300,A,2023-08-01,9999-12-31,Y,N,1130,37,디지털,,2026-09-04T23:00:00,synthetic-seeder
2026-09-04,202609,ENTR-VAS-BASELINE-0218,ENTR-VAS-BASELINE-0218-2,110218,VAS-MEDIA-02,미디어팩,Y,7700,A,2023-08-01,9999-12-31,Y,N,1130,37,디지털,,2026-09-04T23:00:00,synthetic-seeder
2026-09-04,202609,ENTR-VAS-BASELINE-0218,ENTR-VAS-BASELINE-0218-3,110218,VAS-RING-03,통화연결음,Y,1100,A,2023-08-01,9999-12-31,Y,N,1130,37,디지털,,2026-09-04T23:00:00,synthetic-seeder
2026-09-05,202609,ENTR-VAS-BASELINE-0219,ENTR-VAS-BASELINE-0219-1,110219,VAS-SAFE-01,스팸 차단,Y,3300,A,2023-08-01,9999-12-31,Y,N,1131,37,디지털,,2026-09-05T23:00:00,synthetic-seeder
2026-09-05,202609,ENTR-VAS-BASELINE-0219,ENTR-VAS-BASELINE-0219-2,110219,VAS-MEDIA-02,미디어팩,Y,7700,A,2023-08-01,9999-12-31,Y,N,1131,37,디지털,,2026-09-05T23:00:00,synthetic-seeder
2026-09-05,202609,ENTR-VAS-BASELINE-0219,ENTR-VAS-BASELINE-0219-3,110219,VAS-RING-03,통화연결음,Y,1100,A,2023-08-01,9999-12-31,Y,N,1131,37,디지털,,2026-09-05T23:00:00,synthetic-seeder
2026-09-06,202609,ENTR-VAS-BASELINE-0220,ENTR-VAS-BASELINE-0220-1,110220,VAS-SAFE-01,스팸 차단,Y,3300,A,2023-08-01,9999-12-31,Y,N,1132,37,디지털,,2026-09-06T23:00:00,synthetic-seeder
2026-09-06,202609,ENTR-VAS-BASELINE-0220,ENTR-VAS-BASELINE-0220-2,110220,VAS-MEDIA-02,미디어팩,Y,7700,A,2023-08-01,9999-12-31,Y,N,1132,37,디지털,,2026-09-06T23:00:00,synthetic-seeder
2026-09-06,202609,ENTR-VAS-BASELINE-0220,ENTR-VAS-BASELINE-0220-3,110220,VAS-RING-03,통화연결음,Y,1100,A,2023-08-01,9999-12-31,Y,N,1132,37,디지털,,2026-09-06T23:00:00,synthetic-seeder
2026-09-07,202609,ENTR-VAS-BASELINE-0221,ENTR-VAS-BASELINE-0221-1,110221,VAS-SAFE-01,스팸 차단,Y,3300,A,2023-08-01,9999-12-31,Y,N,1133,37,디지털,,2026-09-07T23:00:00,synthetic-seeder
2026-09-07,202609,ENTR-VAS-BASELINE-0221,ENTR-VAS-BASELINE-0221-2,110221,VAS-MEDIA-02,미디어팩,Y,7700,A,2023-08-01,9999-12-31,Y,N,1133,37,디지털,,2026-09-07T23:00:00,synthetic-seeder
2026-09-07,202609,ENTR-VAS-BASELINE-0221,ENTR-VAS-BASELINE-0221-3,110221,VAS-RING-03,통화연결음,Y,1100,A,2023-08-01,9999-12-31,Y,N,1133,37,디지털,,2026-09-07T23:00:00,synthetic-seeder
2026-09-08,202609,ENTR-VAS-BASELINE-0222,ENTR-VAS-BASELINE-0222-1,110222,VAS-SAFE-01,스팸 차단,Y,3300,A,2023-08-01,9999-12-31,Y,N,1134,37,디지털,,2026-09-08T23:00:00,synthetic-seeder
2026-09-08,202609,ENTR-VAS-BASELINE-0222,ENTR-VAS-BASELINE-0222-2,110222,VAS-MEDIA-02,미디어팩,Y,7700,A,2023-08-01,9999-12-31,Y,N,1134,37,디지털,,2026-09-08T23:00:00,synthetic-seeder
2026-09-08,202609,ENTR-VAS-BASELINE-0222,ENTR-VAS-BASELINE-0222-3,110222,VAS-RING-03,통화연결음,Y,1100,A,2023-08-01,9999-12-31,Y,N,1134,37,디지털,,2026-09-08T23:00:00,synthetic-seeder
2026-09-09,202609,ENTR-VAS-BASELINE-0223,ENTR-VAS-BASELINE-0223-1,110223,VAS-SAFE-01,스팸 차단,Y,3300,A,2023-08-01,9999-12-31,Y,N,1135,37,디지털,,2026-09-09T23:00:00,synthetic-seeder
2026-09-09,202609,ENTR-VAS-BASELINE-0223,ENTR-VAS-BASELINE-0223-2,110223,VAS-MEDIA-02,미디어팩,Y,7700,A,2023-08-01,9999-12-31,Y,N,1135,37,디지털,,2026-09-09T23:00:00,synthetic-seeder
2026-09-09,202609,ENTR-VAS-BASELINE-0223,ENTR-VAS-BASELINE-0223-3,110223,VAS-RING-03,통화연결음,Y,1100,A,2023-08-01,9999-12-31,Y,N,1135,37,디지털,,2026-09-09T23:00:00,synthetic-seeder
2026-09-10,202609,ENTR-VAS-BASELINE-0224,ENTR-VAS-BASELINE-0224-1,110224,VAS-SAFE-01,스팸 차단,Y,3300,A,2023-08-01,9999-12-31,Y,N,1136,37,디지털,,2026-09-10T23:00:00,synthetic-seeder
2026-09-10,202609,ENTR-VAS-BASELINE-0224,ENTR-VAS-BASELINE-0224-2,110224,VAS-MEDIA-02,미디어팩,Y,7700,A,2023-08-01,9999-12-31,Y,N,1136,37,디지털,,2026-09-10T23:00:00,synthetic-seeder
2026-09-10,202609,ENTR-VAS-BASELINE-0224,ENTR-VAS-BASELINE-0224-3,110224,VAS-RING-03,통화연결음,Y,1100,A,2023-08-01,9999-12-31,Y,N,1136,37,디지털,,2026-09-10T23:00:00,synthetic-seeder
2026-09-04,202609,ENTR-VAS-BASELINE-0225,ENTR-VAS-BASELINE-0225-1,110225,VAS-SAFE-01,스팸 차단,Y,3300,A,2023-08-01,9999-12-31,Y,N,1130,37,디지털,,2026-09-04T23:00:00,synthetic-seeder
2026-09-04,202609,ENTR-VAS-BASELINE-0225,ENTR-VAS-BASELINE-0225-2,110225,VAS-MEDIA-02,미디어팩,Y,7700,A,2023-08-01,9999-12-31,Y,N,1130,37,디지털,,2026-09-04T23:00:00,synthetic-seeder
2026-09-04,202609,ENTR-VAS-BASELINE-0225,ENTR-VAS-BASELINE-0225-3,110225,VAS-RING-03,통화연결음,Y,1100,A,2023-08-01,9999-12-31,Y,N,1130,37,디지털,,2026-09-04T23:00:00,synthetic-seeder
2026-09-05,202609,ENTR-VAS-BASELINE-0226,ENTR-VAS-BASELINE-0226-1,110226,VAS-SAFE-01,스팸 차단,Y,3300,A,2023-08-01,9999-12-31,Y,N,1131,37,디지털,,2026-09-05T23:00:00,synthetic-seeder
2026-09-05,202609,ENTR-VAS-BASELINE-0226,ENTR-VAS-BASELINE-0226-2,110226,VAS-MEDIA-02,미디어팩,Y,7700,A,2023-08-01,9999-12-31,Y,N,1131,37,디지털,,2026-09-05T23:00:00,synthetic-seeder
2026-09-05,202609,ENTR-VAS-BASELINE-0226,ENTR-VAS-BASELINE-0226-3,110226,VAS-RING-03,통화연결음,Y,1100,A,2023-08-01,9999-12-31,Y,N,1131,37,디지털,,2026-09-05T23:00:00,synthetic-seeder
2026-09-06,202609,ENTR-VAS-BASELINE-0227,ENTR-VAS-BASELINE-0227-1,110227,VAS-SAFE-01,스팸 차단,Y,3300,A,2023-08-01,9999-12-31,Y,N,1132,37,디지털,,2026-09-06T23:00:00,synthetic-seeder
2026-09-06,202609,ENTR-VAS-BASELINE-0227,ENTR-VAS-BASELINE-0227-2,110227,VAS-MEDIA-02,미디어팩,Y,7700,A,2023-08-01,9999-12-31,Y,N,1132,37,디지털,,2026-09-06T23:00:00,synthetic-seeder
2026-09-06,202609,ENTR-VAS-BASELINE-0227,ENTR-VAS-BASELINE-0227-3,110227,VAS-RING-03,통화연결음,Y,1100,A,2023-08-01,9999-12-31,Y,N,1132,37,디지털,,2026-09-06T23:00:00,synthetic-seeder
2026-09-07,202609,ENTR-VAS-BASELINE-0228,ENTR-VAS-BASELINE-0228-1,110228,VAS-SAFE-01,스팸 차단,Y,3300,A,2023-08-01,9999-12-31,Y,N,1133,37,디지털,,2026-09-07T23:00:00,synthetic-seeder
2026-09-07,202609,ENTR-VAS-BASELINE-0228,ENTR-VAS-BASELINE-0228-2,110228,VAS-MEDIA-02,미디어팩,Y,7700,A,2023-08-01,9999-12-31,Y,N,1133,37,디지털,,2026-09-07T23:00:00,synthetic-seeder
2026-09-07,202609,ENTR-VAS-BASELINE-0228,ENTR-VAS-BASELINE-0228-3,110228,VAS-RING-03,통화연결음,Y,1100,A,2023-08-01,9999-12-31,Y,N,1133,37,디지털,,2026-09-07T23:00:00,synthetic-seeder
2026-09-08,202609,ENTR-VAS-BASELINE-0229,ENTR-VAS-BASELINE-0229-1,110229,VAS-SAFE-01,스팸 차단,Y,3300,A,2023-08-01,9999-12-31,Y,N,1134,37,디지털,,2026-09-08T23:00:00,synthetic-seeder
2026-09-08,202609,ENTR-VAS-BASELINE-0229,ENTR-VAS-BASELINE-0229-2,110229,VAS-MEDIA-02,미디어팩,Y,7700,A,2023-08-01,9999-12-31,Y,N,1134,37,디지털,,2026-09-08T23:00:00,synthetic-seeder
2026-09-08,202609,ENTR-VAS-BASELINE-0229,ENTR-VAS-BASELINE-0229-3,110229,VAS-RING-03,통화연결음,Y,1100,A,2023-08-01,9999-12-31,Y,N,1134,37,디지털,,2026-09-08T23:00:00,synthetic-seeder
2026-09-09,202609,ENTR-VAS-BASELINE-0230,ENTR-VAS-BASELINE-0230-1,110230,VAS-SAFE-01,스팸 차단,Y,3300,A,2023-08-01,9999-12-31,Y,N,1135,37,디지털,,2026-09-09T23:00:00,synthetic-seeder
2026-09-09,202609,ENTR-VAS-BASELINE-0230,ENTR-VAS-BASELINE-0230-2,110230,VAS-MEDIA-02,미디어팩,Y,7700,A,2023-08-01,9999-12-31,Y,N,1135,37,디지털,,2026-09-09T23:00:00,synthetic-seeder
2026-09-09,202609,ENTR-VAS-BASELINE-0230,ENTR-VAS-BASELINE-0230-3,110230,VAS-RING-03,통화연결음,Y,1100,A,2023-08-01,9999-12-31,Y,N,1135,37,디지털,,2026-09-09T23:00:00,synthetic-seeder
2026-09-10,202609,ENTR-VAS-BASELINE-0231,ENTR-VAS-BASELINE-0231-1,110231,VAS-SAFE-01,스팸 차단,Y,3300,A,2023-08-01,9999-12-31,Y,N,1136,37,디지털,,2026-09-10T23:00:00,synthetic-seeder
2026-09-10,202609,ENTR-VAS-BASELINE-0231,ENTR-VAS-BASELINE-0231-2,110231,VAS-MEDIA-02,미디어팩,Y,7700,A,2023-08-01,9999-12-31,Y,N,1136,37,디지털,,2026-09-10T23:00:00,synthetic-seeder
2026-09-10,202609,ENTR-VAS-BASELINE-0231,ENTR-VAS-BASELINE-0231-3,110231,VAS-RING-03,통화연결음,Y,1100,A,2023-08-01,9999-12-31,Y,N,1136,37,디지털,,2026-09-10T23:00:00,synthetic-seeder
2026-09-04,202609,ENTR-VAS-BASELINE-0232,ENTR-VAS-BASELINE-0232-1,110232,VAS-SAFE-01,스팸 차단,Y,3300,A,2023-08-01,9999-12-31,Y,N,1130,37,디지털,,2026-09-04T23:00:00,synthetic-seeder
2026-09-04,202609,ENTR-VAS-BASELINE-0232,ENTR-VAS-BASELINE-0232-2,110232,VAS-MEDIA-02,미디어팩,Y,7700,A,2023-08-01,9999-12-31,Y,N,1130,37,디지털,,2026-09-04T23:00:00,synthetic-seeder
2026-09-04,202609,ENTR-VAS-BASELINE-0232,ENTR-VAS-BASELINE-0232-3,110232,VAS-RING-03,통화연결음,Y,1100,A,2023-08-01,9999-12-31,Y,N,1130,37,디지털,,2026-09-04T23:00:00,synthetic-seeder
2026-09-05,202609,ENTR-VAS-BASELINE-0233,ENTR-VAS-BASELINE-0233-1,110233,VAS-SAFE-01,스팸 차단,Y,3300,A,2023-08-01,9999-12-31,Y,N,1131,37,디지털,,2026-09-05T23:00:00,synthetic-seeder
2026-09-05,202609,ENTR-VAS-BASELINE-0233,ENTR-VAS-BASELINE-0233-2,110233,VAS-MEDIA-02,미디어팩,Y,7700,A,2023-08-01,9999-12-31,Y,N,1131,37,디지털,,2026-09-05T23:00:00,synthetic-seeder
2026-09-05,202609,ENTR-VAS-BASELINE-0233,ENTR-VAS-BASELINE-0233-3,110233,VAS-RING-03,통화연결음,Y,1100,A,2023-08-01,9999-12-31,Y,N,1131,37,디지털,,2026-09-05T23:00:00,synthetic-seeder
2026-09-06,202609,ENTR-VAS-BASELINE-0234,ENTR-VAS-BASELINE-0234-1,110234,VAS-SAFE-01,스팸 차단,Y,3300,A,2023-08-01,9999-12-31,Y,N,1132,37,디지털,,2026-09-06T23:00:00,synthetic-seeder
2026-09-06,202609,ENTR-VAS-BASELINE-0234,ENTR-VAS-BASELINE-0234-2,110234,VAS-MEDIA-02,미디어팩,Y,7700,A,2023-08-01,9999-12-31,Y,N,1132,37,디지털,,2026-09-06T23:00:00,synthetic-seeder
2026-09-06,202609,ENTR-VAS-BASELINE-0234,ENTR-VAS-BASELINE-0234-3,110234,VAS-RING-03,통화연결음,Y,1100,A,2023-08-01,9999-12-31,Y,N,1132,37,디지털,,2026-09-06T23:00:00,synthetic-seeder
2026-09-07,202609,ENTR-VAS-BASELINE-0235,ENTR-VAS-BASELINE-0235-1,110235,VAS-SAFE-01,스팸 차단,Y,3300,A,2023-08-01,9999-12-31,Y,N,1133,37,디지털,,2026-09-07T23:00:00,synthetic-seeder
2026-09-07,202609,ENTR-VAS-BASELINE-0235,ENTR-VAS-BASELINE-0235-2,110235,VAS-MEDIA-02,미디어팩,Y,7700,A,2023-08-01,9999-12-31,Y,N,1133,37,디지털,,2026-09-07T23:00:00,synthetic-seeder
2026-09-07,202609,ENTR-VAS-BASELINE-0235,ENTR-VAS-BASELINE-0235-3,110235,VAS-RING-03,통화연결음,Y,1100,A,2023-08-01,9999-12-31,Y,N,1133,37,디지털,,2026-09-07T23:00:00,synthetic-seeder
2026-09-08,202609,ENTR-VAS-BASELINE-0236,ENTR-VAS-BASELINE-0236-1,110236,VAS-SAFE-01,스팸 차단,Y,3300,A,2023-08-01,9999-12-31,Y,N,1134,37,디지털,,2026-09-08T23:00:00,synthetic-seeder
2026-09-08,202609,ENTR-VAS-BASELINE-0236,ENTR-VAS-BASELINE-0236-2,110236,VAS-MEDIA-02,미디어팩,Y,7700,A,2023-08-01,9999-12-31,Y,N,1134,37,디지털,,2026-09-08T23:00:00,synthetic-seeder
2026-09-08,202609,ENTR-VAS-BASELINE-0236,ENTR-VAS-BASELINE-0236-3,110236,VAS-RING-03,통화연결음,Y,1100,A,2023-08-01,9999-12-31,Y,N,1134,37,디지털,,2026-09-08T23:00:00,synthetic-seeder
2026-09-09,202609,ENTR-VAS-BASELINE-0237,ENTR-VAS-BASELINE-0237-1,110237,VAS-SAFE-01,스팸 차단,Y,3300,A,2023-08-01,9999-12-31,Y,N,1135,37,디지털,,2026-09-09T23:00:00,synthetic-seeder
2026-09-09,202609,ENTR-VAS-BASELINE-0237,ENTR-VAS-BASELINE-0237-2,110237,VAS-MEDIA-02,미디어팩,Y,7700,A,2023-08-01,9999-12-31,Y,N,1135,37,디지털,,2026-09-09T23:00:00,synthetic-seeder
2026-09-09,202609,ENTR-VAS-BASELINE-0237,ENTR-VAS-BASELINE-0237-3,110237,VAS-RING-03,통화연결음,Y,1100,A,2023-08-01,9999-12-31,Y,N,1135,37,디지털,,2026-09-09T23:00:00,synthetic-seeder
2026-09-10,202609,ENTR-VAS-BASELINE-0238,ENTR-VAS-BASELINE-0238-1,110238,VAS-SAFE-01,스팸 차단,Y,3300,A,2023-08-01,9999-12-31,Y,N,1136,37,디지털,,2026-09-10T23:00:00,synthetic-seeder
2026-09-10,202609,ENTR-VAS-BASELINE-0238,ENTR-VAS-BASELINE-0238-2,110238,VAS-MEDIA-02,미디어팩,Y,7700,A,2023-08-01,9999-12-31,Y,N,1136,37,디지털,,2026-09-10T23:00:00,synthetic-seeder
2026-09-10,202609,ENTR-VAS-BASELINE-0238,ENTR-VAS-BASELINE-0238-3,110238,VAS-RING-03,통화연결음,Y,1100,A,2023-08-01,9999-12-31,Y,N,1136,37,디지털,,2026-09-10T23:00:00,synthetic-seeder
2026-09-04,202609,ENTR-VAS-BASELINE-0239,ENTR-VAS-BASELINE-0239-1,110239,VAS-SAFE-01,스팸 차단,Y,3300,A,2023-08-01,9999-12-31,Y,N,1130,37,디지털,,2026-09-04T23:00:00,synthetic-seeder
2026-09-04,202609,ENTR-VAS-BASELINE-0239,ENTR-VAS-BASELINE-0239-2,110239,VAS-MEDIA-02,미디어팩,Y,7700,A,2023-08-01,9999-12-31,Y,N,1130,37,디지털,,2026-09-04T23:00:00,synthetic-seeder
2026-09-04,202609,ENTR-VAS-BASELINE-0239,ENTR-VAS-BASELINE-0239-3,110239,VAS-RING-03,통화연결음,Y,1100,A,2023-08-01,9999-12-31,Y,N,1130,37,디지털,,2026-09-04T23:00:00,synthetic-seeder
2026-09-05,202609,ENTR-VAS-BASELINE-0240,ENTR-VAS-BASELINE-0240-1,110240,VAS-SAFE-01,스팸 차단,Y,3300,A,2023-08-01,9999-12-31,Y,N,1131,37,디지털,,2026-09-05T23:00:00,synthetic-seeder
2026-09-05,202609,ENTR-VAS-BASELINE-0240,ENTR-VAS-BASELINE-0240-2,110240,VAS-MEDIA-02,미디어팩,Y,7700,A,2023-08-01,9999-12-31,Y,N,1131,37,디지털,,2026-09-05T23:00:00,synthetic-seeder
2026-09-05,202609,ENTR-VAS-BASELINE-0240,ENTR-VAS-BASELINE-0240-3,110240,VAS-RING-03,통화연결음,Y,1100,A,2023-08-01,9999-12-31,Y,N,1131,37,디지털,,2026-09-05T23:00:00,synthetic-seeder
2026-09-06,202609,ENTR-VAS-BASELINE-0241,ENTR-VAS-BASELINE-0241-1,110241,VAS-SAFE-01,스팸 차단,Y,3300,A,2023-08-01,9999-12-31,Y,N,1132,37,디지털,,2026-09-06T23:00:00,synthetic-seeder
2026-09-06,202609,ENTR-VAS-BASELINE-0241,ENTR-VAS-BASELINE-0241-2,110241,VAS-MEDIA-02,미디어팩,Y,7700,A,2023-08-01,9999-12-31,Y,N,1132,37,디지털,,2026-09-06T23:00:00,synthetic-seeder
2026-09-06,202609,ENTR-VAS-BASELINE-0241,ENTR-VAS-BASELINE-0241-3,110241,VAS-RING-03,통화연결음,Y,1100,A,2023-08-01,9999-12-31,Y,N,1132,37,디지털,,2026-09-06T23:00:00,synthetic-seeder
2026-09-07,202609,ENTR-VAS-BASELINE-0242,ENTR-VAS-BASELINE-0242-1,110242,VAS-SAFE-01,스팸 차단,Y,3300,A,2023-08-01,9999-12-31,Y,N,1133,37,디지털,,2026-09-07T23:00:00,synthetic-seeder
2026-09-07,202609,ENTR-VAS-BASELINE-0242,ENTR-VAS-BASELINE-0242-2,110242,VAS-MEDIA-02,미디어팩,Y,7700,A,2023-08-01,9999-12-31,Y,N,1133,37,디지털,,2026-09-07T23:00:00,synthetic-seeder
2026-09-07,202609,ENTR-VAS-BASELINE-0242,ENTR-VAS-BASELINE-0242-3,110242,VAS-RING-03,통화연결음,Y,1100,A,2023-08-01,9999-12-31,Y,N,1133,37,디지털,,2026-09-07T23:00:00,synthetic-seeder
2026-09-08,202609,ENTR-VAS-BASELINE-0243,ENTR-VAS-BASELINE-0243-1,110243,VAS-SAFE-01,스팸 차단,Y,3300,A,2023-08-01,9999-12-31,Y,N,1134,37,디지털,,2026-09-08T23:00:00,synthetic-seeder
2026-09-08,202609,ENTR-VAS-BASELINE-0243,ENTR-VAS-BASELINE-0243-2,110243,VAS-MEDIA-02,미디어팩,Y,7700,A,2023-08-01,9999-12-31,Y,N,1134,37,디지털,,2026-09-08T23:00:00,synthetic-seeder
2026-09-08,202609,ENTR-VAS-BASELINE-0243,ENTR-VAS-BASELINE-0243-3,110243,VAS-RING-03,통화연결음,Y,1100,A,2023-08-01,9999-12-31,Y,N,1134,37,디지털,,2026-09-08T23:00:00,synthetic-seeder
2026-09-09,202609,ENTR-VAS-BASELINE-0244,ENTR-VAS-BASELINE-0244-1,110244,VAS-SAFE-01,스팸 차단,Y,3300,A,2023-08-01,9999-12-31,Y,N,1135,37,디지털,,2026-09-09T23:00:00,synthetic-seeder
2026-09-09,202609,ENTR-VAS-BASELINE-0244,ENTR-VAS-BASELINE-0244-2,110244,VAS-MEDIA-02,미디어팩,Y,7700,A,2023-08-01,9999-12-31,Y,N,1135,37,디지털,,2026-09-09T23:00:00,synthetic-seeder
2026-09-09,202609,ENTR-VAS-BASELINE-0244,ENTR-VAS-BASELINE-0244-3,110244,VAS-RING-03,통화연결음,Y,1100,A,2023-08-01,9999-12-31,Y,N,1135,37,디지털,,2026-09-09T23:00:00,synthetic-seeder
2026-09-10,202609,ENTR-VAS-BASELINE-0245,ENTR-VAS-BASELINE-0245-1,110245,VAS-SAFE-01,스팸 차단,Y,3300,A,2023-08-01,9999-12-31,Y,N,1136,37,디지털,,2026-09-10T23:00:00,synthetic-seeder
2026-09-10,202609,ENTR-VAS-BASELINE-0245,ENTR-VAS-BASELINE-0245-2,110245,VAS-MEDIA-02,미디어팩,Y,7700,A,2023-08-01,9999-12-31,Y,N,1136,37,디지털,,2026-09-10T23:00:00,synthetic-seeder
2026-09-10,202609,ENTR-VAS-BASELINE-0245,ENTR-VAS-BASELINE-0245-3,110245,VAS-RING-03,통화연결음,Y,1100,A,2023-08-01,9999-12-31,Y,N,1136,37,디지털,,2026-09-10T23:00:00,synthetic-seeder
2026-09-04,202609,ENTR-VAS-BASELINE-0246,ENTR-VAS-BASELINE-0246-1,110246,VAS-SAFE-01,스팸 차단,Y,3300,A,2023-08-01,9999-12-31,Y,N,1130,37,디지털,,2026-09-04T23:00:00,synthetic-seeder
2026-09-04,202609,ENTR-VAS-BASELINE-0246,ENTR-VAS-BASELINE-0246-2,110246,VAS-MEDIA-02,미디어팩,Y,7700,A,2023-08-01,9999-12-31,Y,N,1130,37,디지털,,2026-09-04T23:00:00,synthetic-seeder
2026-09-04,202609,ENTR-VAS-BASELINE-0246,ENTR-VAS-BASELINE-0246-3,110246,VAS-RING-03,통화연결음,Y,1100,A,2023-08-01,9999-12-31,Y,N,1130,37,디지털,,2026-09-04T23:00:00,synthetic-seeder
2026-09-05,202609,ENTR-VAS-BASELINE-0247,ENTR-VAS-BASELINE-0247-1,110247,VAS-SAFE-01,스팸 차단,Y,3300,A,2023-08-01,9999-12-31,Y,N,1131,37,디지털,,2026-09-05T23:00:00,synthetic-seeder
2026-09-05,202609,ENTR-VAS-BASELINE-0247,ENTR-VAS-BASELINE-0247-2,110247,VAS-MEDIA-02,미디어팩,Y,7700,A,2023-08-01,9999-12-31,Y,N,1131,37,디지털,,2026-09-05T23:00:00,synthetic-seeder
2026-09-05,202609,ENTR-VAS-BASELINE-0247,ENTR-VAS-BASELINE-0247-3,110247,VAS-RING-03,통화연결음,Y,1100,A,2023-08-01,9999-12-31,Y,N,1131,37,디지털,,2026-09-05T23:00:00,synthetic-seeder
2026-09-06,202609,ENTR-VAS-BASELINE-0248,ENTR-VAS-BASELINE-0248-1,110248,VAS-SAFE-01,스팸 차단,Y,3300,A,2023-08-01,9999-12-31,Y,N,1132,37,디지털,,2026-09-06T23:00:00,synthetic-seeder
2026-09-06,202609,ENTR-VAS-BASELINE-0248,ENTR-VAS-BASELINE-0248-2,110248,VAS-MEDIA-02,미디어팩,Y,7700,A,2023-08-01,9999-12-31,Y,N,1132,37,디지털,,2026-09-06T23:00:00,synthetic-seeder
2026-09-06,202609,ENTR-VAS-BASELINE-0248,ENTR-VAS-BASELINE-0248-3,110248,VAS-RING-03,통화연결음,Y,1100,A,2023-08-01,9999-12-31,Y,N,1132,37,디지털,,2026-09-06T23:00:00,synthetic-seeder
2026-09-07,202609,ENTR-VAS-BASELINE-0249,ENTR-VAS-BASELINE-0249-1,110249,VAS-SAFE-01,스팸 차단,Y,3300,A,2023-08-01,9999-12-31,Y,N,1133,37,디지털,,2026-09-07T23:00:00,synthetic-seeder
2026-09-07,202609,ENTR-VAS-BASELINE-0249,ENTR-VAS-BASELINE-0249-2,110249,VAS-MEDIA-02,미디어팩,Y,7700,A,2023-08-01,9999-12-31,Y,N,1133,37,디지털,,2026-09-07T23:00:00,synthetic-seeder
2026-09-07,202609,ENTR-VAS-BASELINE-0249,ENTR-VAS-BASELINE-0249-3,110249,VAS-RING-03,통화연결음,Y,1100,A,2023-08-01,9999-12-31,Y,N,1133,37,디지털,,2026-09-07T23:00:00,synthetic-seeder
2026-09-08,202609,ENTR-VAS-BASELINE-0250,ENTR-VAS-BASELINE-0250-1,110250,VAS-SAFE-01,스팸 차단,Y,3300,A,2023-08-01,9999-12-31,Y,N,1134,37,디지털,,2026-09-08T23:00:00,synthetic-seeder
2026-09-08,202609,ENTR-VAS-BASELINE-0250,ENTR-VAS-BASELINE-0250-2,110250,VAS-MEDIA-02,미디어팩,Y,7700,A,2023-08-01,9999-12-31,Y,N,1134,37,디지털,,2026-09-08T23:00:00,synthetic-seeder
2026-09-08,202609,ENTR-VAS-BASELINE-0250,ENTR-VAS-BASELINE-0250-3,110250,VAS-RING-03,통화연결음,Y,1100,A,2023-08-01,9999-12-31,Y,N,1134,37,디지털,,2026-09-08T23:00:00,synthetic-seeder
2026-09-09,202609,ENTR-VAS-BASELINE-0251,ENTR-VAS-BASELINE-0251-1,110251,VAS-SAFE-01,스팸 차단,Y,3300,A,2023-08-01,9999-12-31,Y,N,1135,37,디지털,,2026-09-09T23:00:00,synthetic-seeder
2026-09-09,202609,ENTR-VAS-BASELINE-0251,ENTR-VAS-BASELINE-0251-2,110251,VAS-MEDIA-02,미디어팩,Y,7700,A,2023-08-01,9999-12-31,Y,N,1135,37,디지털,,2026-09-09T23:00:00,synthetic-seeder
2026-09-09,202609,ENTR-VAS-BASELINE-0251,ENTR-VAS-BASELINE-0251-3,110251,VAS-RING-03,통화연결음,Y,1100,A,2023-08-01,9999-12-31,Y,N,1135,37,디지털,,2026-09-09T23:00:00,synthetic-seeder
2026-09-10,202609,ENTR-VAS-BASELINE-0252,ENTR-VAS-BASELINE-0252-1,110252,VAS-SAFE-01,스팸 차단,Y,3300,A,2023-08-01,9999-12-31,Y,N,1136,37,디지털,,2026-09-10T23:00:00,synthetic-seeder
2026-09-10,202609,ENTR-VAS-BASELINE-0252,ENTR-VAS-BASELINE-0252-2,110252,VAS-MEDIA-02,미디어팩,Y,7700,A,2023-08-01,9999-12-31,Y,N,1136,37,디지털,,2026-09-10T23:00:00,synthetic-seeder
2026-09-10,202609,ENTR-VAS-BASELINE-0252,ENTR-VAS-BASELINE-0252-3,110252,VAS-RING-03,통화연결음,Y,1100,A,2023-08-01,9999-12-31,Y,N,1136,37,디지털,,2026-09-10T23:00:00,synthetic-seeder
2026-09-04,202609,ENTR-VAS-BASELINE-0253,ENTR-VAS-BASELINE-0253-1,110253,VAS-SAFE-01,스팸 차단,Y,3300,A,2023-08-01,9999-12-31,Y,N,1130,37,디지털,,2026-09-04T23:00:00,synthetic-seeder
2026-09-04,202609,ENTR-VAS-BASELINE-0253,ENTR-VAS-BASELINE-0253-2,110253,VAS-MEDIA-02,미디어팩,Y,7700,A,2023-08-01,9999-12-31,Y,N,1130,37,디지털,,2026-09-04T23:00:00,synthetic-seeder
2026-09-04,202609,ENTR-VAS-BASELINE-0253,ENTR-VAS-BASELINE-0253-3,110253,VAS-RING-03,통화연결음,Y,1100,A,2023-08-01,9999-12-31,Y,N,1130,37,디지털,,2026-09-04T23:00:00,synthetic-seeder
2026-09-05,202609,ENTR-VAS-BASELINE-0254,ENTR-VAS-BASELINE-0254-1,110254,VAS-SAFE-01,스팸 차단,Y,3300,A,2023-08-01,9999-12-31,Y,N,1131,37,디지털,,2026-09-05T23:00:00,synthetic-seeder
2026-09-05,202609,ENTR-VAS-BASELINE-0254,ENTR-VAS-BASELINE-0254-2,110254,VAS-MEDIA-02,미디어팩,Y,7700,A,2023-08-01,9999-12-31,Y,N,1131,37,디지털,,2026-09-05T23:00:00,synthetic-seeder
2026-09-05,202609,ENTR-VAS-BASELINE-0254,ENTR-VAS-BASELINE-0254-3,110254,VAS-RING-03,통화연결음,Y,1100,A,2023-08-01,9999-12-31,Y,N,1131,37,디지털,,2026-09-05T23:00:00,synthetic-seeder
2026-09-06,202609,ENTR-VAS-BASELINE-0255,ENTR-VAS-BASELINE-0255-1,110255,VAS-SAFE-01,스팸 차단,Y,3300,A,2023-08-01,9999-12-31,Y,N,1132,37,디지털,,2026-09-06T23:00:00,synthetic-seeder
2026-09-06,202609,ENTR-VAS-BASELINE-0255,ENTR-VAS-BASELINE-0255-2,110255,VAS-MEDIA-02,미디어팩,Y,7700,A,2023-08-01,9999-12-31,Y,N,1132,37,디지털,,2026-09-06T23:00:00,synthetic-seeder
2026-09-06,202609,ENTR-VAS-BASELINE-0255,ENTR-VAS-BASELINE-0255-3,110255,VAS-RING-03,통화연결음,Y,1100,A,2023-08-01,9999-12-31,Y,N,1132,37,디지털,,2026-09-06T23:00:00,synthetic-seeder
2026-09-07,202609,ENTR-VAS-BASELINE-0256,ENTR-VAS-BASELINE-0256-1,110256,VAS-SAFE-01,스팸 차단,Y,3300,A,2023-08-01,9999-12-31,Y,N,1133,37,디지털,,2026-09-07T23:00:00,synthetic-seeder
2026-09-07,202609,ENTR-VAS-BASELINE-0256,ENTR-VAS-BASELINE-0256-2,110256,VAS-MEDIA-02,미디어팩,Y,7700,A,2023-08-01,9999-12-31,Y,N,1133,37,디지털,,2026-09-07T23:00:00,synthetic-seeder
2026-09-07,202609,ENTR-VAS-BASELINE-0256,ENTR-VAS-BASELINE-0256-3,110256,VAS-RING-03,통화연결음,Y,1100,A,2023-08-01,9999-12-31,Y,N,1133,37,디지털,,2026-09-07T23:00:00,synthetic-seeder
2026-09-08,202609,ENTR-VAS-BASELINE-0257,ENTR-VAS-BASELINE-0257-1,110257,VAS-SAFE-01,스팸 차단,Y,3300,A,2023-08-01,9999-12-31,Y,N,1134,37,디지털,,2026-09-08T23:00:00,synthetic-seeder
2026-09-08,202609,ENTR-VAS-BASELINE-0257,ENTR-VAS-BASELINE-0257-2,110257,VAS-MEDIA-02,미디어팩,Y,7700,A,2023-08-01,9999-12-31,Y,N,1134,37,디지털,,2026-09-08T23:00:00,synthetic-seeder
2026-09-08,202609,ENTR-VAS-BASELINE-0257,ENTR-VAS-BASELINE-0257-3,110257,VAS-RING-03,통화연결음,Y,1100,A,2023-08-01,9999-12-31,Y,N,1134,37,디지털,,2026-09-08T23:00:00,synthetic-seeder
2026-09-09,202609,ENTR-VAS-BASELINE-0258,ENTR-VAS-BASELINE-0258-1,110258,VAS-SAFE-01,스팸 차단,Y,3300,A,2023-08-01,9999-12-31,Y,N,1135,37,디지털,,2026-09-09T23:00:00,synthetic-seeder
2026-09-09,202609,ENTR-VAS-BASELINE-0258,ENTR-VAS-BASELINE-0258-2,110258,VAS-MEDIA-02,미디어팩,Y,7700,A,2023-08-01,9999-12-31,Y,N,1135,37,디지털,,2026-09-09T23:00:00,synthetic-seeder
2026-09-09,202609,ENTR-VAS-BASELINE-0258,ENTR-VAS-BASELINE-0258-3,110258,VAS-RING-03,통화연결음,Y,1100,A,2023-08-01,9999-12-31,Y,N,1135,37,디지털,,2026-09-09T23:00:00,synthetic-seeder
2026-09-10,202609,ENTR-VAS-BASELINE-0259,ENTR-VAS-BASELINE-0259-1,110259,VAS-SAFE-01,스팸 차단,Y,3300,A,2023-08-01,9999-12-31,Y,N,1136,37,디지털,,2026-09-10T23:00:00,synthetic-seeder
2026-09-10,202609,ENTR-VAS-BASELINE-0259,ENTR-VAS-BASELINE-0259-2,110259,VAS-MEDIA-02,미디어팩,Y,7700,A,2023-08-01,9999-12-31,Y,N,1136,37,디지털,,2026-09-10T23:00:00,synthetic-seeder
2026-09-10,202609,ENTR-VAS-BASELINE-0259,ENTR-VAS-BASELINE-0259-3,110259,VAS-RING-03,통화연결음,Y,1100,A,2023-08-01,9999-12-31,Y,N,1136,37,디지털,,2026-09-10T23:00:00,synthetic-seeder
2026-09-04,202609,ENTR-VAS-BASELINE-0260,ENTR-VAS-BASELINE-0260-1,110260,VAS-SAFE-01,스팸 차단,Y,3300,A,2023-08-01,9999-12-31,Y,N,1130,37,디지털,,2026-09-04T23:00:00,synthetic-seeder
2026-09-04,202609,ENTR-VAS-BASELINE-0260,ENTR-VAS-BASELINE-0260-2,110260,VAS-MEDIA-02,미디어팩,Y,7700,A,2023-08-01,9999-12-31,Y,N,1130,37,디지털,,2026-09-04T23:00:00,synthetic-seeder
2026-09-04,202609,ENTR-VAS-BASELINE-0260,ENTR-VAS-BASELINE-0260-3,110260,VAS-RING-03,통화연결음,Y,1100,A,2023-08-01,9999-12-31,Y,N,1130,37,디지털,,2026-09-04T23:00:00,synthetic-seeder
2026-09-05,202609,ENTR-VAS-BASELINE-0261,ENTR-VAS-BASELINE-0261-1,110261,VAS-SAFE-01,스팸 차단,Y,3300,A,2023-08-01,9999-12-31,Y,N,1131,37,디지털,,2026-09-05T23:00:00,synthetic-seeder
2026-09-05,202609,ENTR-VAS-BASELINE-0261,ENTR-VAS-BASELINE-0261-2,110261,VAS-MEDIA-02,미디어팩,Y,7700,A,2023-08-01,9999-12-31,Y,N,1131,37,디지털,,2026-09-05T23:00:00,synthetic-seeder
2026-09-05,202609,ENTR-VAS-BASELINE-0261,ENTR-VAS-BASELINE-0261-3,110261,VAS-RING-03,통화연결음,Y,1100,A,2023-08-01,9999-12-31,Y,N,1131,37,디지털,,2026-09-05T23:00:00,synthetic-seeder
2026-09-06,202609,ENTR-VAS-BASELINE-0262,ENTR-VAS-BASELINE-0262-1,110262,VAS-SAFE-01,스팸 차단,Y,3300,A,2023-08-01,9999-12-31,Y,N,1132,37,디지털,,2026-09-06T23:00:00,synthetic-seeder
2026-09-06,202609,ENTR-VAS-BASELINE-0262,ENTR-VAS-BASELINE-0262-2,110262,VAS-MEDIA-02,미디어팩,Y,7700,A,2023-08-01,9999-12-31,Y,N,1132,37,디지털,,2026-09-06T23:00:00,synthetic-seeder
2026-09-06,202609,ENTR-VAS-BASELINE-0262,ENTR-VAS-BASELINE-0262-3,110262,VAS-RING-03,통화연결음,Y,1100,A,2023-08-01,9999-12-31,Y,N,1132,37,디지털,,2026-09-06T23:00:00,synthetic-seeder
2026-09-07,202609,ENTR-VAS-BASELINE-0263,ENTR-VAS-BASELINE-0263-1,110263,VAS-SAFE-01,스팸 차단,Y,3300,A,2023-08-01,9999-12-31,Y,N,1133,37,디지털,,2026-09-07T23:00:00,synthetic-seeder
2026-09-07,202609,ENTR-VAS-BASELINE-0263,ENTR-VAS-BASELINE-0263-2,110263,VAS-MEDIA-02,미디어팩,Y,7700,A,2023-08-01,9999-12-31,Y,N,1133,37,디지털,,2026-09-07T23:00:00,synthetic-seeder
2026-09-07,202609,ENTR-VAS-BASELINE-0263,ENTR-VAS-BASELINE-0263-3,110263,VAS-RING-03,통화연결음,Y,1100,A,2023-08-01,9999-12-31,Y,N,1133,37,디지털,,2026-09-07T23:00:00,synthetic-seeder
2026-09-08,202609,ENTR-VAS-BASELINE-0264,ENTR-VAS-BASELINE-0264-1,110264,VAS-SAFE-01,스팸 차단,Y,3300,A,2023-08-01,9999-12-31,Y,N,1134,37,디지털,,2026-09-08T23:00:00,synthetic-seeder
2026-09-08,202609,ENTR-VAS-BASELINE-0264,ENTR-VAS-BASELINE-0264-2,110264,VAS-MEDIA-02,미디어팩,Y,7700,A,2023-08-01,9999-12-31,Y,N,1134,37,디지털,,2026-09-08T23:00:00,synthetic-seeder
2026-09-08,202609,ENTR-VAS-BASELINE-0264,ENTR-VAS-BASELINE-0264-3,110264,VAS-RING-03,통화연결음,Y,1100,A,2023-08-01,9999-12-31,Y,N,1134,37,디지털,,2026-09-08T23:00:00,synthetic-seeder
2026-09-09,202609,ENTR-VAS-BASELINE-0265,ENTR-VAS-BASELINE-0265-1,110265,VAS-SAFE-01,스팸 차단,Y,3300,A,2023-08-01,9999-12-31,Y,N,1135,37,디지털,,2026-09-09T23:00:00,synthetic-seeder
2026-09-09,202609,ENTR-VAS-BASELINE-0265,ENTR-VAS-BASELINE-0265-2,110265,VAS-MEDIA-02,미디어팩,Y,7700,A,2023-08-01,9999-12-31,Y,N,1135,37,디지털,,2026-09-09T23:00:00,synthetic-seeder
2026-09-09,202609,ENTR-VAS-BASELINE-0265,ENTR-VAS-BASELINE-0265-3,110265,VAS-RING-03,통화연결음,Y,1100,A,2023-08-01,9999-12-31,Y,N,1135,37,디지털,,2026-09-09T23:00:00,synthetic-seeder
2026-09-10,202609,ENTR-VAS-BASELINE-0266,ENTR-VAS-BASELINE-0266-1,110266,VAS-SAFE-01,스팸 차단,Y,3300,A,2023-08-01,9999-12-31,Y,N,1136,37,디지털,,2026-09-10T23:00:00,synthetic-seeder
2026-09-10,202609,ENTR-VAS-BASELINE-0266,ENTR-VAS-BASELINE-0266-2,110266,VAS-MEDIA-02,미디어팩,Y,7700,A,2023-08-01,9999-12-31,Y,N,1136,37,디지털,,2026-09-10T23:00:00,synthetic-seeder
2026-09-10,202609,ENTR-VAS-BASELINE-0266,ENTR-VAS-BASELINE-0266-3,110266,VAS-RING-03,통화연결음,Y,1100,A,2023-08-01,9999-12-31,Y,N,1136,37,디지털,,2026-09-10T23:00:00,synthetic-seeder
2026-09-04,202609,ENTR-VAS-BASELINE-0267,ENTR-VAS-BASELINE-0267-1,110267,VAS-SAFE-01,스팸 차단,Y,3300,A,2023-08-01,9999-12-31,Y,N,1130,37,디지털,,2026-09-04T23:00:00,synthetic-seeder
2026-09-04,202609,ENTR-VAS-BASELINE-0267,ENTR-VAS-BASELINE-0267-2,110267,VAS-MEDIA-02,미디어팩,Y,7700,A,2023-08-01,9999-12-31,Y,N,1130,37,디지털,,2026-09-04T23:00:00,synthetic-seeder
2026-09-04,202609,ENTR-VAS-BASELINE-0267,ENTR-VAS-BASELINE-0267-3,110267,VAS-RING-03,통화연결음,Y,1100,A,2023-08-01,9999-12-31,Y,N,1130,37,디지털,,2026-09-04T23:00:00,synthetic-seeder
2026-09-05,202609,ENTR-VAS-BASELINE-0268,ENTR-VAS-BASELINE-0268-1,110268,VAS-SAFE-01,스팸 차단,Y,3300,A,2023-08-01,9999-12-31,Y,N,1131,37,디지털,,2026-09-05T23:00:00,synthetic-seeder
2026-09-05,202609,ENTR-VAS-BASELINE-0268,ENTR-VAS-BASELINE-0268-2,110268,VAS-MEDIA-02,미디어팩,Y,7700,A,2023-08-01,9999-12-31,Y,N,1131,37,디지털,,2026-09-05T23:00:00,synthetic-seeder
2026-09-05,202609,ENTR-VAS-BASELINE-0268,ENTR-VAS-BASELINE-0268-3,110268,VAS-RING-03,통화연결음,Y,1100,A,2023-08-01,9999-12-31,Y,N,1131,37,디지털,,2026-09-05T23:00:00,synthetic-seeder
2026-09-06,202609,ENTR-VAS-BASELINE-0269,ENTR-VAS-BASELINE-0269-1,110269,VAS-SAFE-01,스팸 차단,Y,3300,A,2023-08-01,9999-12-31,Y,N,1132,37,디지털,,2026-09-06T23:00:00,synthetic-seeder
2026-09-06,202609,ENTR-VAS-BASELINE-0269,ENTR-VAS-BASELINE-0269-2,110269,VAS-MEDIA-02,미디어팩,Y,7700,A,2023-08-01,9999-12-31,Y,N,1132,37,디지털,,2026-09-06T23:00:00,synthetic-seeder
2026-09-06,202609,ENTR-VAS-BASELINE-0269,ENTR-VAS-BASELINE-0269-3,110269,VAS-RING-03,통화연결음,Y,1100,A,2023-08-01,9999-12-31,Y,N,1132,37,디지털,,2026-09-06T23:00:00,synthetic-seeder
2026-09-07,202609,ENTR-VAS-BASELINE-0270,ENTR-VAS-BASELINE-0270-1,110270,VAS-SAFE-01,스팸 차단,Y,3300,A,2023-08-01,9999-12-31,Y,N,1133,37,디지털,,2026-09-07T23:00:00,synthetic-seeder
2026-09-07,202609,ENTR-VAS-BASELINE-0270,ENTR-VAS-BASELINE-0270-2,110270,VAS-MEDIA-02,미디어팩,Y,7700,A,2023-08-01,9999-12-31,Y,N,1133,37,디지털,,2026-09-07T23:00:00,synthetic-seeder
2026-09-07,202609,ENTR-VAS-BASELINE-0270,ENTR-VAS-BASELINE-0270-3,110270,VAS-RING-03,통화연결음,Y,1100,A,2023-08-01,9999-12-31,Y,N,1133,37,디지털,,2026-09-07T23:00:00,synthetic-seeder
2026-09-08,202609,ENTR-VAS-BASELINE-0271,ENTR-VAS-BASELINE-0271-1,110271,VAS-SAFE-01,스팸 차단,Y,3300,A,2023-08-01,9999-12-31,Y,N,1134,37,디지털,,2026-09-08T23:00:00,synthetic-seeder
2026-09-08,202609,ENTR-VAS-BASELINE-0271,ENTR-VAS-BASELINE-0271-2,110271,VAS-MEDIA-02,미디어팩,Y,7700,A,2023-08-01,9999-12-31,Y,N,1134,37,디지털,,2026-09-08T23:00:00,synthetic-seeder
2026-09-08,202609,ENTR-VAS-BASELINE-0271,ENTR-VAS-BASELINE-0271-3,110271,VAS-RING-03,통화연결음,Y,1100,A,2023-08-01,9999-12-31,Y,N,1134,37,디지털,,2026-09-08T23:00:00,synthetic-seeder
2026-09-09,202609,ENTR-VAS-BASELINE-0272,ENTR-VAS-BASELINE-0272-1,110272,VAS-SAFE-01,스팸 차단,Y,3300,A,2023-08-01,9999-12-31,Y,N,1135,37,디지털,,2026-09-09T23:00:00,synthetic-seeder
2026-09-09,202609,ENTR-VAS-BASELINE-0272,ENTR-VAS-BASELINE-0272-2,110272,VAS-MEDIA-02,미디어팩,Y,7700,A,2023-08-01,9999-12-31,Y,N,1135,37,디지털,,2026-09-09T23:00:00,synthetic-seeder
2026-09-09,202609,ENTR-VAS-BASELINE-0272,ENTR-VAS-BASELINE-0272-3,110272,VAS-RING-03,통화연결음,Y,1100,A,2023-08-01,9999-12-31,Y,N,1135,37,디지털,,2026-09-09T23:00:00,synthetic-seeder
2026-09-10,202609,ENTR-VAS-BASELINE-0273,ENTR-VAS-BASELINE-0273-1,110273,VAS-SAFE-01,스팸 차단,Y,3300,A,2023-08-01,9999-12-31,Y,N,1136,37,디지털,,2026-09-10T23:00:00,synthetic-seeder
2026-09-10,202609,ENTR-VAS-BASELINE-0273,ENTR-VAS-BASELINE-0273-2,110273,VAS-MEDIA-02,미디어팩,Y,7700,A,2023-08-01,9999-12-31,Y,N,1136,37,디지털,,2026-09-10T23:00:00,synthetic-seeder
2026-09-10,202609,ENTR-VAS-BASELINE-0273,ENTR-VAS-BASELINE-0273-3,110273,VAS-RING-03,통화연결음,Y,1100,A,2023-08-01,9999-12-31,Y,N,1136,37,디지털,,2026-09-10T23:00:00,synthetic-seeder
2026-09-04,202609,ENTR-VAS-BASELINE-0274,ENTR-VAS-BASELINE-0274-1,110274,VAS-SAFE-01,스팸 차단,Y,3300,A,2023-08-01,9999-12-31,Y,N,1130,37,디지털,,2026-09-04T23:00:00,synthetic-seeder
2026-09-04,202609,ENTR-VAS-BASELINE-0274,ENTR-VAS-BASELINE-0274-2,110274,VAS-MEDIA-02,미디어팩,Y,7700,A,2023-08-01,9999-12-31,Y,N,1130,37,디지털,,2026-09-04T23:00:00,synthetic-seeder
2026-09-04,202609,ENTR-VAS-BASELINE-0274,ENTR-VAS-BASELINE-0274-3,110274,VAS-RING-03,통화연결음,Y,1100,A,2023-08-01,9999-12-31,Y,N,1130,37,디지털,,2026-09-04T23:00:00,synthetic-seeder
2026-09-05,202609,ENTR-VAS-BASELINE-0275,ENTR-VAS-BASELINE-0275-1,110275,VAS-SAFE-01,스팸 차단,Y,3300,A,2023-08-01,9999-12-31,Y,N,1131,37,디지털,,2026-09-05T23:00:00,synthetic-seeder
2026-09-05,202609,ENTR-VAS-BASELINE-0275,ENTR-VAS-BASELINE-0275-2,110275,VAS-MEDIA-02,미디어팩,Y,7700,A,2023-08-01,9999-12-31,Y,N,1131,37,디지털,,2026-09-05T23:00:00,synthetic-seeder
2026-09-05,202609,ENTR-VAS-BASELINE-0275,ENTR-VAS-BASELINE-0275-3,110275,VAS-RING-03,통화연결음,Y,1100,A,2023-08-01,9999-12-31,Y,N,1131,37,디지털,,2026-09-05T23:00:00,synthetic-seeder
2026-09-06,202609,ENTR-VAS-BASELINE-0276,ENTR-VAS-BASELINE-0276-1,110276,VAS-SAFE-01,스팸 차단,Y,3300,A,2023-08-01,9999-12-31,Y,N,1132,37,디지털,,2026-09-06T23:00:00,synthetic-seeder
2026-09-06,202609,ENTR-VAS-BASELINE-0276,ENTR-VAS-BASELINE-0276-2,110276,VAS-MEDIA-02,미디어팩,Y,7700,A,2023-08-01,9999-12-31,Y,N,1132,37,디지털,,2026-09-06T23:00:00,synthetic-seeder
2026-09-06,202609,ENTR-VAS-BASELINE-0276,ENTR-VAS-BASELINE-0276-3,110276,VAS-RING-03,통화연결음,Y,1100,A,2023-08-01,9999-12-31,Y,N,1132,37,디지털,,2026-09-06T23:00:00,synthetic-seeder
2026-09-07,202609,ENTR-VAS-BASELINE-0277,ENTR-VAS-BASELINE-0277-1,110277,VAS-SAFE-01,스팸 차단,Y,3300,A,2023-08-01,9999-12-31,Y,N,1133,37,디지털,,2026-09-07T23:00:00,synthetic-seeder
2026-09-07,202609,ENTR-VAS-BASELINE-0277,ENTR-VAS-BASELINE-0277-2,110277,VAS-MEDIA-02,미디어팩,Y,7700,A,2023-08-01,9999-12-31,Y,N,1133,37,디지털,,2026-09-07T23:00:00,synthetic-seeder
2026-09-07,202609,ENTR-VAS-BASELINE-0277,ENTR-VAS-BASELINE-0277-3,110277,VAS-RING-03,통화연결음,Y,1100,A,2023-08-01,9999-12-31,Y,N,1133,37,디지털,,2026-09-07T23:00:00,synthetic-seeder
2026-09-08,202609,ENTR-VAS-BASELINE-0278,ENTR-VAS-BASELINE-0278-1,110278,VAS-SAFE-01,스팸 차단,Y,3300,A,2023-08-01,9999-12-31,Y,N,1134,37,디지털,,2026-09-08T23:00:00,synthetic-seeder
2026-09-08,202609,ENTR-VAS-BASELINE-0278,ENTR-VAS-BASELINE-0278-2,110278,VAS-MEDIA-02,미디어팩,Y,7700,A,2023-08-01,9999-12-31,Y,N,1134,37,디지털,,2026-09-08T23:00:00,synthetic-seeder
2026-09-08,202609,ENTR-VAS-BASELINE-0278,ENTR-VAS-BASELINE-0278-3,110278,VAS-RING-03,통화연결음,Y,1100,A,2023-08-01,9999-12-31,Y,N,1134,37,디지털,,2026-09-08T23:00:00,synthetic-seeder
2026-09-09,202609,ENTR-VAS-BASELINE-0279,ENTR-VAS-BASELINE-0279-1,110279,VAS-SAFE-01,스팸 차단,Y,3300,A,2023-08-01,9999-12-31,Y,N,1135,37,디지털,,2026-09-09T23:00:00,synthetic-seeder
2026-09-09,202609,ENTR-VAS-BASELINE-0279,ENTR-VAS-BASELINE-0279-2,110279,VAS-MEDIA-02,미디어팩,Y,7700,A,2023-08-01,9999-12-31,Y,N,1135,37,디지털,,2026-09-09T23:00:00,synthetic-seeder
2026-09-09,202609,ENTR-VAS-BASELINE-0279,ENTR-VAS-BASELINE-0279-3,110279,VAS-RING-03,통화연결음,Y,1100,A,2023-08-01,9999-12-31,Y,N,1135,37,디지털,,2026-09-09T23:00:00,synthetic-seeder
2026-09-10,202609,ENTR-VAS-BASELINE-0280,ENTR-VAS-BASELINE-0280-1,110280,VAS-SAFE-01,스팸 차단,Y,3300,A,2023-08-01,9999-12-31,Y,N,1136,37,디지털,,2026-09-10T23:00:00,synthetic-seeder
2026-09-10,202609,ENTR-VAS-BASELINE-0280,ENTR-VAS-BASELINE-0280-2,110280,VAS-MEDIA-02,미디어팩,Y,7700,A,2023-08-01,9999-12-31,Y,N,1136,37,디지털,,2026-09-10T23:00:00,synthetic-seeder
2026-09-10,202609,ENTR-VAS-BASELINE-0280,ENTR-VAS-BASELINE-0280-3,110280,VAS-RING-03,통화연결음,Y,1100,A,2023-08-01,9999-12-31,Y,N,1136,37,디지털,,2026-09-10T23:00:00,synthetic-seeder
2026-09-04,202609,ENTR-VAS-BASELINE-0281,ENTR-VAS-BASELINE-0281-1,110281,VAS-SAFE-01,스팸 차단,Y,3300,A,2023-08-01,9999-12-31,Y,N,1130,37,디지털,,2026-09-04T23:00:00,synthetic-seeder
2026-09-04,202609,ENTR-VAS-BASELINE-0281,ENTR-VAS-BASELINE-0281-2,110281,VAS-MEDIA-02,미디어팩,Y,7700,A,2023-08-01,9999-12-31,Y,N,1130,37,디지털,,2026-09-04T23:00:00,synthetic-seeder
2026-09-04,202609,ENTR-VAS-BASELINE-0281,ENTR-VAS-BASELINE-0281-3,110281,VAS-RING-03,통화연결음,Y,1100,A,2023-08-01,9999-12-31,Y,N,1130,37,디지털,,2026-09-04T23:00:00,synthetic-seeder
2026-09-05,202609,ENTR-VAS-BASELINE-0282,ENTR-VAS-BASELINE-0282-1,110282,VAS-SAFE-01,스팸 차단,Y,3300,A,2023-08-01,9999-12-31,Y,N,1131,37,디지털,,2026-09-05T23:00:00,synthetic-seeder
2026-09-05,202609,ENTR-VAS-BASELINE-0282,ENTR-VAS-BASELINE-0282-2,110282,VAS-MEDIA-02,미디어팩,Y,7700,A,2023-08-01,9999-12-31,Y,N,1131,37,디지털,,2026-09-05T23:00:00,synthetic-seeder
2026-09-05,202609,ENTR-VAS-BASELINE-0282,ENTR-VAS-BASELINE-0282-3,110282,VAS-RING-03,통화연결음,Y,1100,A,2023-08-01,9999-12-31,Y,N,1131,37,디지털,,2026-09-05T23:00:00,synthetic-seeder
2026-09-06,202609,ENTR-VAS-BASELINE-0283,ENTR-VAS-BASELINE-0283-1,110283,VAS-SAFE-01,스팸 차단,Y,3300,A,2023-08-01,9999-12-31,Y,N,1132,37,디지털,,2026-09-06T23:00:00,synthetic-seeder
2026-09-06,202609,ENTR-VAS-BASELINE-0283,ENTR-VAS-BASELINE-0283-2,110283,VAS-MEDIA-02,미디어팩,Y,7700,A,2023-08-01,9999-12-31,Y,N,1132,37,디지털,,2026-09-06T23:00:00,synthetic-seeder
2026-09-06,202609,ENTR-VAS-BASELINE-0283,ENTR-VAS-BASELINE-0283-3,110283,VAS-RING-03,통화연결음,Y,1100,A,2023-08-01,9999-12-31,Y,N,1132,37,디지털,,2026-09-06T23:00:00,synthetic-seeder
2026-09-07,202609,ENTR-VAS-BASELINE-0284,ENTR-VAS-BASELINE-0284-1,110284,VAS-SAFE-01,스팸 차단,Y,3300,A,2023-08-01,9999-12-31,Y,N,1133,37,디지털,,2026-09-07T23:00:00,synthetic-seeder
2026-09-07,202609,ENTR-VAS-BASELINE-0284,ENTR-VAS-BASELINE-0284-2,110284,VAS-MEDIA-02,미디어팩,Y,7700,A,2023-08-01,9999-12-31,Y,N,1133,37,디지털,,2026-09-07T23:00:00,synthetic-seeder
2026-09-07,202609,ENTR-VAS-BASELINE-0284,ENTR-VAS-BASELINE-0284-3,110284,VAS-RING-03,통화연결음,Y,1100,A,2023-08-01,9999-12-31,Y,N,1133,37,디지털,,2026-09-07T23:00:00,synthetic-seeder
2026-09-08,202609,ENTR-VAS-BASELINE-0285,ENTR-VAS-BASELINE-0285-1,110285,VAS-SAFE-01,스팸 차단,Y,3300,A,2023-08-01,9999-12-31,Y,N,1134,37,디지털,,2026-09-08T23:00:00,synthetic-seeder
2026-09-08,202609,ENTR-VAS-BASELINE-0285,ENTR-VAS-BASELINE-0285-2,110285,VAS-MEDIA-02,미디어팩,Y,7700,A,2023-08-01,9999-12-31,Y,N,1134,37,디지털,,2026-09-08T23:00:00,synthetic-seeder
2026-09-08,202609,ENTR-VAS-BASELINE-0285,ENTR-VAS-BASELINE-0285-3,110285,VAS-RING-03,통화연결음,Y,1100,A,2023-08-01,9999-12-31,Y,N,1134,37,디지털,,2026-09-08T23:00:00,synthetic-seeder
2026-09-09,202609,ENTR-VAS-BASELINE-0286,ENTR-VAS-BASELINE-0286-1,110286,VAS-SAFE-01,스팸 차단,Y,3300,A,2023-08-01,9999-12-31,Y,N,1135,37,디지털,,2026-09-09T23:00:00,synthetic-seeder
2026-09-09,202609,ENTR-VAS-BASELINE-0286,ENTR-VAS-BASELINE-0286-2,110286,VAS-MEDIA-02,미디어팩,Y,7700,A,2023-08-01,9999-12-31,Y,N,1135,37,디지털,,2026-09-09T23:00:00,synthetic-seeder
2026-09-09,202609,ENTR-VAS-BASELINE-0286,ENTR-VAS-BASELINE-0286-3,110286,VAS-RING-03,통화연결음,Y,1100,A,2023-08-01,9999-12-31,Y,N,1135,37,디지털,,2026-09-09T23:00:00,synthetic-seeder
2026-09-10,202609,ENTR-VAS-BASELINE-0287,ENTR-VAS-BASELINE-0287-1,110287,VAS-SAFE-01,스팸 차단,Y,3300,A,2023-08-01,9999-12-31,Y,N,1136,37,디지털,,2026-09-10T23:00:00,synthetic-seeder
2026-09-10,202609,ENTR-VAS-BASELINE-0287,ENTR-VAS-BASELINE-0287-2,110287,VAS-MEDIA-02,미디어팩,Y,7700,A,2023-08-01,9999-12-31,Y,N,1136,37,디지털,,2026-09-10T23:00:00,synthetic-seeder
2026-09-10,202609,ENTR-VAS-BASELINE-0287,ENTR-VAS-BASELINE-0287-3,110287,VAS-RING-03,통화연결음,Y,1100,A,2023-08-01,9999-12-31,Y,N,1136,37,디지털,,2026-09-10T23:00:00,synthetic-seeder
2026-09-04,202609,ENTR-VAS-BASELINE-0288,ENTR-VAS-BASELINE-0288-1,110288,VAS-SAFE-01,스팸 차단,Y,3300,A,2023-08-01,9999-12-31,Y,N,1130,37,디지털,,2026-09-04T23:00:00,synthetic-seeder
2026-09-04,202609,ENTR-VAS-BASELINE-0288,ENTR-VAS-BASELINE-0288-2,110288,VAS-MEDIA-02,미디어팩,Y,7700,A,2023-08-01,9999-12-31,Y,N,1130,37,디지털,,2026-09-04T23:00:00,synthetic-seeder
2026-09-04,202609,ENTR-VAS-BASELINE-0288,ENTR-VAS-BASELINE-0288-3,110288,VAS-RING-03,통화연결음,Y,1100,A,2023-08-01,9999-12-31,Y,N,1130,37,디지털,,2026-09-04T23:00:00,synthetic-seeder
2026-09-05,202609,ENTR-VAS-BASELINE-0289,ENTR-VAS-BASELINE-0289-1,110289,VAS-SAFE-01,스팸 차단,Y,3300,A,2023-08-01,9999-12-31,Y,N,1131,37,디지털,,2026-09-05T23:00:00,synthetic-seeder
2026-09-05,202609,ENTR-VAS-BASELINE-0289,ENTR-VAS-BASELINE-0289-2,110289,VAS-MEDIA-02,미디어팩,Y,7700,A,2023-08-01,9999-12-31,Y,N,1131,37,디지털,,2026-09-05T23:00:00,synthetic-seeder
2026-09-05,202609,ENTR-VAS-BASELINE-0289,ENTR-VAS-BASELINE-0289-3,110289,VAS-RING-03,통화연결음,Y,1100,A,2023-08-01,9999-12-31,Y,N,1131,37,디지털,,2026-09-05T23:00:00,synthetic-seeder
2026-09-06,202609,ENTR-VAS-BASELINE-0290,ENTR-VAS-BASELINE-0290-1,110290,VAS-SAFE-01,스팸 차단,Y,3300,A,2023-08-01,9999-12-31,Y,N,1132,37,디지털,,2026-09-06T23:00:00,synthetic-seeder
2026-09-06,202609,ENTR-VAS-BASELINE-0290,ENTR-VAS-BASELINE-0290-2,110290,VAS-MEDIA-02,미디어팩,Y,7700,A,2023-08-01,9999-12-31,Y,N,1132,37,디지털,,2026-09-06T23:00:00,synthetic-seeder
2026-09-06,202609,ENTR-VAS-BASELINE-0290,ENTR-VAS-BASELINE-0290-3,110290,VAS-RING-03,통화연결음,Y,1100,A,2023-08-01,9999-12-31,Y,N,1132,37,디지털,,2026-09-06T23:00:00,synthetic-seeder
2026-09-07,202609,ENTR-VAS-BASELINE-0291,ENTR-VAS-BASELINE-0291-1,110291,VAS-SAFE-01,스팸 차단,Y,3300,A,2023-08-01,9999-12-31,Y,N,1133,37,디지털,,2026-09-07T23:00:00,synthetic-seeder
2026-09-07,202609,ENTR-VAS-BASELINE-0291,ENTR-VAS-BASELINE-0291-2,110291,VAS-MEDIA-02,미디어팩,Y,7700,A,2023-08-01,9999-12-31,Y,N,1133,37,디지털,,2026-09-07T23:00:00,synthetic-seeder
2026-09-07,202609,ENTR-VAS-BASELINE-0291,ENTR-VAS-BASELINE-0291-3,110291,VAS-RING-03,통화연결음,Y,1100,A,2023-08-01,9999-12-31,Y,N,1133,37,디지털,,2026-09-07T23:00:00,synthetic-seeder
2026-09-08,202609,ENTR-VAS-BASELINE-0292,ENTR-VAS-BASELINE-0292-1,110292,VAS-SAFE-01,스팸 차단,Y,3300,A,2023-08-01,9999-12-31,Y,N,1134,37,디지털,,2026-09-08T23:00:00,synthetic-seeder
2026-09-08,202609,ENTR-VAS-BASELINE-0292,ENTR-VAS-BASELINE-0292-2,110292,VAS-MEDIA-02,미디어팩,Y,7700,A,2023-08-01,9999-12-31,Y,N,1134,37,디지털,,2026-09-08T23:00:00,synthetic-seeder
2026-09-08,202609,ENTR-VAS-BASELINE-0292,ENTR-VAS-BASELINE-0292-3,110292,VAS-RING-03,통화연결음,Y,1100,A,2023-08-01,9999-12-31,Y,N,1134,37,디지털,,2026-09-08T23:00:00,synthetic-seeder
2026-09-09,202609,ENTR-VAS-BASELINE-0293,ENTR-VAS-BASELINE-0293-1,110293,VAS-SAFE-01,스팸 차단,Y,3300,A,2023-08-01,9999-12-31,Y,N,1135,37,디지털,,2026-09-09T23:00:00,synthetic-seeder
2026-09-09,202609,ENTR-VAS-BASELINE-0293,ENTR-VAS-BASELINE-0293-2,110293,VAS-MEDIA-02,미디어팩,Y,7700,A,2023-08-01,9999-12-31,Y,N,1135,37,디지털,,2026-09-09T23:00:00,synthetic-seeder
2026-09-09,202609,ENTR-VAS-BASELINE-0293,ENTR-VAS-BASELINE-0293-3,110293,VAS-RING-03,통화연결음,Y,1100,A,2023-08-01,9999-12-31,Y,N,1135,37,디지털,,2026-09-09T23:00:00,synthetic-seeder
2026-09-10,202609,ENTR-VAS-BASELINE-0294,ENTR-VAS-BASELINE-0294-1,110294,VAS-SAFE-01,스팸 차단,Y,3300,A,2023-08-01,9999-12-31,Y,N,1136,37,디지털,,2026-09-10T23:00:00,synthetic-seeder
2026-09-10,202609,ENTR-VAS-BASELINE-0294,ENTR-VAS-BASELINE-0294-2,110294,VAS-MEDIA-02,미디어팩,Y,7700,A,2023-08-01,9999-12-31,Y,N,1136,37,디지털,,2026-09-10T23:00:00,synthetic-seeder
2026-09-10,202609,ENTR-VAS-BASELINE-0294,ENTR-VAS-BASELINE-0294-3,110294,VAS-RING-03,통화연결음,Y,1100,A,2023-08-01,9999-12-31,Y,N,1136,37,디지털,,2026-09-10T23:00:00,synthetic-seeder
2026-09-04,202609,ENTR-VAS-BASELINE-0295,ENTR-VAS-BASELINE-0295-1,110295,VAS-SAFE-01,스팸 차단,Y,3300,A,2023-08-01,9999-12-31,Y,N,1130,37,디지털,,2026-09-04T23:00:00,synthetic-seeder
2026-09-04,202609,ENTR-VAS-BASELINE-0295,ENTR-VAS-BASELINE-0295-2,110295,VAS-MEDIA-02,미디어팩,Y,7700,A,2023-08-01,9999-12-31,Y,N,1130,37,디지털,,2026-09-04T23:00:00,synthetic-seeder
2026-09-04,202609,ENTR-VAS-BASELINE-0295,ENTR-VAS-BASELINE-0295-3,110295,VAS-RING-03,통화연결음,Y,1100,A,2023-08-01,9999-12-31,Y,N,1130,37,디지털,,2026-09-04T23:00:00,synthetic-seeder
2026-09-05,202609,ENTR-VAS-BASELINE-0296,ENTR-VAS-BASELINE-0296-1,110296,VAS-SAFE-01,스팸 차단,Y,3300,A,2023-08-01,9999-12-31,Y,N,1131,37,디지털,,2026-09-05T23:00:00,synthetic-seeder
2026-09-05,202609,ENTR-VAS-BASELINE-0296,ENTR-VAS-BASELINE-0296-2,110296,VAS-MEDIA-02,미디어팩,Y,7700,A,2023-08-01,9999-12-31,Y,N,1131,37,디지털,,2026-09-05T23:00:00,synthetic-seeder
2026-09-05,202609,ENTR-VAS-BASELINE-0296,ENTR-VAS-BASELINE-0296-3,110296,VAS-RING-03,통화연결음,Y,1100,A,2023-08-01,9999-12-31,Y,N,1131,37,디지털,,2026-09-05T23:00:00,synthetic-seeder
2026-09-06,202609,ENTR-VAS-BASELINE-0297,ENTR-VAS-BASELINE-0297-1,110297,VAS-SAFE-01,스팸 차단,Y,3300,A,2023-08-01,9999-12-31,Y,N,1132,37,디지털,,2026-09-06T23:00:00,synthetic-seeder
2026-09-06,202609,ENTR-VAS-BASELINE-0297,ENTR-VAS-BASELINE-0297-2,110297,VAS-MEDIA-02,미디어팩,Y,7700,A,2023-08-01,9999-12-31,Y,N,1132,37,디지털,,2026-09-06T23:00:00,synthetic-seeder
2026-09-06,202609,ENTR-VAS-BASELINE-0297,ENTR-VAS-BASELINE-0297-3,110297,VAS-RING-03,통화연결음,Y,1100,A,2023-08-01,9999-12-31,Y,N,1132,37,디지털,,2026-09-06T23:00:00,synthetic-seeder
2026-09-07,202609,ENTR-VAS-BASELINE-0298,ENTR-VAS-BASELINE-0298-1,110298,VAS-SAFE-01,스팸 차단,Y,3300,A,2023-08-01,9999-12-31,Y,N,1133,37,디지털,,2026-09-07T23:00:00,synthetic-seeder
2026-09-07,202609,ENTR-VAS-BASELINE-0298,ENTR-VAS-BASELINE-0298-2,110298,VAS-MEDIA-02,미디어팩,Y,7700,A,2023-08-01,9999-12-31,Y,N,1133,37,디지털,,2026-09-07T23:00:00,synthetic-seeder
2026-09-07,202609,ENTR-VAS-BASELINE-0298,ENTR-VAS-BASELINE-0298-3,110298,VAS-RING-03,통화연결음,Y,1100,A,2023-08-01,9999-12-31,Y,N,1133,37,디지털,,2026-09-07T23:00:00,synthetic-seeder
2026-09-08,202609,ENTR-VAS-BASELINE-0299,ENTR-VAS-BASELINE-0299-1,110299,VAS-SAFE-01,스팸 차단,Y,3300,A,2023-08-01,9999-12-31,Y,N,1134,37,디지털,,2026-09-08T23:00:00,synthetic-seeder
2026-09-08,202609,ENTR-VAS-BASELINE-0299,ENTR-VAS-BASELINE-0299-2,110299,VAS-MEDIA-02,미디어팩,Y,7700,A,2023-08-01,9999-12-31,Y,N,1134,37,디지털,,2026-09-08T23:00:00,synthetic-seeder
2026-09-08,202609,ENTR-VAS-BASELINE-0299,ENTR-VAS-BASELINE-0299-3,110299,VAS-RING-03,통화연결음,Y,1100,A,2023-08-01,9999-12-31,Y,N,1134,37,디지털,,2026-09-08T23:00:00,synthetic-seeder
2026-09-09,202609,ENTR-VAS-BASELINE-0300,ENTR-VAS-BASELINE-0300-1,110300,VAS-SAFE-01,스팸 차단,Y,3300,A,2023-08-01,9999-12-31,Y,N,1135,37,디지털,,2026-09-09T23:00:00,synthetic-seeder
2026-09-09,202609,ENTR-VAS-BASELINE-0300,ENTR-VAS-BASELINE-0300-2,110300,VAS-MEDIA-02,미디어팩,Y,7700,A,2023-08-01,9999-12-31,Y,N,1135,37,디지털,,2026-09-09T23:00:00,synthetic-seeder
2026-09-09,202609,ENTR-VAS-BASELINE-0300,ENTR-VAS-BASELINE-0300-3,110300,VAS-RING-03,통화연결음,Y,1100,A,2023-08-01,9999-12-31,Y,N,1135,37,디지털,,2026-09-09T23:00:00,synthetic-seeder
2026-09-10,202609,ENTR-VAS-BASELINE-0301,ENTR-VAS-BASELINE-0301-1,110301,VAS-SAFE-01,스팸 차단,Y,3300,A,2023-08-01,9999-12-31,Y,N,1136,37,디지털,,2026-09-10T23:00:00,synthetic-seeder
2026-09-10,202609,ENTR-VAS-BASELINE-0301,ENTR-VAS-BASELINE-0301-2,110301,VAS-MEDIA-02,미디어팩,Y,7700,A,2023-08-01,9999-12-31,Y,N,1136,37,디지털,,2026-09-10T23:00:00,synthetic-seeder
2026-09-10,202609,ENTR-VAS-BASELINE-0301,ENTR-VAS-BASELINE-0301-3,110301,VAS-RING-03,통화연결음,Y,1100,A,2023-08-01,9999-12-31,Y,N,1136,37,디지털,,2026-09-10T23:00:00,synthetic-seeder
2026-09-04,202609,ENTR-VAS-BASELINE-0302,ENTR-VAS-BASELINE-0302-1,110302,VAS-SAFE-01,스팸 차단,Y,3300,A,2023-08-01,9999-12-31,Y,N,1130,37,디지털,,2026-09-04T23:00:00,synthetic-seeder
2026-09-04,202609,ENTR-VAS-BASELINE-0302,ENTR-VAS-BASELINE-0302-2,110302,VAS-MEDIA-02,미디어팩,Y,7700,A,2023-08-01,9999-12-31,Y,N,1130,37,디지털,,2026-09-04T23:00:00,synthetic-seeder
2026-09-04,202609,ENTR-VAS-BASELINE-0302,ENTR-VAS-BASELINE-0302-3,110302,VAS-RING-03,통화연결음,Y,1100,A,2023-08-01,9999-12-31,Y,N,1130,37,디지털,,2026-09-04T23:00:00,synthetic-seeder
2026-09-05,202609,ENTR-VAS-BASELINE-0303,ENTR-VAS-BASELINE-0303-1,110303,VAS-SAFE-01,스팸 차단,Y,3300,A,2023-08-01,9999-12-31,Y,N,1131,37,디지털,,2026-09-05T23:00:00,synthetic-seeder
2026-09-05,202609,ENTR-VAS-BASELINE-0303,ENTR-VAS-BASELINE-0303-2,110303,VAS-MEDIA-02,미디어팩,Y,7700,A,2023-08-01,9999-12-31,Y,N,1131,37,디지털,,2026-09-05T23:00:00,synthetic-seeder
2026-09-05,202609,ENTR-VAS-BASELINE-0303,ENTR-VAS-BASELINE-0303-3,110303,VAS-RING-03,통화연결음,Y,1100,A,2023-08-01,9999-12-31,Y,N,1131,37,디지털,,2026-09-05T23:00:00,synthetic-seeder
2026-09-06,202609,ENTR-VAS-BASELINE-0304,ENTR-VAS-BASELINE-0304-1,110304,VAS-SAFE-01,스팸 차단,Y,3300,A,2023-08-01,9999-12-31,Y,N,1132,37,디지털,,2026-09-06T23:00:00,synthetic-seeder
2026-09-06,202609,ENTR-VAS-BASELINE-0304,ENTR-VAS-BASELINE-0304-2,110304,VAS-MEDIA-02,미디어팩,Y,7700,A,2023-08-01,9999-12-31,Y,N,1132,37,디지털,,2026-09-06T23:00:00,synthetic-seeder
2026-09-06,202609,ENTR-VAS-BASELINE-0304,ENTR-VAS-BASELINE-0304-3,110304,VAS-RING-03,통화연결음,Y,1100,A,2023-08-01,9999-12-31,Y,N,1132,37,디지털,,2026-09-06T23:00:00,synthetic-seeder
2026-09-07,202609,ENTR-VAS-BASELINE-0305,ENTR-VAS-BASELINE-0305-1,110305,VAS-SAFE-01,스팸 차단,Y,3300,A,2023-08-01,9999-12-31,Y,N,1133,37,디지털,,2026-09-07T23:00:00,synthetic-seeder
2026-09-07,202609,ENTR-VAS-BASELINE-0305,ENTR-VAS-BASELINE-0305-2,110305,VAS-MEDIA-02,미디어팩,Y,7700,A,2023-08-01,9999-12-31,Y,N,1133,37,디지털,,2026-09-07T23:00:00,synthetic-seeder
2026-09-07,202609,ENTR-VAS-BASELINE-0305,ENTR-VAS-BASELINE-0305-3,110305,VAS-RING-03,통화연결음,Y,1100,A,2023-08-01,9999-12-31,Y,N,1133,37,디지털,,2026-09-07T23:00:00,synthetic-seeder
2026-09-08,202609,ENTR-VAS-BASELINE-0306,ENTR-VAS-BASELINE-0306-1,110306,VAS-SAFE-01,스팸 차단,Y,3300,A,2023-08-01,9999-12-31,Y,N,1134,37,디지털,,2026-09-08T23:00:00,synthetic-seeder
2026-09-08,202609,ENTR-VAS-BASELINE-0306,ENTR-VAS-BASELINE-0306-2,110306,VAS-MEDIA-02,미디어팩,Y,7700,A,2023-08-01,9999-12-31,Y,N,1134,37,디지털,,2026-09-08T23:00:00,synthetic-seeder
2026-09-08,202609,ENTR-VAS-BASELINE-0306,ENTR-VAS-BASELINE-0306-3,110306,VAS-RING-03,통화연결음,Y,1100,A,2023-08-01,9999-12-31,Y,N,1134,37,디지털,,2026-09-08T23:00:00,synthetic-seeder
2026-09-09,202609,ENTR-VAS-BASELINE-0307,ENTR-VAS-BASELINE-0307-1,110307,VAS-SAFE-01,스팸 차단,Y,3300,A,2023-08-01,9999-12-31,Y,N,1135,37,디지털,,2026-09-09T23:00:00,synthetic-seeder
2026-09-09,202609,ENTR-VAS-BASELINE-0307,ENTR-VAS-BASELINE-0307-2,110307,VAS-MEDIA-02,미디어팩,Y,7700,A,2023-08-01,9999-12-31,Y,N,1135,37,디지털,,2026-09-09T23:00:00,synthetic-seeder
2026-09-09,202609,ENTR-VAS-BASELINE-0307,ENTR-VAS-BASELINE-0307-3,110307,VAS-RING-03,통화연결음,Y,1100,A,2023-08-01,9999-12-31,Y,N,1135,37,디지털,,2026-09-09T23:00:00,synthetic-seeder
2026-09-10,202609,ENTR-VAS-BASELINE-0308,ENTR-VAS-BASELINE-0308-1,110308,VAS-SAFE-01,스팸 차단,Y,3300,A,2023-08-01,9999-12-31,Y,N,1136,37,디지털,,2026-09-10T23:00:00,synthetic-seeder
2026-09-10,202609,ENTR-VAS-BASELINE-0308,ENTR-VAS-BASELINE-0308-2,110308,VAS-MEDIA-02,미디어팩,Y,7700,A,2023-08-01,9999-12-31,Y,N,1136,37,디지털,,2026-09-10T23:00:00,synthetic-seeder
2026-09-10,202609,ENTR-VAS-BASELINE-0308,ENTR-VAS-BASELINE-0308-3,110308,VAS-RING-03,통화연결음,Y,1100,A,2023-08-01,9999-12-31,Y,N,1136,37,디지털,,2026-09-10T23:00:00,synthetic-seeder
2026-09-04,202609,ENTR-VAS-BASELINE-0309,ENTR-VAS-BASELINE-0309-1,110309,VAS-SAFE-01,스팸 차단,Y,3300,A,2023-08-01,9999-12-31,Y,N,1130,37,디지털,,2026-09-04T23:00:00,synthetic-seeder
2026-09-04,202609,ENTR-VAS-BASELINE-0309,ENTR-VAS-BASELINE-0309-2,110309,VAS-MEDIA-02,미디어팩,Y,7700,A,2023-08-01,9999-12-31,Y,N,1130,37,디지털,,2026-09-04T23:00:00,synthetic-seeder
2026-09-04,202609,ENTR-VAS-BASELINE-0309,ENTR-VAS-BASELINE-0309-3,110309,VAS-RING-03,통화연결음,Y,1100,A,2023-08-01,9999-12-31,Y,N,1130,37,디지털,,2026-09-04T23:00:00,synthetic-seeder
2026-09-05,202609,ENTR-VAS-BASELINE-0310,ENTR-VAS-BASELINE-0310-1,110310,VAS-SAFE-01,스팸 차단,Y,3300,A,2023-08-01,9999-12-31,Y,N,1131,37,디지털,,2026-09-05T23:00:00,synthetic-seeder
2026-09-05,202609,ENTR-VAS-BASELINE-0310,ENTR-VAS-BASELINE-0310-2,110310,VAS-MEDIA-02,미디어팩,Y,7700,A,2023-08-01,9999-12-31,Y,N,1131,37,디지털,,2026-09-05T23:00:00,synthetic-seeder
2026-09-05,202609,ENTR-VAS-BASELINE-0310,ENTR-VAS-BASELINE-0310-3,110310,VAS-RING-03,통화연결음,Y,1100,A,2023-08-01,9999-12-31,Y,N,1131,37,디지털,,2026-09-05T23:00:00,synthetic-seeder
2026-09-06,202609,ENTR-VAS-BASELINE-0311,ENTR-VAS-BASELINE-0311-1,110311,VAS-SAFE-01,스팸 차단,Y,3300,A,2023-08-01,9999-12-31,Y,N,1132,37,디지털,,2026-09-06T23:00:00,synthetic-seeder
2026-09-06,202609,ENTR-VAS-BASELINE-0311,ENTR-VAS-BASELINE-0311-2,110311,VAS-MEDIA-02,미디어팩,Y,7700,A,2023-08-01,9999-12-31,Y,N,1132,37,디지털,,2026-09-06T23:00:00,synthetic-seeder
2026-09-06,202609,ENTR-VAS-BASELINE-0311,ENTR-VAS-BASELINE-0311-3,110311,VAS-RING-03,통화연결음,Y,1100,A,2023-08-01,9999-12-31,Y,N,1132,37,디지털,,2026-09-06T23:00:00,synthetic-seeder
2026-09-07,202609,ENTR-VAS-BASELINE-0312,ENTR-VAS-BASELINE-0312-1,110312,VAS-SAFE-01,스팸 차단,Y,3300,A,2023-08-01,9999-12-31,Y,N,1133,37,디지털,,2026-09-07T23:00:00,synthetic-seeder
2026-09-07,202609,ENTR-VAS-BASELINE-0312,ENTR-VAS-BASELINE-0312-2,110312,VAS-MEDIA-02,미디어팩,Y,7700,A,2023-08-01,9999-12-31,Y,N,1133,37,디지털,,2026-09-07T23:00:00,synthetic-seeder
2026-09-07,202609,ENTR-VAS-BASELINE-0312,ENTR-VAS-BASELINE-0312-3,110312,VAS-RING-03,통화연결음,Y,1100,A,2023-08-01,9999-12-31,Y,N,1133,37,디지털,,2026-09-07T23:00:00,synthetic-seeder
2026-09-08,202609,ENTR-VAS-BASELINE-0313,ENTR-VAS-BASELINE-0313-1,110313,VAS-SAFE-01,스팸 차단,Y,3300,A,2023-08-01,9999-12-31,Y,N,1134,37,디지털,,2026-09-08T23:00:00,synthetic-seeder
2026-09-08,202609,ENTR-VAS-BASELINE-0313,ENTR-VAS-BASELINE-0313-2,110313,VAS-MEDIA-02,미디어팩,Y,7700,A,2023-08-01,9999-12-31,Y,N,1134,37,디지털,,2026-09-08T23:00:00,synthetic-seeder
2026-09-08,202609,ENTR-VAS-BASELINE-0313,ENTR-VAS-BASELINE-0313-3,110313,VAS-RING-03,통화연결음,Y,1100,A,2023-08-01,9999-12-31,Y,N,1134,37,디지털,,2026-09-08T23:00:00,synthetic-seeder
2026-09-09,202609,ENTR-VAS-BASELINE-0314,ENTR-VAS-BASELINE-0314-1,110314,VAS-SAFE-01,스팸 차단,Y,3300,A,2023-08-01,9999-12-31,Y,N,1135,37,디지털,,2026-09-09T23:00:00,synthetic-seeder
2026-09-09,202609,ENTR-VAS-BASELINE-0314,ENTR-VAS-BASELINE-0314-2,110314,VAS-MEDIA-02,미디어팩,Y,7700,A,2023-08-01,9999-12-31,Y,N,1135,37,디지털,,2026-09-09T23:00:00,synthetic-seeder
2026-09-09,202609,ENTR-VAS-BASELINE-0314,ENTR-VAS-BASELINE-0314-3,110314,VAS-RING-03,통화연결음,Y,1100,A,2023-08-01,9999-12-31,Y,N,1135,37,디지털,,2026-09-09T23:00:00,synthetic-seeder
2026-09-10,202609,ENTR-VAS-BASELINE-0315,ENTR-VAS-BASELINE-0315-1,110315,VAS-SAFE-01,스팸 차단,Y,3300,A,2023-08-01,9999-12-31,Y,N,1136,37,디지털,,2026-09-10T23:00:00,synthetic-seeder
2026-09-10,202609,ENTR-VAS-BASELINE-0315,ENTR-VAS-BASELINE-0315-2,110315,VAS-MEDIA-02,미디어팩,Y,7700,A,2023-08-01,9999-12-31,Y,N,1136,37,디지털,,2026-09-10T23:00:00,synthetic-seeder
2026-09-10,202609,ENTR-VAS-BASELINE-0315,ENTR-VAS-BASELINE-0315-3,110315,VAS-RING-03,통화연결음,Y,1100,A,2023-08-01,9999-12-31,Y,N,1136,37,디지털,,2026-09-10T23:00:00,synthetic-seeder
2026-09-04,202609,ENTR-VAS-BASELINE-0316,ENTR-VAS-BASELINE-0316-1,110316,VAS-SAFE-01,스팸 차단,Y,3300,A,2023-08-01,9999-12-31,Y,N,1130,37,디지털,,2026-09-04T23:00:00,synthetic-seeder
2026-09-04,202609,ENTR-VAS-BASELINE-0316,ENTR-VAS-BASELINE-0316-2,110316,VAS-MEDIA-02,미디어팩,Y,7700,A,2023-08-01,9999-12-31,Y,N,1130,37,디지털,,2026-09-04T23:00:00,synthetic-seeder
2026-09-04,202609,ENTR-VAS-BASELINE-0316,ENTR-VAS-BASELINE-0316-3,110316,VAS-RING-03,통화연결음,Y,1100,A,2023-08-01,9999-12-31,Y,N,1130,37,디지털,,2026-09-04T23:00:00,synthetic-seeder
2026-09-05,202609,ENTR-VAS-BASELINE-0317,ENTR-VAS-BASELINE-0317-1,110317,VAS-SAFE-01,스팸 차단,Y,3300,A,2023-08-01,9999-12-31,Y,N,1131,37,디지털,,2026-09-05T23:00:00,synthetic-seeder
2026-09-05,202609,ENTR-VAS-BASELINE-0317,ENTR-VAS-BASELINE-0317-2,110317,VAS-MEDIA-02,미디어팩,Y,7700,A,2023-08-01,9999-12-31,Y,N,1131,37,디지털,,2026-09-05T23:00:00,synthetic-seeder
2026-09-05,202609,ENTR-VAS-BASELINE-0317,ENTR-VAS-BASELINE-0317-3,110317,VAS-RING-03,통화연결음,Y,1100,A,2023-08-01,9999-12-31,Y,N,1131,37,디지털,,2026-09-05T23:00:00,synthetic-seeder
2026-09-06,202609,ENTR-VAS-BASELINE-0318,ENTR-VAS-BASELINE-0318-1,110318,VAS-SAFE-01,스팸 차단,Y,3300,A,2023-08-01,9999-12-31,Y,N,1132,37,디지털,,2026-09-06T23:00:00,synthetic-seeder
2026-09-06,202609,ENTR-VAS-BASELINE-0318,ENTR-VAS-BASELINE-0318-2,110318,VAS-MEDIA-02,미디어팩,Y,7700,A,2023-08-01,9999-12-31,Y,N,1132,37,디지털,,2026-09-06T23:00:00,synthetic-seeder
2026-09-06,202609,ENTR-VAS-BASELINE-0318,ENTR-VAS-BASELINE-0318-3,110318,VAS-RING-03,통화연결음,Y,1100,A,2023-08-01,9999-12-31,Y,N,1132,37,디지털,,2026-09-06T23:00:00,synthetic-seeder
2026-09-07,202609,ENTR-VAS-BASELINE-0319,ENTR-VAS-BASELINE-0319-1,110319,VAS-SAFE-01,스팸 차단,Y,3300,A,2023-08-01,9999-12-31,Y,N,1133,37,디지털,,2026-09-07T23:00:00,synthetic-seeder
2026-09-07,202609,ENTR-VAS-BASELINE-0319,ENTR-VAS-BASELINE-0319-2,110319,VAS-MEDIA-02,미디어팩,Y,7700,A,2023-08-01,9999-12-31,Y,N,1133,37,디지털,,2026-09-07T23:00:00,synthetic-seeder
2026-09-07,202609,ENTR-VAS-BASELINE-0319,ENTR-VAS-BASELINE-0319-3,110319,VAS-RING-03,통화연결음,Y,1100,A,2023-08-01,9999-12-31,Y,N,1133,37,디지털,,2026-09-07T23:00:00,synthetic-seeder
2026-09-08,202609,ENTR-VAS-BASELINE-0320,ENTR-VAS-BASELINE-0320-1,110320,VAS-SAFE-01,스팸 차단,Y,3300,A,2023-08-01,9999-12-31,Y,N,1134,37,디지털,,2026-09-08T23:00:00,synthetic-seeder
2026-09-08,202609,ENTR-VAS-BASELINE-0320,ENTR-VAS-BASELINE-0320-2,110320,VAS-MEDIA-02,미디어팩,Y,7700,A,2023-08-01,9999-12-31,Y,N,1134,37,디지털,,2026-09-08T23:00:00,synthetic-seeder
2026-09-08,202609,ENTR-VAS-BASELINE-0320,ENTR-VAS-BASELINE-0320-3,110320,VAS-RING-03,통화연결음,Y,1100,A,2023-08-01,9999-12-31,Y,N,1134,37,디지털,,2026-09-08T23:00:00,synthetic-seeder
2026-09-09,202609,ENTR-VAS-BASELINE-0321,ENTR-VAS-BASELINE-0321-1,110321,VAS-SAFE-01,스팸 차단,Y,3300,A,2023-08-01,9999-12-31,Y,N,1135,37,디지털,,2026-09-09T23:00:00,synthetic-seeder
2026-09-09,202609,ENTR-VAS-BASELINE-0321,ENTR-VAS-BASELINE-0321-2,110321,VAS-MEDIA-02,미디어팩,Y,7700,A,2023-08-01,9999-12-31,Y,N,1135,37,디지털,,2026-09-09T23:00:00,synthetic-seeder
2026-09-09,202609,ENTR-VAS-BASELINE-0321,ENTR-VAS-BASELINE-0321-3,110321,VAS-RING-03,통화연결음,Y,1100,A,2023-08-01,9999-12-31,Y,N,1135,37,디지털,,2026-09-09T23:00:00,synthetic-seeder
2026-09-10,202609,ENTR-VAS-BASELINE-0322,ENTR-VAS-BASELINE-0322-1,110322,VAS-SAFE-01,스팸 차단,Y,3300,A,2023-08-01,9999-12-31,Y,N,1136,37,디지털,,2026-09-10T23:00:00,synthetic-seeder
2026-09-10,202609,ENTR-VAS-BASELINE-0322,ENTR-VAS-BASELINE-0322-2,110322,VAS-MEDIA-02,미디어팩,Y,7700,A,2023-08-01,9999-12-31,Y,N,1136,37,디지털,,2026-09-10T23:00:00,synthetic-seeder
2026-09-10,202609,ENTR-VAS-BASELINE-0322,ENTR-VAS-BASELINE-0322-3,110322,VAS-RING-03,통화연결음,Y,1100,A,2023-08-01,9999-12-31,Y,N,1136,37,디지털,,2026-09-10T23:00:00,synthetic-seeder
2026-09-04,202609,ENTR-VAS-BASELINE-0323,ENTR-VAS-BASELINE-0323-1,110323,VAS-SAFE-01,스팸 차단,Y,3300,A,2023-08-01,9999-12-31,Y,N,1130,37,디지털,,2026-09-04T23:00:00,synthetic-seeder
2026-09-04,202609,ENTR-VAS-BASELINE-0323,ENTR-VAS-BASELINE-0323-2,110323,VAS-MEDIA-02,미디어팩,Y,7700,A,2023-08-01,9999-12-31,Y,N,1130,37,디지털,,2026-09-04T23:00:00,synthetic-seeder
2026-09-04,202609,ENTR-VAS-BASELINE-0323,ENTR-VAS-BASELINE-0323-3,110323,VAS-RING-03,통화연결음,Y,1100,A,2023-08-01,9999-12-31,Y,N,1130,37,디지털,,2026-09-04T23:00:00,synthetic-seeder
2026-09-05,202609,ENTR-VAS-BASELINE-0324,ENTR-VAS-BASELINE-0324-1,110324,VAS-SAFE-01,스팸 차단,Y,3300,A,2023-08-01,9999-12-31,Y,N,1131,37,디지털,,2026-09-05T23:00:00,synthetic-seeder
2026-09-05,202609,ENTR-VAS-BASELINE-0324,ENTR-VAS-BASELINE-0324-2,110324,VAS-MEDIA-02,미디어팩,Y,7700,A,2023-08-01,9999-12-31,Y,N,1131,37,디지털,,2026-09-05T23:00:00,synthetic-seeder
2026-09-05,202609,ENTR-VAS-BASELINE-0324,ENTR-VAS-BASELINE-0324-3,110324,VAS-RING-03,통화연결음,Y,1100,A,2023-08-01,9999-12-31,Y,N,1131,37,디지털,,2026-09-05T23:00:00,synthetic-seeder
2026-09-06,202609,ENTR-VAS-BASELINE-0325,ENTR-VAS-BASELINE-0325-1,110325,VAS-SAFE-01,스팸 차단,Y,3300,A,2023-08-01,9999-12-31,Y,N,1132,37,디지털,,2026-09-06T23:00:00,synthetic-seeder
2026-09-06,202609,ENTR-VAS-BASELINE-0325,ENTR-VAS-BASELINE-0325-2,110325,VAS-MEDIA-02,미디어팩,Y,7700,A,2023-08-01,9999-12-31,Y,N,1132,37,디지털,,2026-09-06T23:00:00,synthetic-seeder
2026-09-06,202609,ENTR-VAS-BASELINE-0325,ENTR-VAS-BASELINE-0325-3,110325,VAS-RING-03,통화연결음,Y,1100,A,2023-08-01,9999-12-31,Y,N,1132,37,디지털,,2026-09-06T23:00:00,synthetic-seeder
2026-09-07,202609,ENTR-VAS-BASELINE-0326,ENTR-VAS-BASELINE-0326-1,110326,VAS-SAFE-01,스팸 차단,Y,3300,A,2023-08-01,9999-12-31,Y,N,1133,37,디지털,,2026-09-07T23:00:00,synthetic-seeder
2026-09-07,202609,ENTR-VAS-BASELINE-0326,ENTR-VAS-BASELINE-0326-2,110326,VAS-MEDIA-02,미디어팩,Y,7700,A,2023-08-01,9999-12-31,Y,N,1133,37,디지털,,2026-09-07T23:00:00,synthetic-seeder
2026-09-07,202609,ENTR-VAS-BASELINE-0326,ENTR-VAS-BASELINE-0326-3,110326,VAS-RING-03,통화연결음,Y,1100,A,2023-08-01,9999-12-31,Y,N,1133,37,디지털,,2026-09-07T23:00:00,synthetic-seeder
2026-09-08,202609,ENTR-VAS-BASELINE-0327,ENTR-VAS-BASELINE-0327-1,110327,VAS-SAFE-01,스팸 차단,Y,3300,A,2023-08-01,9999-12-31,Y,N,1134,37,디지털,,2026-09-08T23:00:00,synthetic-seeder
2026-09-08,202609,ENTR-VAS-BASELINE-0327,ENTR-VAS-BASELINE-0327-2,110327,VAS-MEDIA-02,미디어팩,Y,7700,A,2023-08-01,9999-12-31,Y,N,1134,37,디지털,,2026-09-08T23:00:00,synthetic-seeder
2026-09-08,202609,ENTR-VAS-BASELINE-0327,ENTR-VAS-BASELINE-0327-3,110327,VAS-RING-03,통화연결음,Y,1100,A,2023-08-01,9999-12-31,Y,N,1134,37,디지털,,2026-09-08T23:00:00,synthetic-seeder
2026-09-09,202609,ENTR-VAS-BASELINE-0328,ENTR-VAS-BASELINE-0328-1,110328,VAS-SAFE-01,스팸 차단,Y,3300,A,2023-08-01,9999-12-31,Y,N,1135,37,디지털,,2026-09-09T23:00:00,synthetic-seeder
2026-09-09,202609,ENTR-VAS-BASELINE-0328,ENTR-VAS-BASELINE-0328-2,110328,VAS-MEDIA-02,미디어팩,Y,7700,A,2023-08-01,9999-12-31,Y,N,1135,37,디지털,,2026-09-09T23:00:00,synthetic-seeder
2026-09-09,202609,ENTR-VAS-BASELINE-0328,ENTR-VAS-BASELINE-0328-3,110328,VAS-RING-03,통화연결음,Y,1100,A,2023-08-01,9999-12-31,Y,N,1135,37,디지털,,2026-09-09T23:00:00,synthetic-seeder
2026-09-10,202609,ENTR-VAS-BASELINE-0329,ENTR-VAS-BASELINE-0329-1,110329,VAS-SAFE-01,스팸 차단,Y,3300,A,2023-08-01,9999-12-31,Y,N,1136,37,디지털,,2026-09-10T23:00:00,synthetic-seeder
2026-09-10,202609,ENTR-VAS-BASELINE-0329,ENTR-VAS-BASELINE-0329-2,110329,VAS-MEDIA-02,미디어팩,Y,7700,A,2023-08-01,9999-12-31,Y,N,1136,37,디지털,,2026-09-10T23:00:00,synthetic-seeder
2026-09-10,202609,ENTR-VAS-BASELINE-0329,ENTR-VAS-BASELINE-0329-3,110329,VAS-RING-03,통화연결음,Y,1100,A,2023-08-01,9999-12-31,Y,N,1136,37,디지털,,2026-09-10T23:00:00,synthetic-seeder
2026-09-04,202609,ENTR-VAS-BASELINE-0330,ENTR-VAS-BASELINE-0330-1,110330,VAS-SAFE-01,스팸 차단,Y,3300,A,2023-08-01,9999-12-31,Y,N,1130,37,디지털,,2026-09-04T23:00:00,synthetic-seeder
2026-09-04,202609,ENTR-VAS-BASELINE-0330,ENTR-VAS-BASELINE-0330-2,110330,VAS-MEDIA-02,미디어팩,Y,7700,A,2023-08-01,9999-12-31,Y,N,1130,37,디지털,,2026-09-04T23:00:00,synthetic-seeder
2026-09-04,202609,ENTR-VAS-BASELINE-0330,ENTR-VAS-BASELINE-0330-3,110330,VAS-RING-03,통화연결음,Y,1100,A,2023-08-01,9999-12-31,Y,N,1130,37,디지털,,2026-09-04T23:00:00,synthetic-seeder
2026-09-05,202609,ENTR-VAS-BASELINE-0331,ENTR-VAS-BASELINE-0331-1,110331,VAS-SAFE-01,스팸 차단,Y,3300,A,2023-08-01,9999-12-31,Y,N,1131,37,디지털,,2026-09-05T23:00:00,synthetic-seeder
2026-09-05,202609,ENTR-VAS-BASELINE-0331,ENTR-VAS-BASELINE-0331-2,110331,VAS-MEDIA-02,미디어팩,Y,7700,A,2023-08-01,9999-12-31,Y,N,1131,37,디지털,,2026-09-05T23:00:00,synthetic-seeder
2026-09-05,202609,ENTR-VAS-BASELINE-0331,ENTR-VAS-BASELINE-0331-3,110331,VAS-RING-03,통화연결음,Y,1100,A,2023-08-01,9999-12-31,Y,N,1131,37,디지털,,2026-09-05T23:00:00,synthetic-seeder
2026-09-06,202609,ENTR-VAS-BASELINE-0332,ENTR-VAS-BASELINE-0332-1,110332,VAS-SAFE-01,스팸 차단,Y,3300,A,2023-08-01,9999-12-31,Y,N,1132,37,디지털,,2026-09-06T23:00:00,synthetic-seeder
2026-09-06,202609,ENTR-VAS-BASELINE-0332,ENTR-VAS-BASELINE-0332-2,110332,VAS-MEDIA-02,미디어팩,Y,7700,A,2023-08-01,9999-12-31,Y,N,1132,37,디지털,,2026-09-06T23:00:00,synthetic-seeder
2026-09-06,202609,ENTR-VAS-BASELINE-0332,ENTR-VAS-BASELINE-0332-3,110332,VAS-RING-03,통화연결음,Y,1100,A,2023-08-01,9999-12-31,Y,N,1132,37,디지털,,2026-09-06T23:00:00,synthetic-seeder
2026-09-07,202609,ENTR-VAS-BASELINE-0333,ENTR-VAS-BASELINE-0333-1,110333,VAS-SAFE-01,스팸 차단,Y,3300,A,2023-08-01,9999-12-31,Y,N,1133,37,디지털,,2026-09-07T23:00:00,synthetic-seeder
2026-09-07,202609,ENTR-VAS-BASELINE-0333,ENTR-VAS-BASELINE-0333-2,110333,VAS-MEDIA-02,미디어팩,Y,7700,A,2023-08-01,9999-12-31,Y,N,1133,37,디지털,,2026-09-07T23:00:00,synthetic-seeder
2026-09-07,202609,ENTR-VAS-BASELINE-0333,ENTR-VAS-BASELINE-0333-3,110333,VAS-RING-03,통화연결음,Y,1100,A,2023-08-01,9999-12-31,Y,N,1133,37,디지털,,2026-09-07T23:00:00,synthetic-seeder
2026-09-08,202609,ENTR-VAS-BASELINE-0334,ENTR-VAS-BASELINE-0334-1,110334,VAS-SAFE-01,스팸 차단,Y,3300,A,2023-08-01,9999-12-31,Y,N,1134,37,디지털,,2026-09-08T23:00:00,synthetic-seeder
2026-09-08,202609,ENTR-VAS-BASELINE-0334,ENTR-VAS-BASELINE-0334-2,110334,VAS-MEDIA-02,미디어팩,Y,7700,A,2023-08-01,9999-12-31,Y,N,1134,37,디지털,,2026-09-08T23:00:00,synthetic-seeder
2026-09-08,202609,ENTR-VAS-BASELINE-0334,ENTR-VAS-BASELINE-0334-3,110334,VAS-RING-03,통화연결음,Y,1100,A,2023-08-01,9999-12-31,Y,N,1134,37,디지털,,2026-09-08T23:00:00,synthetic-seeder
2026-09-09,202609,ENTR-VAS-BASELINE-0335,ENTR-VAS-BASELINE-0335-1,110335,VAS-SAFE-01,스팸 차단,Y,3300,A,2023-08-01,9999-12-31,Y,N,1135,37,디지털,,2026-09-09T23:00:00,synthetic-seeder
2026-09-09,202609,ENTR-VAS-BASELINE-0335,ENTR-VAS-BASELINE-0335-2,110335,VAS-MEDIA-02,미디어팩,Y,7700,A,2023-08-01,9999-12-31,Y,N,1135,37,디지털,,2026-09-09T23:00:00,synthetic-seeder
2026-09-09,202609,ENTR-VAS-BASELINE-0335,ENTR-VAS-BASELINE-0335-3,110335,VAS-RING-03,통화연결음,Y,1100,A,2023-08-01,9999-12-31,Y,N,1135,37,디지털,,2026-09-09T23:00:00,synthetic-seeder
2026-09-10,202609,ENTR-VAS-BASELINE-0336,ENTR-VAS-BASELINE-0336-1,110336,VAS-SAFE-01,스팸 차단,Y,3300,A,2023-08-01,9999-12-31,Y,N,1136,37,디지털,,2026-09-10T23:00:00,synthetic-seeder
2026-09-10,202609,ENTR-VAS-BASELINE-0336,ENTR-VAS-BASELINE-0336-2,110336,VAS-MEDIA-02,미디어팩,Y,7700,A,2023-08-01,9999-12-31,Y,N,1136,37,디지털,,2026-09-10T23:00:00,synthetic-seeder
2026-09-10,202609,ENTR-VAS-BASELINE-0336,ENTR-VAS-BASELINE-0336-3,110336,VAS-RING-03,통화연결음,Y,1100,A,2023-08-01,9999-12-31,Y,N,1136,37,디지털,,2026-09-10T23:00:00,synthetic-seeder
2026-09-04,202609,ENTR-VAS-BASELINE-0337,ENTR-VAS-BASELINE-0337-1,110337,VAS-SAFE-01,스팸 차단,Y,3300,A,2023-08-01,9999-12-31,Y,N,1130,37,디지털,,2026-09-04T23:00:00,synthetic-seeder
2026-09-04,202609,ENTR-VAS-BASELINE-0337,ENTR-VAS-BASELINE-0337-2,110337,VAS-MEDIA-02,미디어팩,Y,7700,A,2023-08-01,9999-12-31,Y,N,1130,37,디지털,,2026-09-04T23:00:00,synthetic-seeder
2026-09-04,202609,ENTR-VAS-BASELINE-0337,ENTR-VAS-BASELINE-0337-3,110337,VAS-RING-03,통화연결음,Y,1100,A,2023-08-01,9999-12-31,Y,N,1130,37,디지털,,2026-09-04T23:00:00,synthetic-seeder
2026-09-05,202609,ENTR-VAS-BASELINE-0338,ENTR-VAS-BASELINE-0338-1,110338,VAS-SAFE-01,스팸 차단,Y,3300,A,2023-08-01,9999-12-31,Y,N,1131,37,디지털,,2026-09-05T23:00:00,synthetic-seeder
2026-09-05,202609,ENTR-VAS-BASELINE-0338,ENTR-VAS-BASELINE-0338-2,110338,VAS-MEDIA-02,미디어팩,Y,7700,A,2023-08-01,9999-12-31,Y,N,1131,37,디지털,,2026-09-05T23:00:00,synthetic-seeder
2026-09-05,202609,ENTR-VAS-BASELINE-0338,ENTR-VAS-BASELINE-0338-3,110338,VAS-RING-03,통화연결음,Y,1100,A,2023-08-01,9999-12-31,Y,N,1131,37,디지털,,2026-09-05T23:00:00,synthetic-seeder
2026-09-06,202609,ENTR-VAS-BASELINE-0339,ENTR-VAS-BASELINE-0339-1,110339,VAS-SAFE-01,스팸 차단,Y,3300,A,2023-08-01,9999-12-31,Y,N,1132,37,디지털,,2026-09-06T23:00:00,synthetic-seeder
2026-09-06,202609,ENTR-VAS-BASELINE-0339,ENTR-VAS-BASELINE-0339-2,110339,VAS-MEDIA-02,미디어팩,Y,7700,A,2023-08-01,9999-12-31,Y,N,1132,37,디지털,,2026-09-06T23:00:00,synthetic-seeder
2026-09-06,202609,ENTR-VAS-BASELINE-0339,ENTR-VAS-BASELINE-0339-3,110339,VAS-RING-03,통화연결음,Y,1100,A,2023-08-01,9999-12-31,Y,N,1132,37,디지털,,2026-09-06T23:00:00,synthetic-seeder
2026-09-07,202609,ENTR-VAS-BASELINE-0340,ENTR-VAS-BASELINE-0340-1,110340,VAS-SAFE-01,스팸 차단,Y,3300,A,2023-08-01,9999-12-31,Y,N,1133,37,디지털,,2026-09-07T23:00:00,synthetic-seeder
2026-09-07,202609,ENTR-VAS-BASELINE-0340,ENTR-VAS-BASELINE-0340-2,110340,VAS-MEDIA-02,미디어팩,Y,7700,A,2023-08-01,9999-12-31,Y,N,1133,37,디지털,,2026-09-07T23:00:00,synthetic-seeder
2026-09-07,202609,ENTR-VAS-BASELINE-0340,ENTR-VAS-BASELINE-0340-3,110340,VAS-RING-03,통화연결음,Y,1100,A,2023-08-01,9999-12-31,Y,N,1133,37,디지털,,2026-09-07T23:00:00,synthetic-seeder
2026-09-11,202609,ENTR-VAS-POST-0001,ENTR-VAS-POST-0001-1,120001,VAS-SAFE-01,스팸 차단,Y,3300,A,2023-08-01,9999-12-31,Y,N,1137,37,디지털,,2026-09-11T23:00:00,synthetic-seeder
2026-09-11,202609,ENTR-VAS-POST-0001,ENTR-VAS-POST-0001-2,120001,VAS-MEDIA-02,미디어팩,Y,7700,A,2023-08-01,9999-12-31,Y,N,1137,37,디지털,,2026-09-11T23:00:00,synthetic-seeder
2026-09-11,202609,ENTR-VAS-POST-0001,ENTR-VAS-POST-0001-3,120001,VAS-RING-03,통화연결음,Y,1100,A,2023-08-01,9999-12-31,Y,N,1137,37,디지털,,2026-09-11T23:00:00,synthetic-seeder
2026-09-11,202609,ENTR-VAS-POST-0002,ENTR-VAS-POST-0002-1,120002,VAS-SAFE-01,스팸 차단,Y,3300,A,2023-08-01,9999-12-31,Y,N,1137,37,디지털,,2026-09-11T23:00:00,synthetic-seeder
2026-09-11,202609,ENTR-VAS-POST-0002,ENTR-VAS-POST-0002-2,120002,VAS-MEDIA-02,미디어팩,Y,7700,A,2023-08-01,9999-12-31,Y,N,1137,37,디지털,,2026-09-11T23:00:00,synthetic-seeder
2026-09-11,202609,ENTR-VAS-POST-0002,ENTR-VAS-POST-0002-3,120002,VAS-RING-03,통화연결음,Y,1100,A,2023-08-01,9999-12-31,Y,N,1137,37,디지털,,2026-09-11T23:00:00,synthetic-seeder
2026-09-11,202609,ENTR-VAS-POST-0003,ENTR-VAS-POST-0003-1,120003,VAS-SAFE-01,스팸 차단,Y,3300,A,2023-08-01,9999-12-31,Y,N,1137,37,디지털,,2026-09-11T23:00:00,synthetic-seeder
2026-09-11,202609,ENTR-VAS-POST-0003,ENTR-VAS-POST-0003-2,120003,VAS-MEDIA-02,미디어팩,Y,7700,A,2023-08-01,9999-12-31,Y,N,1137,37,디지털,,2026-09-11T23:00:00,synthetic-seeder
2026-09-11,202609,ENTR-VAS-POST-0003,ENTR-VAS-POST-0003-3,120003,VAS-RING-03,통화연결음,Y,1100,A,2023-08-01,9999-12-31,Y,N,1137,37,디지털,,2026-09-11T23:00:00,synthetic-seeder
2026-09-11,202609,ENTR-VAS-POST-0004,ENTR-VAS-POST-0004-1,120004,VAS-SAFE-01,스팸 차단,Y,3300,A,2023-08-01,9999-12-31,Y,N,1137,37,디지털,,2026-09-11T23:00:00,synthetic-seeder
2026-09-11,202609,ENTR-VAS-POST-0004,ENTR-VAS-POST-0004-2,120004,VAS-MEDIA-02,미디어팩,Y,7700,A,2023-08-01,9999-12-31,Y,N,1137,37,디지털,,2026-09-11T23:00:00,synthetic-seeder
2026-09-11,202609,ENTR-VAS-POST-0004,ENTR-VAS-POST-0004-3,120004,VAS-RING-03,통화연결음,Y,1100,A,2023-08-01,9999-12-31,Y,N,1137,37,디지털,,2026-09-11T23:00:00,synthetic-seeder
2026-09-11,202609,ENTR-VAS-POST-0005,ENTR-VAS-POST-0005-1,120005,VAS-SAFE-01,스팸 차단,Y,3300,A,2023-08-01,9999-12-31,Y,N,1137,37,디지털,,2026-09-11T23:00:00,synthetic-seeder
2026-09-11,202609,ENTR-VAS-POST-0005,ENTR-VAS-POST-0005-2,120005,VAS-MEDIA-02,미디어팩,Y,7700,A,2023-08-01,9999-12-31,Y,N,1137,37,디지털,,2026-09-11T23:00:00,synthetic-seeder
2026-09-11,202609,ENTR-VAS-POST-0005,ENTR-VAS-POST-0005-3,120005,VAS-RING-03,통화연결음,Y,1100,A,2023-08-01,9999-12-31,Y,N,1137,37,디지털,,2026-09-11T23:00:00,synthetic-seeder
2026-09-11,202609,ENTR-VAS-POST-0006,ENTR-VAS-POST-0006-1,120006,VAS-SAFE-01,스팸 차단,Y,3300,A,2023-08-01,9999-12-31,Y,N,1137,37,디지털,,2026-09-11T23:00:00,synthetic-seeder
2026-09-11,202609,ENTR-VAS-POST-0006,ENTR-VAS-POST-0006-2,120006,VAS-MEDIA-02,미디어팩,Y,7700,A,2023-08-01,9999-12-31,Y,N,1137,37,디지털,,2026-09-11T23:00:00,synthetic-seeder
2026-09-11,202609,ENTR-VAS-POST-0006,ENTR-VAS-POST-0006-3,120006,VAS-RING-03,통화연결음,Y,1100,A,2023-08-01,9999-12-31,Y,N,1137,37,디지털,,2026-09-11T23:00:00,synthetic-seeder
2026-09-11,202609,ENTR-VAS-POST-0007,ENTR-VAS-POST-0007-1,120007,VAS-SAFE-01,스팸 차단,Y,3300,A,2023-08-01,9999-12-31,Y,N,1137,37,디지털,,2026-09-11T23:00:00,synthetic-seeder
2026-09-11,202609,ENTR-VAS-POST-0007,ENTR-VAS-POST-0007-2,120007,VAS-MEDIA-02,미디어팩,Y,7700,A,2023-08-01,9999-12-31,Y,N,1137,37,디지털,,2026-09-11T23:00:00,synthetic-seeder
2026-09-11,202609,ENTR-VAS-POST-0007,ENTR-VAS-POST-0007-3,120007,VAS-RING-03,통화연결음,Y,1100,A,2023-08-01,9999-12-31,Y,N,1137,37,디지털,,2026-09-11T23:00:00,synthetic-seeder
2026-09-11,202609,ENTR-VAS-POST-0008,ENTR-VAS-POST-0008-1,120008,VAS-SAFE-01,스팸 차단,Y,3300,A,2023-08-01,9999-12-31,Y,N,1137,37,디지털,,2026-09-11T23:00:00,synthetic-seeder
2026-09-11,202609,ENTR-VAS-POST-0008,ENTR-VAS-POST-0008-2,120008,VAS-MEDIA-02,미디어팩,Y,7700,A,2023-08-01,9999-12-31,Y,N,1137,37,디지털,,2026-09-11T23:00:00,synthetic-seeder
2026-09-11,202609,ENTR-VAS-POST-0008,ENTR-VAS-POST-0008-3,120008,VAS-RING-03,통화연결음,Y,1100,A,2023-08-01,9999-12-31,Y,N,1137,37,디지털,,2026-09-11T23:00:00,synthetic-seeder
2026-09-11,202609,ENTR-VAS-POST-0009,ENTR-VAS-POST-0009-1,120009,VAS-SAFE-01,스팸 차단,Y,3300,A,2023-08-01,9999-12-31,Y,N,1137,37,디지털,,2026-09-11T23:00:00,synthetic-seeder
2026-09-11,202609,ENTR-VAS-POST-0009,ENTR-VAS-POST-0009-2,120009,VAS-MEDIA-02,미디어팩,Y,7700,A,2023-08-01,9999-12-31,Y,N,1137,37,디지털,,2026-09-11T23:00:00,synthetic-seeder
2026-09-11,202609,ENTR-VAS-POST-0009,ENTR-VAS-POST-0009-3,120009,VAS-RING-03,통화연결음,Y,1100,A,2023-08-01,9999-12-31,Y,N,1137,37,디지털,,2026-09-11T23:00:00,synthetic-seeder
2026-09-11,202609,ENTR-VAS-POST-0010,ENTR-VAS-POST-0010-1,120010,VAS-SAFE-01,스팸 차단,Y,3300,A,2023-08-01,9999-12-31,Y,N,1137,37,디지털,,2026-09-11T23:00:00,synthetic-seeder
2026-09-11,202609,ENTR-VAS-POST-0010,ENTR-VAS-POST-0010-2,120010,VAS-MEDIA-02,미디어팩,Y,7700,A,2023-08-01,9999-12-31,Y,N,1137,37,디지털,,2026-09-11T23:00:00,synthetic-seeder
2026-09-11,202609,ENTR-VAS-POST-0010,ENTR-VAS-POST-0010-3,120010,VAS-RING-03,통화연결음,Y,1100,A,2023-08-01,9999-12-31,Y,N,1137,37,디지털,,2026-09-11T23:00:00,synthetic-seeder
2026-09-11,202609,ENTR-VAS-POST-0011,ENTR-VAS-POST-0011-1,120011,VAS-SAFE-01,스팸 차단,Y,3300,A,2023-08-01,9999-12-31,Y,N,1137,37,디지털,,2026-09-11T23:00:00,synthetic-seeder
2026-09-11,202609,ENTR-VAS-POST-0011,ENTR-VAS-POST-0011-2,120011,VAS-MEDIA-02,미디어팩,Y,7700,A,2023-08-01,9999-12-31,Y,N,1137,37,디지털,,2026-09-11T23:00:00,synthetic-seeder
2026-09-11,202609,ENTR-VAS-POST-0011,ENTR-VAS-POST-0011-3,120011,VAS-RING-03,통화연결음,Y,1100,A,2023-08-01,9999-12-31,Y,N,1137,37,디지털,,2026-09-11T23:00:00,synthetic-seeder
2026-09-11,202609,ENTR-VAS-POST-0012,ENTR-VAS-POST-0012-1,120012,VAS-SAFE-01,스팸 차단,Y,3300,A,2023-08-01,9999-12-31,Y,N,1137,37,디지털,,2026-09-11T23:00:00,synthetic-seeder
2026-09-11,202609,ENTR-VAS-POST-0012,ENTR-VAS-POST-0012-2,120012,VAS-MEDIA-02,미디어팩,Y,7700,A,2023-08-01,9999-12-31,Y,N,1137,37,디지털,,2026-09-11T23:00:00,synthetic-seeder
2026-09-11,202609,ENTR-VAS-POST-0012,ENTR-VAS-POST-0012-3,120012,VAS-RING-03,통화연결음,Y,1100,A,2023-08-01,9999-12-31,Y,N,1137,37,디지털,,2026-09-11T23:00:00,synthetic-seeder
2026-09-11,202609,ENTR-VAS-POST-0013,ENTR-VAS-POST-0013-1,120013,VAS-SAFE-01,스팸 차단,Y,3300,A,2023-08-01,9999-12-31,Y,N,1137,37,디지털,,2026-09-11T23:00:00,synthetic-seeder
2026-09-11,202609,ENTR-VAS-POST-0013,ENTR-VAS-POST-0013-2,120013,VAS-MEDIA-02,미디어팩,Y,7700,A,2023-08-01,9999-12-31,Y,N,1137,37,디지털,,2026-09-11T23:00:00,synthetic-seeder
2026-09-11,202609,ENTR-VAS-POST-0013,ENTR-VAS-POST-0013-3,120013,VAS-RING-03,통화연결음,Y,1100,A,2023-08-01,9999-12-31,Y,N,1137,37,디지털,,2026-09-11T23:00:00,synthetic-seeder
2026-09-11,202609,ENTR-VAS-POST-0014,ENTR-VAS-POST-0014-1,120014,VAS-SAFE-01,스팸 차단,Y,3300,A,2023-08-01,9999-12-31,Y,N,1137,37,디지털,,2026-09-11T23:00:00,synthetic-seeder
2026-09-11,202609,ENTR-VAS-POST-0014,ENTR-VAS-POST-0014-2,120014,VAS-MEDIA-02,미디어팩,Y,7700,A,2023-08-01,9999-12-31,Y,N,1137,37,디지털,,2026-09-11T23:00:00,synthetic-seeder
2026-09-11,202609,ENTR-VAS-POST-0014,ENTR-VAS-POST-0014-3,120014,VAS-RING-03,통화연결음,Y,1100,A,2023-08-01,9999-12-31,Y,N,1137,37,디지털,,2026-09-11T23:00:00,synthetic-seeder
2026-09-11,202609,ENTR-VAS-POST-0015,ENTR-VAS-POST-0015-1,120015,VAS-SAFE-01,스팸 차단,Y,3300,A,2023-08-01,9999-12-31,Y,N,1137,37,디지털,,2026-09-11T23:00:00,synthetic-seeder
2026-09-11,202609,ENTR-VAS-POST-0015,ENTR-VAS-POST-0015-2,120015,VAS-MEDIA-02,미디어팩,Y,7700,A,2023-08-01,9999-12-31,Y,N,1137,37,디지털,,2026-09-11T23:00:00,synthetic-seeder
2026-09-11,202609,ENTR-VAS-POST-0015,ENTR-VAS-POST-0015-3,120015,VAS-RING-03,통화연결음,Y,1100,A,2023-08-01,9999-12-31,Y,N,1137,37,디지털,,2026-09-11T23:00:00,synthetic-seeder
2026-09-11,202609,ENTR-VAS-POST-0016,ENTR-VAS-POST-0016-1,120016,VAS-SAFE-01,스팸 차단,Y,3300,A,2023-08-01,9999-12-31,Y,N,1137,37,디지털,,2026-09-11T23:00:00,synthetic-seeder
2026-09-11,202609,ENTR-VAS-POST-0016,ENTR-VAS-POST-0016-2,120016,VAS-MEDIA-02,미디어팩,Y,7700,A,2023-08-01,9999-12-31,Y,N,1137,37,디지털,,2026-09-11T23:00:00,synthetic-seeder
2026-09-11,202609,ENTR-VAS-POST-0016,ENTR-VAS-POST-0016-3,120016,VAS-RING-03,통화연결음,Y,1100,A,2023-08-01,9999-12-31,Y,N,1137,37,디지털,,2026-09-11T23:00:00,synthetic-seeder
2026-09-11,202609,ENTR-VAS-POST-0017,ENTR-VAS-POST-0017-1,120017,VAS-SAFE-01,스팸 차단,Y,3300,A,2023-08-01,9999-12-31,Y,N,1137,37,디지털,,2026-09-11T23:00:00,synthetic-seeder
2026-09-11,202609,ENTR-VAS-POST-0017,ENTR-VAS-POST-0017-2,120017,VAS-MEDIA-02,미디어팩,Y,7700,A,2023-08-01,9999-12-31,Y,N,1137,37,디지털,,2026-09-11T23:00:00,synthetic-seeder
2026-09-11,202609,ENTR-VAS-POST-0017,ENTR-VAS-POST-0017-3,120017,VAS-RING-03,통화연결음,Y,1100,A,2023-08-01,9999-12-31,Y,N,1137,37,디지털,,2026-09-11T23:00:00,synthetic-seeder
2026-09-11,202609,ENTR-VAS-POST-0018,ENTR-VAS-POST-0018-1,120018,VAS-SAFE-01,스팸 차단,Y,3300,A,2023-08-01,9999-12-31,Y,N,1137,37,디지털,,2026-09-11T23:00:00,synthetic-seeder
2026-09-11,202609,ENTR-VAS-POST-0018,ENTR-VAS-POST-0018-2,120018,VAS-MEDIA-02,미디어팩,Y,7700,A,2023-08-01,9999-12-31,Y,N,1137,37,디지털,,2026-09-11T23:00:00,synthetic-seeder
2026-09-11,202609,ENTR-VAS-POST-0018,ENTR-VAS-POST-0018-3,120018,VAS-RING-03,통화연결음,Y,1100,A,2023-08-01,9999-12-31,Y,N,1137,37,디지털,,2026-09-11T23:00:00,synthetic-seeder
2026-09-11,202609,ENTR-VAS-POST-0019,ENTR-VAS-POST-0019-1,120019,VAS-SAFE-01,스팸 차단,Y,3300,A,2023-08-01,9999-12-31,Y,N,1137,37,디지털,,2026-09-11T23:00:00,synthetic-seeder
2026-09-11,202609,ENTR-VAS-POST-0019,ENTR-VAS-POST-0019-2,120019,VAS-MEDIA-02,미디어팩,Y,7700,A,2023-08-01,9999-12-31,Y,N,1137,37,디지털,,2026-09-11T23:00:00,synthetic-seeder
2026-09-11,202609,ENTR-VAS-POST-0019,ENTR-VAS-POST-0019-3,120019,VAS-RING-03,통화연결음,Y,1100,A,2023-08-01,9999-12-31,Y,N,1137,37,디지털,,2026-09-11T23:00:00,synthetic-seeder
2026-09-11,202609,ENTR-VAS-POST-0020,ENTR-VAS-POST-0020-1,120020,VAS-SAFE-01,스팸 차단,Y,3300,A,2023-08-01,9999-12-31,Y,N,1137,37,디지털,,2026-09-11T23:00:00,synthetic-seeder
2026-09-11,202609,ENTR-VAS-POST-0020,ENTR-VAS-POST-0020-2,120020,VAS-MEDIA-02,미디어팩,Y,7700,A,2023-08-01,9999-12-31,Y,N,1137,37,디지털,,2026-09-11T23:00:00,synthetic-seeder
2026-09-11,202609,ENTR-VAS-POST-0020,ENTR-VAS-POST-0020-3,120020,VAS-RING-03,통화연결음,Y,1100,A,2023-08-01,9999-12-31,Y,N,1137,37,디지털,,2026-09-11T23:00:00,synthetic-seeder
2026-09-11,202609,ENTR-VAS-POST-0021,ENTR-VAS-POST-0021-1,120021,VAS-SAFE-01,스팸 차단,Y,3300,A,2023-08-01,9999-12-31,Y,N,1137,37,디지털,,2026-09-11T23:00:00,synthetic-seeder
2026-09-11,202609,ENTR-VAS-POST-0021,ENTR-VAS-POST-0021-2,120021,VAS-MEDIA-02,미디어팩,Y,7700,A,2023-08-01,9999-12-31,Y,N,1137,37,디지털,,2026-09-11T23:00:00,synthetic-seeder
2026-09-11,202609,ENTR-VAS-POST-0021,ENTR-VAS-POST-0021-3,120021,VAS-RING-03,통화연결음,Y,1100,A,2023-08-01,9999-12-31,Y,N,1137,37,디지털,,2026-09-11T23:00:00,synthetic-seeder
2026-09-11,202609,ENTR-VAS-POST-0022,ENTR-VAS-POST-0022-1,120022,VAS-SAFE-01,스팸 차단,Y,3300,A,2023-08-01,9999-12-31,Y,N,1137,37,디지털,,2026-09-11T23:00:00,synthetic-seeder
2026-09-11,202609,ENTR-VAS-POST-0022,ENTR-VAS-POST-0022-2,120022,VAS-MEDIA-02,미디어팩,Y,7700,A,2023-08-01,9999-12-31,Y,N,1137,37,디지털,,2026-09-11T23:00:00,synthetic-seeder
2026-09-11,202609,ENTR-VAS-POST-0022,ENTR-VAS-POST-0022-3,120022,VAS-RING-03,통화연결음,Y,1100,A,2023-08-01,9999-12-31,Y,N,1137,37,디지털,,2026-09-11T23:00:00,synthetic-seeder
2026-09-11,202609,ENTR-VAS-POST-0023,ENTR-VAS-POST-0023-1,120023,VAS-SAFE-01,스팸 차단,Y,3300,A,2023-08-01,9999-12-31,Y,N,1137,37,디지털,,2026-09-11T23:00:00,synthetic-seeder
2026-09-11,202609,ENTR-VAS-POST-0023,ENTR-VAS-POST-0023-2,120023,VAS-MEDIA-02,미디어팩,Y,7700,A,2023-08-01,9999-12-31,Y,N,1137,37,디지털,,2026-09-11T23:00:00,synthetic-seeder
2026-09-11,202609,ENTR-VAS-POST-0023,ENTR-VAS-POST-0023-3,120023,VAS-RING-03,통화연결음,Y,1100,A,2023-08-01,9999-12-31,Y,N,1137,37,디지털,,2026-09-11T23:00:00,synthetic-seeder
2026-09-11,202609,ENTR-VAS-POST-0024,ENTR-VAS-POST-0024-1,120024,VAS-SAFE-01,스팸 차단,Y,3300,A,2023-08-01,9999-12-31,Y,N,1137,37,디지털,,2026-09-11T23:00:00,synthetic-seeder
2026-09-11,202609,ENTR-VAS-POST-0024,ENTR-VAS-POST-0024-2,120024,VAS-MEDIA-02,미디어팩,Y,7700,A,2023-08-01,9999-12-31,Y,N,1137,37,디지털,,2026-09-11T23:00:00,synthetic-seeder
2026-09-11,202609,ENTR-VAS-POST-0024,ENTR-VAS-POST-0024-3,120024,VAS-RING-03,통화연결음,Y,1100,A,2023-08-01,9999-12-31,Y,N,1137,37,디지털,,2026-09-11T23:00:00,synthetic-seeder
2026-09-11,202609,ENTR-VAS-POST-0025,ENTR-VAS-POST-0025-1,120025,VAS-SAFE-01,스팸 차단,Y,3300,A,2023-08-01,9999-12-31,Y,N,1137,37,디지털,,2026-09-11T23:00:00,synthetic-seeder
2026-09-11,202609,ENTR-VAS-POST-0025,ENTR-VAS-POST-0025-2,120025,VAS-MEDIA-02,미디어팩,Y,7700,A,2023-08-01,9999-12-31,Y,N,1137,37,디지털,,2026-09-11T23:00:00,synthetic-seeder
2026-09-11,202609,ENTR-VAS-POST-0025,ENTR-VAS-POST-0025-3,120025,VAS-RING-03,통화연결음,Y,1100,A,2023-08-01,9999-12-31,Y,N,1137,37,디지털,,2026-09-11T23:00:00,synthetic-seeder
2026-09-11,202609,ENTR-VAS-POST-0026,ENTR-VAS-POST-0026-1,120026,VAS-SAFE-01,스팸 차단,Y,3300,A,2023-08-01,9999-12-31,Y,N,1137,37,디지털,,2026-09-11T23:00:00,synthetic-seeder
2026-09-11,202609,ENTR-VAS-POST-0026,ENTR-VAS-POST-0026-2,120026,VAS-MEDIA-02,미디어팩,Y,7700,A,2023-08-01,9999-12-31,Y,N,1137,37,디지털,,2026-09-11T23:00:00,synthetic-seeder
2026-09-11,202609,ENTR-VAS-POST-0026,ENTR-VAS-POST-0026-3,120026,VAS-RING-03,통화연결음,Y,1100,A,2023-08-01,9999-12-31,Y,N,1137,37,디지털,,2026-09-11T23:00:00,synthetic-seeder
2026-09-11,202609,ENTR-VAS-POST-0027,ENTR-VAS-POST-0027-1,120027,VAS-SAFE-01,스팸 차단,Y,3300,A,2023-08-01,9999-12-31,Y,N,1137,37,디지털,,2026-09-11T23:00:00,synthetic-seeder
2026-09-11,202609,ENTR-VAS-POST-0027,ENTR-VAS-POST-0027-2,120027,VAS-MEDIA-02,미디어팩,Y,7700,A,2023-08-01,9999-12-31,Y,N,1137,37,디지털,,2026-09-11T23:00:00,synthetic-seeder
2026-09-11,202609,ENTR-VAS-POST-0027,ENTR-VAS-POST-0027-3,120027,VAS-RING-03,통화연결음,Y,1100,A,2023-08-01,9999-12-31,Y,N,1137,37,디지털,,2026-09-11T23:00:00,synthetic-seeder
2026-09-11,202609,ENTR-VAS-POST-0028,ENTR-VAS-POST-0028-1,120028,VAS-SAFE-01,스팸 차단,Y,3300,A,2023-08-01,9999-12-31,Y,N,1137,37,디지털,,2026-09-11T23:00:00,synthetic-seeder
2026-09-11,202609,ENTR-VAS-POST-0028,ENTR-VAS-POST-0028-2,120028,VAS-MEDIA-02,미디어팩,Y,7700,A,2023-08-01,9999-12-31,Y,N,1137,37,디지털,,2026-09-11T23:00:00,synthetic-seeder
2026-09-11,202609,ENTR-VAS-POST-0028,ENTR-VAS-POST-0028-3,120028,VAS-RING-03,통화연결음,Y,1100,A,2023-08-01,9999-12-31,Y,N,1137,37,디지털,,2026-09-11T23:00:00,synthetic-seeder
2026-09-11,202609,ENTR-VAS-POST-0029,ENTR-VAS-POST-0029-1,120029,VAS-SAFE-01,스팸 차단,Y,3300,A,2023-08-01,9999-12-31,Y,N,1137,37,디지털,,2026-09-11T23:00:00,synthetic-seeder
2026-09-11,202609,ENTR-VAS-POST-0029,ENTR-VAS-POST-0029-2,120029,VAS-MEDIA-02,미디어팩,Y,7700,A,2023-08-01,9999-12-31,Y,N,1137,37,디지털,,2026-09-11T23:00:00,synthetic-seeder
2026-09-11,202609,ENTR-VAS-POST-0029,ENTR-VAS-POST-0029-3,120029,VAS-RING-03,통화연결음,Y,1100,A,2023-08-01,9999-12-31,Y,N,1137,37,디지털,,2026-09-11T23:00:00,synthetic-seeder
2026-09-11,202609,ENTR-VAS-POST-0030,ENTR-VAS-POST-0030-1,120030,VAS-SAFE-01,스팸 차단,Y,3300,A,2023-08-01,9999-12-31,Y,N,1137,37,디지털,,2026-09-11T23:00:00,synthetic-seeder
2026-09-11,202609,ENTR-VAS-POST-0030,ENTR-VAS-POST-0030-2,120030,VAS-MEDIA-02,미디어팩,Y,7700,A,2023-08-01,9999-12-31,Y,N,1137,37,디지털,,2026-09-11T23:00:00,synthetic-seeder
2026-09-11,202609,ENTR-VAS-POST-0030,ENTR-VAS-POST-0030-3,120030,VAS-RING-03,통화연결음,Y,1100,A,2023-08-01,9999-12-31,Y,N,1137,37,디지털,,2026-09-11T23:00:00,synthetic-seeder
2026-09-11,202609,ENTR-VAS-POST-0031,ENTR-VAS-POST-0031-1,120031,VAS-SAFE-01,스팸 차단,Y,3300,A,2023-08-01,9999-12-31,Y,N,1137,37,디지털,,2026-09-11T23:00:00,synthetic-seeder
2026-09-11,202609,ENTR-VAS-POST-0031,ENTR-VAS-POST-0031-2,120031,VAS-MEDIA-02,미디어팩,Y,7700,A,2023-08-01,9999-12-31,Y,N,1137,37,디지털,,2026-09-11T23:00:00,synthetic-seeder
2026-09-11,202609,ENTR-VAS-POST-0031,ENTR-VAS-POST-0031-3,120031,VAS-RING-03,통화연결음,Y,1100,A,2023-08-01,9999-12-31,Y,N,1137,37,디지털,,2026-09-11T23:00:00,synthetic-seeder
2026-09-11,202609,ENTR-VAS-POST-0032,ENTR-VAS-POST-0032-1,120032,VAS-SAFE-01,스팸 차단,Y,3300,A,2023-08-01,9999-12-31,Y,N,1137,37,디지털,,2026-09-11T23:00:00,synthetic-seeder
2026-09-11,202609,ENTR-VAS-POST-0032,ENTR-VAS-POST-0032-2,120032,VAS-MEDIA-02,미디어팩,Y,7700,A,2023-08-01,9999-12-31,Y,N,1137,37,디지털,,2026-09-11T23:00:00,synthetic-seeder
2026-09-11,202609,ENTR-VAS-POST-0032,ENTR-VAS-POST-0032-3,120032,VAS-RING-03,통화연결음,Y,1100,A,2023-08-01,9999-12-31,Y,N,1137,37,디지털,,2026-09-11T23:00:00,synthetic-seeder
2026-09-11,202609,ENTR-VAS-POST-0033,ENTR-VAS-POST-0033-1,120033,VAS-SAFE-01,스팸 차단,Y,3300,A,2023-08-01,9999-12-31,Y,N,1137,37,디지털,,2026-09-11T23:00:00,synthetic-seeder
2026-09-11,202609,ENTR-VAS-POST-0033,ENTR-VAS-POST-0033-2,120033,VAS-MEDIA-02,미디어팩,Y,7700,A,2023-08-01,9999-12-31,Y,N,1137,37,디지털,,2026-09-11T23:00:00,synthetic-seeder
2026-09-11,202609,ENTR-VAS-POST-0033,ENTR-VAS-POST-0033-3,120033,VAS-RING-03,통화연결음,Y,1100,A,2023-08-01,9999-12-31,Y,N,1137,37,디지털,,2026-09-11T23:00:00,synthetic-seeder
2026-09-11,202609,ENTR-VAS-POST-0034,ENTR-VAS-POST-0034-1,120034,VAS-SAFE-01,스팸 차단,Y,3300,A,2023-08-01,9999-12-31,Y,N,1137,37,디지털,,2026-09-11T23:00:00,synthetic-seeder
2026-09-11,202609,ENTR-VAS-POST-0034,ENTR-VAS-POST-0034-2,120034,VAS-MEDIA-02,미디어팩,Y,7700,A,2023-08-01,9999-12-31,Y,N,1137,37,디지털,,2026-09-11T23:00:00,synthetic-seeder
2026-09-11,202609,ENTR-VAS-POST-0034,ENTR-VAS-POST-0034-3,120034,VAS-RING-03,통화연결음,Y,1100,A,2023-08-01,9999-12-31,Y,N,1137,37,디지털,,2026-09-11T23:00:00,synthetic-seeder
2026-09-11,202609,ENTR-VAS-POST-0035,ENTR-VAS-POST-0035-1,120035,VAS-SAFE-01,스팸 차단,Y,3300,A,2023-08-01,9999-12-31,Y,N,1137,37,디지털,,2026-09-11T23:00:00,synthetic-seeder
2026-09-11,202609,ENTR-VAS-POST-0035,ENTR-VAS-POST-0035-2,120035,VAS-MEDIA-02,미디어팩,Y,7700,A,2023-08-01,9999-12-31,Y,N,1137,37,디지털,,2026-09-11T23:00:00,synthetic-seeder
2026-09-11,202609,ENTR-VAS-POST-0035,ENTR-VAS-POST-0035-3,120035,VAS-RING-03,통화연결음,Y,1100,A,2023-08-01,9999-12-31,Y,N,1137,37,디지털,,2026-09-11T23:00:00,synthetic-seeder
2026-09-11,202609,ENTR-VAS-POST-0036,ENTR-VAS-POST-0036-1,120036,VAS-SAFE-01,스팸 차단,Y,3300,A,2023-08-01,9999-12-31,Y,N,1137,37,디지털,,2026-09-11T23:00:00,synthetic-seeder
2026-09-11,202609,ENTR-VAS-POST-0036,ENTR-VAS-POST-0036-2,120036,VAS-MEDIA-02,미디어팩,Y,7700,A,2023-08-01,9999-12-31,Y,N,1137,37,디지털,,2026-09-11T23:00:00,synthetic-seeder
2026-09-11,202609,ENTR-VAS-POST-0036,ENTR-VAS-POST-0036-3,120036,VAS-RING-03,통화연결음,Y,1100,A,2023-08-01,9999-12-31,Y,N,1137,37,디지털,,2026-09-11T23:00:00,synthetic-seeder
2026-09-11,202609,ENTR-VAS-POST-0037,ENTR-VAS-POST-0037-1,120037,VAS-SAFE-01,스팸 차단,Y,3300,A,2023-08-01,9999-12-31,Y,N,1137,37,디지털,,2026-09-11T23:00:00,synthetic-seeder
2026-09-11,202609,ENTR-VAS-POST-0037,ENTR-VAS-POST-0037-2,120037,VAS-MEDIA-02,미디어팩,Y,7700,A,2023-08-01,9999-12-31,Y,N,1137,37,디지털,,2026-09-11T23:00:00,synthetic-seeder
2026-09-11,202609,ENTR-VAS-POST-0037,ENTR-VAS-POST-0037-3,120037,VAS-RING-03,통화연결음,Y,1100,A,2023-08-01,9999-12-31,Y,N,1137,37,디지털,,2026-09-11T23:00:00,synthetic-seeder
2026-09-11,202609,ENTR-VAS-POST-0038,ENTR-VAS-POST-0038-1,120038,VAS-SAFE-01,스팸 차단,Y,3300,A,2023-08-01,9999-12-31,Y,N,1137,37,디지털,,2026-09-11T23:00:00,synthetic-seeder
2026-09-11,202609,ENTR-VAS-POST-0038,ENTR-VAS-POST-0038-2,120038,VAS-MEDIA-02,미디어팩,Y,7700,A,2023-08-01,9999-12-31,Y,N,1137,37,디지털,,2026-09-11T23:00:00,synthetic-seeder
2026-09-11,202609,ENTR-VAS-POST-0038,ENTR-VAS-POST-0038-3,120038,VAS-RING-03,통화연결음,Y,1100,A,2023-08-01,9999-12-31,Y,N,1137,37,디지털,,2026-09-11T23:00:00,synthetic-seeder
2026-09-11,202609,ENTR-VAS-POST-0039,ENTR-VAS-POST-0039-1,120039,VAS-SAFE-01,스팸 차단,Y,3300,A,2023-08-01,9999-12-31,Y,N,1137,37,디지털,,2026-09-11T23:00:00,synthetic-seeder
2026-09-11,202609,ENTR-VAS-POST-0039,ENTR-VAS-POST-0039-2,120039,VAS-MEDIA-02,미디어팩,Y,7700,A,2023-08-01,9999-12-31,Y,N,1137,37,디지털,,2026-09-11T23:00:00,synthetic-seeder
2026-09-11,202609,ENTR-VAS-POST-0039,ENTR-VAS-POST-0039-3,120039,VAS-RING-03,통화연결음,Y,1100,A,2023-08-01,9999-12-31,Y,N,1137,37,디지털,,2026-09-11T23:00:00,synthetic-seeder
2026-09-11,202609,ENTR-VAS-POST-0040,ENTR-VAS-POST-0040-1,120040,VAS-SAFE-01,스팸 차단,Y,3300,A,2023-08-01,9999-12-31,Y,N,1137,37,디지털,,2026-09-11T23:00:00,synthetic-seeder
2026-09-11,202609,ENTR-VAS-POST-0040,ENTR-VAS-POST-0040-2,120040,VAS-MEDIA-02,미디어팩,Y,7700,A,2023-08-01,9999-12-31,Y,N,1137,37,디지털,,2026-09-11T23:00:00,synthetic-seeder
2026-09-11,202609,ENTR-VAS-POST-0040,ENTR-VAS-POST-0040-3,120040,VAS-RING-03,통화연결음,Y,1100,A,2023-08-01,9999-12-31,Y,N,1137,37,디지털,,2026-09-11T23:00:00,synthetic-seeder
2026-09-11,202609,ENTR-VAS-POST-0041,ENTR-VAS-POST-0041-1,120041,VAS-SAFE-01,스팸 차단,Y,3300,A,2023-08-01,9999-12-31,Y,N,1137,37,디지털,,2026-09-11T23:00:00,synthetic-seeder
2026-09-11,202609,ENTR-VAS-POST-0041,ENTR-VAS-POST-0041-2,120041,VAS-MEDIA-02,미디어팩,Y,7700,A,2023-08-01,9999-12-31,Y,N,1137,37,디지털,,2026-09-11T23:00:00,synthetic-seeder
2026-09-11,202609,ENTR-VAS-POST-0041,ENTR-VAS-POST-0041-3,120041,VAS-RING-03,통화연결음,Y,1100,A,2023-08-01,9999-12-31,Y,N,1137,37,디지털,,2026-09-11T23:00:00,synthetic-seeder
2026-09-11,202609,ENTR-VAS-POST-0042,ENTR-VAS-POST-0042-1,120042,VAS-SAFE-01,스팸 차단,Y,3300,A,2023-08-01,9999-12-31,Y,N,1137,37,디지털,,2026-09-11T23:00:00,synthetic-seeder
2026-09-11,202609,ENTR-VAS-POST-0042,ENTR-VAS-POST-0042-2,120042,VAS-MEDIA-02,미디어팩,Y,7700,A,2023-08-01,9999-12-31,Y,N,1137,37,디지털,,2026-09-11T23:00:00,synthetic-seeder
2026-09-11,202609,ENTR-VAS-POST-0042,ENTR-VAS-POST-0042-3,120042,VAS-RING-03,통화연결음,Y,1100,A,2023-08-01,9999-12-31,Y,N,1137,37,디지털,,2026-09-11T23:00:00,synthetic-seeder
2026-09-11,202609,ENTR-VAS-POST-0043,ENTR-VAS-POST-0043-1,120043,VAS-SAFE-01,스팸 차단,Y,3300,A,2023-08-01,9999-12-31,Y,N,1137,37,디지털,,2026-09-11T23:00:00,synthetic-seeder
2026-09-11,202609,ENTR-VAS-POST-0043,ENTR-VAS-POST-0043-2,120043,VAS-MEDIA-02,미디어팩,Y,7700,A,2023-08-01,9999-12-31,Y,N,1137,37,디지털,,2026-09-11T23:00:00,synthetic-seeder
2026-09-11,202609,ENTR-VAS-POST-0043,ENTR-VAS-POST-0043-3,120043,VAS-RING-03,통화연결음,Y,1100,A,2023-08-01,9999-12-31,Y,N,1137,37,디지털,,2026-09-11T23:00:00,synthetic-seeder
2026-09-11,202609,ENTR-VAS-POST-0044,ENTR-VAS-POST-0044-1,120044,VAS-SAFE-01,스팸 차단,Y,3300,A,2023-08-01,9999-12-31,Y,N,1137,37,디지털,,2026-09-11T23:00:00,synthetic-seeder
2026-09-11,202609,ENTR-VAS-POST-0044,ENTR-VAS-POST-0044-2,120044,VAS-MEDIA-02,미디어팩,Y,7700,A,2023-08-01,9999-12-31,Y,N,1137,37,디지털,,2026-09-11T23:00:00,synthetic-seeder
2026-09-11,202609,ENTR-VAS-POST-0044,ENTR-VAS-POST-0044-3,120044,VAS-RING-03,통화연결음,Y,1100,A,2023-08-01,9999-12-31,Y,N,1137,37,디지털,,2026-09-11T23:00:00,synthetic-seeder
2026-09-11,202609,ENTR-VAS-POST-0045,ENTR-VAS-POST-0045-1,120045,VAS-SAFE-01,스팸 차단,Y,3300,A,2023-08-01,9999-12-31,Y,N,1137,37,디지털,,2026-09-11T23:00:00,synthetic-seeder
2026-09-11,202609,ENTR-VAS-POST-0045,ENTR-VAS-POST-0045-2,120045,VAS-MEDIA-02,미디어팩,Y,7700,A,2023-08-01,9999-12-31,Y,N,1137,37,디지털,,2026-09-11T23:00:00,synthetic-seeder
2026-09-11,202609,ENTR-VAS-POST-0045,ENTR-VAS-POST-0045-3,120045,VAS-RING-03,통화연결음,Y,1100,A,2023-08-01,9999-12-31,Y,N,1137,37,디지털,,2026-09-11T23:00:00,synthetic-seeder
2026-09-11,202609,ENTR-VAS-POST-0046,ENTR-VAS-POST-0046-1,120046,VAS-SAFE-01,스팸 차단,Y,3300,A,2023-08-01,9999-12-31,Y,N,1137,37,디지털,,2026-09-11T23:00:00,synthetic-seeder
2026-09-11,202609,ENTR-VAS-POST-0046,ENTR-VAS-POST-0046-2,120046,VAS-MEDIA-02,미디어팩,Y,7700,A,2023-08-01,9999-12-31,Y,N,1137,37,디지털,,2026-09-11T23:00:00,synthetic-seeder
2026-09-11,202609,ENTR-VAS-POST-0046,ENTR-VAS-POST-0046-3,120046,VAS-RING-03,통화연결음,Y,1100,A,2023-08-01,9999-12-31,Y,N,1137,37,디지털,,2026-09-11T23:00:00,synthetic-seeder
2026-09-11,202609,ENTR-VAS-POST-0047,ENTR-VAS-POST-0047-1,120047,VAS-SAFE-01,스팸 차단,Y,3300,A,2023-08-01,9999-12-31,Y,N,1137,37,디지털,,2026-09-11T23:00:00,synthetic-seeder
2026-09-11,202609,ENTR-VAS-POST-0047,ENTR-VAS-POST-0047-2,120047,VAS-MEDIA-02,미디어팩,Y,7700,A,2023-08-01,9999-12-31,Y,N,1137,37,디지털,,2026-09-11T23:00:00,synthetic-seeder
2026-09-11,202609,ENTR-VAS-POST-0047,ENTR-VAS-POST-0047-3,120047,VAS-RING-03,통화연결음,Y,1100,A,2023-08-01,9999-12-31,Y,N,1137,37,디지털,,2026-09-11T23:00:00,synthetic-seeder
2026-09-11,202609,ENTR-VAS-POST-0048,ENTR-VAS-POST-0048-1,120048,VAS-SAFE-01,스팸 차단,Y,3300,A,2023-08-01,9999-12-31,Y,N,1137,37,디지털,,2026-09-11T23:00:00,synthetic-seeder
2026-09-11,202609,ENTR-VAS-POST-0048,ENTR-VAS-POST-0048-2,120048,VAS-MEDIA-02,미디어팩,Y,7700,A,2023-08-01,9999-12-31,Y,N,1137,37,디지털,,2026-09-11T23:00:00,synthetic-seeder
2026-09-11,202609,ENTR-VAS-POST-0048,ENTR-VAS-POST-0048-3,120048,VAS-RING-03,통화연결음,Y,1100,A,2023-08-01,9999-12-31,Y,N,1137,37,디지털,,2026-09-11T23:00:00,synthetic-seeder
2026-09-11,202609,ENTR-VAS-POST-0049,ENTR-VAS-POST-0049-1,120049,VAS-SAFE-01,스팸 차단,Y,3300,A,2023-08-01,9999-12-31,Y,N,1137,37,디지털,,2026-09-11T23:00:00,synthetic-seeder
2026-09-11,202609,ENTR-VAS-POST-0049,ENTR-VAS-POST-0049-2,120049,VAS-MEDIA-02,미디어팩,Y,7700,A,2023-08-01,9999-12-31,Y,N,1137,37,디지털,,2026-09-11T23:00:00,synthetic-seeder
2026-09-11,202609,ENTR-VAS-POST-0049,ENTR-VAS-POST-0049-3,120049,VAS-RING-03,통화연결음,Y,1100,A,2023-08-01,9999-12-31,Y,N,1137,37,디지털,,2026-09-11T23:00:00,synthetic-seeder
2026-09-11,202609,ENTR-VAS-POST-0050,ENTR-VAS-POST-0050-1,120050,VAS-SAFE-01,스팸 차단,Y,3300,A,2023-08-01,9999-12-31,Y,N,1137,37,디지털,,2026-09-11T23:00:00,synthetic-seeder
2026-09-11,202609,ENTR-VAS-POST-0050,ENTR-VAS-POST-0050-2,120050,VAS-MEDIA-02,미디어팩,Y,7700,A,2023-08-01,9999-12-31,Y,N,1137,37,디지털,,2026-09-11T23:00:00,synthetic-seeder
2026-09-11,202609,ENTR-VAS-POST-0050,ENTR-VAS-POST-0050-3,120050,VAS-RING-03,통화연결음,Y,1100,A,2023-08-01,9999-12-31,Y,N,1137,37,디지털,,2026-09-11T23:00:00,synthetic-seeder
2026-09-12,202609,ENTR-VAS-POST-0101,ENTR-VAS-POST-0101-1,120101,VAS-SAFE-01,스팸 차단,Y,3300,A,2023-08-01,9999-12-31,Y,N,1138,37,디지털,,2026-09-12T23:00:00,synthetic-seeder
2026-09-12,202609,ENTR-VAS-POST-0101,ENTR-VAS-POST-0101-2,120101,VAS-MEDIA-02,미디어팩,Y,7700,A,2023-08-01,9999-12-31,Y,N,1138,37,디지털,,2026-09-12T23:00:00,synthetic-seeder
2026-09-12,202609,ENTR-VAS-POST-0101,ENTR-VAS-POST-0101-3,120101,VAS-RING-03,통화연결음,Y,1100,A,2023-08-01,9999-12-31,Y,N,1138,37,디지털,,2026-09-12T23:00:00,synthetic-seeder
2026-09-12,202609,ENTR-VAS-POST-0102,ENTR-VAS-POST-0102-1,120102,VAS-SAFE-01,스팸 차단,Y,3300,A,2023-08-01,9999-12-31,Y,N,1138,37,디지털,,2026-09-12T23:00:00,synthetic-seeder
2026-09-12,202609,ENTR-VAS-POST-0102,ENTR-VAS-POST-0102-2,120102,VAS-MEDIA-02,미디어팩,Y,7700,A,2023-08-01,9999-12-31,Y,N,1138,37,디지털,,2026-09-12T23:00:00,synthetic-seeder
2026-09-12,202609,ENTR-VAS-POST-0102,ENTR-VAS-POST-0102-3,120102,VAS-RING-03,통화연결음,Y,1100,A,2023-08-01,9999-12-31,Y,N,1138,37,디지털,,2026-09-12T23:00:00,synthetic-seeder
2026-09-12,202609,ENTR-VAS-POST-0103,ENTR-VAS-POST-0103-1,120103,VAS-SAFE-01,스팸 차단,Y,3300,A,2023-08-01,9999-12-31,Y,N,1138,37,디지털,,2026-09-12T23:00:00,synthetic-seeder
2026-09-12,202609,ENTR-VAS-POST-0103,ENTR-VAS-POST-0103-2,120103,VAS-MEDIA-02,미디어팩,Y,7700,A,2023-08-01,9999-12-31,Y,N,1138,37,디지털,,2026-09-12T23:00:00,synthetic-seeder
2026-09-12,202609,ENTR-VAS-POST-0103,ENTR-VAS-POST-0103-3,120103,VAS-RING-03,통화연결음,Y,1100,A,2023-08-01,9999-12-31,Y,N,1138,37,디지털,,2026-09-12T23:00:00,synthetic-seeder
2026-09-12,202609,ENTR-VAS-POST-0104,ENTR-VAS-POST-0104-1,120104,VAS-SAFE-01,스팸 차단,Y,3300,A,2023-08-01,9999-12-31,Y,N,1138,37,디지털,,2026-09-12T23:00:00,synthetic-seeder
2026-09-12,202609,ENTR-VAS-POST-0104,ENTR-VAS-POST-0104-2,120104,VAS-MEDIA-02,미디어팩,Y,7700,A,2023-08-01,9999-12-31,Y,N,1138,37,디지털,,2026-09-12T23:00:00,synthetic-seeder
2026-09-12,202609,ENTR-VAS-POST-0104,ENTR-VAS-POST-0104-3,120104,VAS-RING-03,통화연결음,Y,1100,A,2023-08-01,9999-12-31,Y,N,1138,37,디지털,,2026-09-12T23:00:00,synthetic-seeder
2026-09-12,202609,ENTR-VAS-POST-0105,ENTR-VAS-POST-0105-1,120105,VAS-SAFE-01,스팸 차단,Y,3300,A,2023-08-01,9999-12-31,Y,N,1138,37,디지털,,2026-09-12T23:00:00,synthetic-seeder
2026-09-12,202609,ENTR-VAS-POST-0105,ENTR-VAS-POST-0105-2,120105,VAS-MEDIA-02,미디어팩,Y,7700,A,2023-08-01,9999-12-31,Y,N,1138,37,디지털,,2026-09-12T23:00:00,synthetic-seeder
2026-09-12,202609,ENTR-VAS-POST-0105,ENTR-VAS-POST-0105-3,120105,VAS-RING-03,통화연결음,Y,1100,A,2023-08-01,9999-12-31,Y,N,1138,37,디지털,,2026-09-12T23:00:00,synthetic-seeder
2026-09-12,202609,ENTR-VAS-POST-0106,ENTR-VAS-POST-0106-1,120106,VAS-SAFE-01,스팸 차단,Y,3300,A,2023-08-01,9999-12-31,Y,N,1138,37,디지털,,2026-09-12T23:00:00,synthetic-seeder
2026-09-12,202609,ENTR-VAS-POST-0106,ENTR-VAS-POST-0106-2,120106,VAS-MEDIA-02,미디어팩,Y,7700,A,2023-08-01,9999-12-31,Y,N,1138,37,디지털,,2026-09-12T23:00:00,synthetic-seeder
2026-09-12,202609,ENTR-VAS-POST-0106,ENTR-VAS-POST-0106-3,120106,VAS-RING-03,통화연결음,Y,1100,A,2023-08-01,9999-12-31,Y,N,1138,37,디지털,,2026-09-12T23:00:00,synthetic-seeder
2026-09-12,202609,ENTR-VAS-POST-0107,ENTR-VAS-POST-0107-1,120107,VAS-SAFE-01,스팸 차단,Y,3300,A,2023-08-01,9999-12-31,Y,N,1138,37,디지털,,2026-09-12T23:00:00,synthetic-seeder
2026-09-12,202609,ENTR-VAS-POST-0107,ENTR-VAS-POST-0107-2,120107,VAS-MEDIA-02,미디어팩,Y,7700,A,2023-08-01,9999-12-31,Y,N,1138,37,디지털,,2026-09-12T23:00:00,synthetic-seeder
2026-09-12,202609,ENTR-VAS-POST-0107,ENTR-VAS-POST-0107-3,120107,VAS-RING-03,통화연결음,Y,1100,A,2023-08-01,9999-12-31,Y,N,1138,37,디지털,,2026-09-12T23:00:00,synthetic-seeder
2026-09-12,202609,ENTR-VAS-POST-0108,ENTR-VAS-POST-0108-1,120108,VAS-SAFE-01,스팸 차단,Y,3300,A,2023-08-01,9999-12-31,Y,N,1138,37,디지털,,2026-09-12T23:00:00,synthetic-seeder
2026-09-12,202609,ENTR-VAS-POST-0108,ENTR-VAS-POST-0108-2,120108,VAS-MEDIA-02,미디어팩,Y,7700,A,2023-08-01,9999-12-31,Y,N,1138,37,디지털,,2026-09-12T23:00:00,synthetic-seeder
2026-09-12,202609,ENTR-VAS-POST-0108,ENTR-VAS-POST-0108-3,120108,VAS-RING-03,통화연결음,Y,1100,A,2023-08-01,9999-12-31,Y,N,1138,37,디지털,,2026-09-12T23:00:00,synthetic-seeder
2026-09-12,202609,ENTR-VAS-POST-0109,ENTR-VAS-POST-0109-1,120109,VAS-SAFE-01,스팸 차단,Y,3300,A,2023-08-01,9999-12-31,Y,N,1138,37,디지털,,2026-09-12T23:00:00,synthetic-seeder
2026-09-12,202609,ENTR-VAS-POST-0109,ENTR-VAS-POST-0109-2,120109,VAS-MEDIA-02,미디어팩,Y,7700,A,2023-08-01,9999-12-31,Y,N,1138,37,디지털,,2026-09-12T23:00:00,synthetic-seeder
2026-09-12,202609,ENTR-VAS-POST-0109,ENTR-VAS-POST-0109-3,120109,VAS-RING-03,통화연결음,Y,1100,A,2023-08-01,9999-12-31,Y,N,1138,37,디지털,,2026-09-12T23:00:00,synthetic-seeder
2026-09-12,202609,ENTR-VAS-POST-0110,ENTR-VAS-POST-0110-1,120110,VAS-SAFE-01,스팸 차단,Y,3300,A,2023-08-01,9999-12-31,Y,N,1138,37,디지털,,2026-09-12T23:00:00,synthetic-seeder
2026-09-12,202609,ENTR-VAS-POST-0110,ENTR-VAS-POST-0110-2,120110,VAS-MEDIA-02,미디어팩,Y,7700,A,2023-08-01,9999-12-31,Y,N,1138,37,디지털,,2026-09-12T23:00:00,synthetic-seeder
2026-09-12,202609,ENTR-VAS-POST-0110,ENTR-VAS-POST-0110-3,120110,VAS-RING-03,통화연결음,Y,1100,A,2023-08-01,9999-12-31,Y,N,1138,37,디지털,,2026-09-12T23:00:00,synthetic-seeder
2026-09-12,202609,ENTR-VAS-POST-0111,ENTR-VAS-POST-0111-1,120111,VAS-SAFE-01,스팸 차단,Y,3300,A,2023-08-01,9999-12-31,Y,N,1138,37,디지털,,2026-09-12T23:00:00,synthetic-seeder
2026-09-12,202609,ENTR-VAS-POST-0111,ENTR-VAS-POST-0111-2,120111,VAS-MEDIA-02,미디어팩,Y,7700,A,2023-08-01,9999-12-31,Y,N,1138,37,디지털,,2026-09-12T23:00:00,synthetic-seeder
2026-09-12,202609,ENTR-VAS-POST-0111,ENTR-VAS-POST-0111-3,120111,VAS-RING-03,통화연결음,Y,1100,A,2023-08-01,9999-12-31,Y,N,1138,37,디지털,,2026-09-12T23:00:00,synthetic-seeder
2026-09-12,202609,ENTR-VAS-POST-0112,ENTR-VAS-POST-0112-1,120112,VAS-SAFE-01,스팸 차단,Y,3300,A,2023-08-01,9999-12-31,Y,N,1138,37,디지털,,2026-09-12T23:00:00,synthetic-seeder
2026-09-12,202609,ENTR-VAS-POST-0112,ENTR-VAS-POST-0112-2,120112,VAS-MEDIA-02,미디어팩,Y,7700,A,2023-08-01,9999-12-31,Y,N,1138,37,디지털,,2026-09-12T23:00:00,synthetic-seeder
2026-09-12,202609,ENTR-VAS-POST-0112,ENTR-VAS-POST-0112-3,120112,VAS-RING-03,통화연결음,Y,1100,A,2023-08-01,9999-12-31,Y,N,1138,37,디지털,,2026-09-12T23:00:00,synthetic-seeder
2026-09-12,202609,ENTR-VAS-POST-0113,ENTR-VAS-POST-0113-1,120113,VAS-SAFE-01,스팸 차단,Y,3300,A,2023-08-01,9999-12-31,Y,N,1138,37,디지털,,2026-09-12T23:00:00,synthetic-seeder
2026-09-12,202609,ENTR-VAS-POST-0113,ENTR-VAS-POST-0113-2,120113,VAS-MEDIA-02,미디어팩,Y,7700,A,2023-08-01,9999-12-31,Y,N,1138,37,디지털,,2026-09-12T23:00:00,synthetic-seeder
2026-09-12,202609,ENTR-VAS-POST-0113,ENTR-VAS-POST-0113-3,120113,VAS-RING-03,통화연결음,Y,1100,A,2023-08-01,9999-12-31,Y,N,1138,37,디지털,,2026-09-12T23:00:00,synthetic-seeder
2026-09-12,202609,ENTR-VAS-POST-0114,ENTR-VAS-POST-0114-1,120114,VAS-SAFE-01,스팸 차단,Y,3300,A,2023-08-01,9999-12-31,Y,N,1138,37,디지털,,2026-09-12T23:00:00,synthetic-seeder
2026-09-12,202609,ENTR-VAS-POST-0114,ENTR-VAS-POST-0114-2,120114,VAS-MEDIA-02,미디어팩,Y,7700,A,2023-08-01,9999-12-31,Y,N,1138,37,디지털,,2026-09-12T23:00:00,synthetic-seeder
2026-09-12,202609,ENTR-VAS-POST-0114,ENTR-VAS-POST-0114-3,120114,VAS-RING-03,통화연결음,Y,1100,A,2023-08-01,9999-12-31,Y,N,1138,37,디지털,,2026-09-12T23:00:00,synthetic-seeder
2026-09-12,202609,ENTR-VAS-POST-0115,ENTR-VAS-POST-0115-1,120115,VAS-SAFE-01,스팸 차단,Y,3300,A,2023-08-01,9999-12-31,Y,N,1138,37,디지털,,2026-09-12T23:00:00,synthetic-seeder
2026-09-12,202609,ENTR-VAS-POST-0115,ENTR-VAS-POST-0115-2,120115,VAS-MEDIA-02,미디어팩,Y,7700,A,2023-08-01,9999-12-31,Y,N,1138,37,디지털,,2026-09-12T23:00:00,synthetic-seeder
2026-09-12,202609,ENTR-VAS-POST-0115,ENTR-VAS-POST-0115-3,120115,VAS-RING-03,통화연결음,Y,1100,A,2023-08-01,9999-12-31,Y,N,1138,37,디지털,,2026-09-12T23:00:00,synthetic-seeder
2026-09-12,202609,ENTR-VAS-POST-0116,ENTR-VAS-POST-0116-1,120116,VAS-SAFE-01,스팸 차단,Y,3300,A,2023-08-01,9999-12-31,Y,N,1138,37,디지털,,2026-09-12T23:00:00,synthetic-seeder
2026-09-12,202609,ENTR-VAS-POST-0116,ENTR-VAS-POST-0116-2,120116,VAS-MEDIA-02,미디어팩,Y,7700,A,2023-08-01,9999-12-31,Y,N,1138,37,디지털,,2026-09-12T23:00:00,synthetic-seeder
2026-09-12,202609,ENTR-VAS-POST-0116,ENTR-VAS-POST-0116-3,120116,VAS-RING-03,통화연결음,Y,1100,A,2023-08-01,9999-12-31,Y,N,1138,37,디지털,,2026-09-12T23:00:00,synthetic-seeder
2026-09-12,202609,ENTR-VAS-POST-0117,ENTR-VAS-POST-0117-1,120117,VAS-SAFE-01,스팸 차단,Y,3300,A,2023-08-01,9999-12-31,Y,N,1138,37,디지털,,2026-09-12T23:00:00,synthetic-seeder
2026-09-12,202609,ENTR-VAS-POST-0117,ENTR-VAS-POST-0117-2,120117,VAS-MEDIA-02,미디어팩,Y,7700,A,2023-08-01,9999-12-31,Y,N,1138,37,디지털,,2026-09-12T23:00:00,synthetic-seeder
2026-09-12,202609,ENTR-VAS-POST-0117,ENTR-VAS-POST-0117-3,120117,VAS-RING-03,통화연결음,Y,1100,A,2023-08-01,9999-12-31,Y,N,1138,37,디지털,,2026-09-12T23:00:00,synthetic-seeder
2026-09-12,202609,ENTR-VAS-POST-0118,ENTR-VAS-POST-0118-1,120118,VAS-SAFE-01,스팸 차단,Y,3300,A,2023-08-01,9999-12-31,Y,N,1138,37,디지털,,2026-09-12T23:00:00,synthetic-seeder
2026-09-12,202609,ENTR-VAS-POST-0118,ENTR-VAS-POST-0118-2,120118,VAS-MEDIA-02,미디어팩,Y,7700,A,2023-08-01,9999-12-31,Y,N,1138,37,디지털,,2026-09-12T23:00:00,synthetic-seeder
2026-09-12,202609,ENTR-VAS-POST-0118,ENTR-VAS-POST-0118-3,120118,VAS-RING-03,통화연결음,Y,1100,A,2023-08-01,9999-12-31,Y,N,1138,37,디지털,,2026-09-12T23:00:00,synthetic-seeder
2026-09-12,202609,ENTR-VAS-POST-0119,ENTR-VAS-POST-0119-1,120119,VAS-SAFE-01,스팸 차단,Y,3300,A,2023-08-01,9999-12-31,Y,N,1138,37,디지털,,2026-09-12T23:00:00,synthetic-seeder
2026-09-12,202609,ENTR-VAS-POST-0119,ENTR-VAS-POST-0119-2,120119,VAS-MEDIA-02,미디어팩,Y,7700,A,2023-08-01,9999-12-31,Y,N,1138,37,디지털,,2026-09-12T23:00:00,synthetic-seeder
2026-09-12,202609,ENTR-VAS-POST-0119,ENTR-VAS-POST-0119-3,120119,VAS-RING-03,통화연결음,Y,1100,A,2023-08-01,9999-12-31,Y,N,1138,37,디지털,,2026-09-12T23:00:00,synthetic-seeder
2026-09-12,202609,ENTR-VAS-POST-0120,ENTR-VAS-POST-0120-1,120120,VAS-SAFE-01,스팸 차단,Y,3300,A,2023-08-01,9999-12-31,Y,N,1138,37,디지털,,2026-09-12T23:00:00,synthetic-seeder
2026-09-12,202609,ENTR-VAS-POST-0120,ENTR-VAS-POST-0120-2,120120,VAS-MEDIA-02,미디어팩,Y,7700,A,2023-08-01,9999-12-31,Y,N,1138,37,디지털,,2026-09-12T23:00:00,synthetic-seeder
2026-09-12,202609,ENTR-VAS-POST-0120,ENTR-VAS-POST-0120-3,120120,VAS-RING-03,통화연결음,Y,1100,A,2023-08-01,9999-12-31,Y,N,1138,37,디지털,,2026-09-12T23:00:00,synthetic-seeder
2026-09-12,202609,ENTR-VAS-POST-0121,ENTR-VAS-POST-0121-1,120121,VAS-SAFE-01,스팸 차단,Y,3300,A,2023-08-01,9999-12-31,Y,N,1138,37,디지털,,2026-09-12T23:00:00,synthetic-seeder
2026-09-12,202609,ENTR-VAS-POST-0121,ENTR-VAS-POST-0121-2,120121,VAS-MEDIA-02,미디어팩,Y,7700,A,2023-08-01,9999-12-31,Y,N,1138,37,디지털,,2026-09-12T23:00:00,synthetic-seeder
2026-09-12,202609,ENTR-VAS-POST-0121,ENTR-VAS-POST-0121-3,120121,VAS-RING-03,통화연결음,Y,1100,A,2023-08-01,9999-12-31,Y,N,1138,37,디지털,,2026-09-12T23:00:00,synthetic-seeder
2026-09-12,202609,ENTR-VAS-POST-0122,ENTR-VAS-POST-0122-1,120122,VAS-SAFE-01,스팸 차단,Y,3300,A,2023-08-01,9999-12-31,Y,N,1138,37,디지털,,2026-09-12T23:00:00,synthetic-seeder
2026-09-12,202609,ENTR-VAS-POST-0122,ENTR-VAS-POST-0122-2,120122,VAS-MEDIA-02,미디어팩,Y,7700,A,2023-08-01,9999-12-31,Y,N,1138,37,디지털,,2026-09-12T23:00:00,synthetic-seeder
2026-09-12,202609,ENTR-VAS-POST-0122,ENTR-VAS-POST-0122-3,120122,VAS-RING-03,통화연결음,Y,1100,A,2023-08-01,9999-12-31,Y,N,1138,37,디지털,,2026-09-12T23:00:00,synthetic-seeder
2026-09-12,202609,ENTR-VAS-POST-0123,ENTR-VAS-POST-0123-1,120123,VAS-SAFE-01,스팸 차단,Y,3300,A,2023-08-01,9999-12-31,Y,N,1138,37,디지털,,2026-09-12T23:00:00,synthetic-seeder
2026-09-12,202609,ENTR-VAS-POST-0123,ENTR-VAS-POST-0123-2,120123,VAS-MEDIA-02,미디어팩,Y,7700,A,2023-08-01,9999-12-31,Y,N,1138,37,디지털,,2026-09-12T23:00:00,synthetic-seeder
2026-09-12,202609,ENTR-VAS-POST-0123,ENTR-VAS-POST-0123-3,120123,VAS-RING-03,통화연결음,Y,1100,A,2023-08-01,9999-12-31,Y,N,1138,37,디지털,,2026-09-12T23:00:00,synthetic-seeder
2026-09-12,202609,ENTR-VAS-POST-0124,ENTR-VAS-POST-0124-1,120124,VAS-SAFE-01,스팸 차단,Y,3300,A,2023-08-01,9999-12-31,Y,N,1138,37,디지털,,2026-09-12T23:00:00,synthetic-seeder
2026-09-12,202609,ENTR-VAS-POST-0124,ENTR-VAS-POST-0124-2,120124,VAS-MEDIA-02,미디어팩,Y,7700,A,2023-08-01,9999-12-31,Y,N,1138,37,디지털,,2026-09-12T23:00:00,synthetic-seeder
2026-09-12,202609,ENTR-VAS-POST-0124,ENTR-VAS-POST-0124-3,120124,VAS-RING-03,통화연결음,Y,1100,A,2023-08-01,9999-12-31,Y,N,1138,37,디지털,,2026-09-12T23:00:00,synthetic-seeder
2026-09-12,202609,ENTR-VAS-POST-0125,ENTR-VAS-POST-0125-1,120125,VAS-SAFE-01,스팸 차단,Y,3300,A,2023-08-01,9999-12-31,Y,N,1138,37,디지털,,2026-09-12T23:00:00,synthetic-seeder
2026-09-12,202609,ENTR-VAS-POST-0125,ENTR-VAS-POST-0125-2,120125,VAS-MEDIA-02,미디어팩,Y,7700,A,2023-08-01,9999-12-31,Y,N,1138,37,디지털,,2026-09-12T23:00:00,synthetic-seeder
2026-09-12,202609,ENTR-VAS-POST-0125,ENTR-VAS-POST-0125-3,120125,VAS-RING-03,통화연결음,Y,1100,A,2023-08-01,9999-12-31,Y,N,1138,37,디지털,,2026-09-12T23:00:00,synthetic-seeder
2026-09-12,202609,ENTR-VAS-POST-0126,ENTR-VAS-POST-0126-1,120126,VAS-SAFE-01,스팸 차단,Y,3300,A,2023-08-01,9999-12-31,Y,N,1138,37,디지털,,2026-09-12T23:00:00,synthetic-seeder
2026-09-12,202609,ENTR-VAS-POST-0126,ENTR-VAS-POST-0126-2,120126,VAS-MEDIA-02,미디어팩,Y,7700,A,2023-08-01,9999-12-31,Y,N,1138,37,디지털,,2026-09-12T23:00:00,synthetic-seeder
2026-09-12,202609,ENTR-VAS-POST-0126,ENTR-VAS-POST-0126-3,120126,VAS-RING-03,통화연결음,Y,1100,A,2023-08-01,9999-12-31,Y,N,1138,37,디지털,,2026-09-12T23:00:00,synthetic-seeder
2026-09-12,202609,ENTR-VAS-POST-0127,ENTR-VAS-POST-0127-1,120127,VAS-SAFE-01,스팸 차단,Y,3300,A,2023-08-01,9999-12-31,Y,N,1138,37,디지털,,2026-09-12T23:00:00,synthetic-seeder
2026-09-12,202609,ENTR-VAS-POST-0127,ENTR-VAS-POST-0127-2,120127,VAS-MEDIA-02,미디어팩,Y,7700,A,2023-08-01,9999-12-31,Y,N,1138,37,디지털,,2026-09-12T23:00:00,synthetic-seeder
2026-09-12,202609,ENTR-VAS-POST-0127,ENTR-VAS-POST-0127-3,120127,VAS-RING-03,통화연결음,Y,1100,A,2023-08-01,9999-12-31,Y,N,1138,37,디지털,,2026-09-12T23:00:00,synthetic-seeder
2026-09-12,202609,ENTR-VAS-POST-0128,ENTR-VAS-POST-0128-1,120128,VAS-SAFE-01,스팸 차단,Y,3300,A,2023-08-01,9999-12-31,Y,N,1138,37,디지털,,2026-09-12T23:00:00,synthetic-seeder
2026-09-12,202609,ENTR-VAS-POST-0128,ENTR-VAS-POST-0128-2,120128,VAS-MEDIA-02,미디어팩,Y,7700,A,2023-08-01,9999-12-31,Y,N,1138,37,디지털,,2026-09-12T23:00:00,synthetic-seeder
2026-09-12,202609,ENTR-VAS-POST-0128,ENTR-VAS-POST-0128-3,120128,VAS-RING-03,통화연결음,Y,1100,A,2023-08-01,9999-12-31,Y,N,1138,37,디지털,,2026-09-12T23:00:00,synthetic-seeder
2026-09-12,202609,ENTR-VAS-POST-0129,ENTR-VAS-POST-0129-1,120129,VAS-SAFE-01,스팸 차단,Y,3300,A,2023-08-01,9999-12-31,Y,N,1138,37,디지털,,2026-09-12T23:00:00,synthetic-seeder
2026-09-12,202609,ENTR-VAS-POST-0129,ENTR-VAS-POST-0129-2,120129,VAS-MEDIA-02,미디어팩,Y,7700,A,2023-08-01,9999-12-31,Y,N,1138,37,디지털,,2026-09-12T23:00:00,synthetic-seeder
2026-09-12,202609,ENTR-VAS-POST-0129,ENTR-VAS-POST-0129-3,120129,VAS-RING-03,통화연결음,Y,1100,A,2023-08-01,9999-12-31,Y,N,1138,37,디지털,,2026-09-12T23:00:00,synthetic-seeder
2026-09-12,202609,ENTR-VAS-POST-0130,ENTR-VAS-POST-0130-1,120130,VAS-SAFE-01,스팸 차단,Y,3300,A,2023-08-01,9999-12-31,Y,N,1138,37,디지털,,2026-09-12T23:00:00,synthetic-seeder
2026-09-12,202609,ENTR-VAS-POST-0130,ENTR-VAS-POST-0130-2,120130,VAS-MEDIA-02,미디어팩,Y,7700,A,2023-08-01,9999-12-31,Y,N,1138,37,디지털,,2026-09-12T23:00:00,synthetic-seeder
2026-09-12,202609,ENTR-VAS-POST-0130,ENTR-VAS-POST-0130-3,120130,VAS-RING-03,통화연결음,Y,1100,A,2023-08-01,9999-12-31,Y,N,1138,37,디지털,,2026-09-12T23:00:00,synthetic-seeder
2026-09-12,202609,ENTR-VAS-POST-0131,ENTR-VAS-POST-0131-1,120131,VAS-SAFE-01,스팸 차단,Y,3300,A,2023-08-01,9999-12-31,Y,N,1138,37,디지털,,2026-09-12T23:00:00,synthetic-seeder
2026-09-12,202609,ENTR-VAS-POST-0131,ENTR-VAS-POST-0131-2,120131,VAS-MEDIA-02,미디어팩,Y,7700,A,2023-08-01,9999-12-31,Y,N,1138,37,디지털,,2026-09-12T23:00:00,synthetic-seeder
2026-09-12,202609,ENTR-VAS-POST-0131,ENTR-VAS-POST-0131-3,120131,VAS-RING-03,통화연결음,Y,1100,A,2023-08-01,9999-12-31,Y,N,1138,37,디지털,,2026-09-12T23:00:00,synthetic-seeder
2026-09-12,202609,ENTR-VAS-POST-0132,ENTR-VAS-POST-0132-1,120132,VAS-SAFE-01,스팸 차단,Y,3300,A,2023-08-01,9999-12-31,Y,N,1138,37,디지털,,2026-09-12T23:00:00,synthetic-seeder
2026-09-12,202609,ENTR-VAS-POST-0132,ENTR-VAS-POST-0132-2,120132,VAS-MEDIA-02,미디어팩,Y,7700,A,2023-08-01,9999-12-31,Y,N,1138,37,디지털,,2026-09-12T23:00:00,synthetic-seeder
2026-09-12,202609,ENTR-VAS-POST-0132,ENTR-VAS-POST-0132-3,120132,VAS-RING-03,통화연결음,Y,1100,A,2023-08-01,9999-12-31,Y,N,1138,37,디지털,,2026-09-12T23:00:00,synthetic-seeder
2026-09-12,202609,ENTR-VAS-POST-0133,ENTR-VAS-POST-0133-1,120133,VAS-SAFE-01,스팸 차단,Y,3300,A,2023-08-01,9999-12-31,Y,N,1138,37,디지털,,2026-09-12T23:00:00,synthetic-seeder
2026-09-12,202609,ENTR-VAS-POST-0133,ENTR-VAS-POST-0133-2,120133,VAS-MEDIA-02,미디어팩,Y,7700,A,2023-08-01,9999-12-31,Y,N,1138,37,디지털,,2026-09-12T23:00:00,synthetic-seeder
2026-09-12,202609,ENTR-VAS-POST-0133,ENTR-VAS-POST-0133-3,120133,VAS-RING-03,통화연결음,Y,1100,A,2023-08-01,9999-12-31,Y,N,1138,37,디지털,,2026-09-12T23:00:00,synthetic-seeder
2026-09-12,202609,ENTR-VAS-POST-0134,ENTR-VAS-POST-0134-1,120134,VAS-SAFE-01,스팸 차단,Y,3300,A,2023-08-01,9999-12-31,Y,N,1138,37,디지털,,2026-09-12T23:00:00,synthetic-seeder
2026-09-12,202609,ENTR-VAS-POST-0134,ENTR-VAS-POST-0134-2,120134,VAS-MEDIA-02,미디어팩,Y,7700,A,2023-08-01,9999-12-31,Y,N,1138,37,디지털,,2026-09-12T23:00:00,synthetic-seeder
2026-09-12,202609,ENTR-VAS-POST-0134,ENTR-VAS-POST-0134-3,120134,VAS-RING-03,통화연결음,Y,1100,A,2023-08-01,9999-12-31,Y,N,1138,37,디지털,,2026-09-12T23:00:00,synthetic-seeder
2026-09-12,202609,ENTR-VAS-POST-0135,ENTR-VAS-POST-0135-1,120135,VAS-SAFE-01,스팸 차단,Y,3300,A,2023-08-01,9999-12-31,Y,N,1138,37,디지털,,2026-09-12T23:00:00,synthetic-seeder
2026-09-12,202609,ENTR-VAS-POST-0135,ENTR-VAS-POST-0135-2,120135,VAS-MEDIA-02,미디어팩,Y,7700,A,2023-08-01,9999-12-31,Y,N,1138,37,디지털,,2026-09-12T23:00:00,synthetic-seeder
2026-09-12,202609,ENTR-VAS-POST-0135,ENTR-VAS-POST-0135-3,120135,VAS-RING-03,통화연결음,Y,1100,A,2023-08-01,9999-12-31,Y,N,1138,37,디지털,,2026-09-12T23:00:00,synthetic-seeder
2026-09-12,202609,ENTR-VAS-POST-0136,ENTR-VAS-POST-0136-1,120136,VAS-SAFE-01,스팸 차단,Y,3300,A,2023-08-01,9999-12-31,Y,N,1138,37,디지털,,2026-09-12T23:00:00,synthetic-seeder
2026-09-12,202609,ENTR-VAS-POST-0136,ENTR-VAS-POST-0136-2,120136,VAS-MEDIA-02,미디어팩,Y,7700,A,2023-08-01,9999-12-31,Y,N,1138,37,디지털,,2026-09-12T23:00:00,synthetic-seeder
2026-09-12,202609,ENTR-VAS-POST-0136,ENTR-VAS-POST-0136-3,120136,VAS-RING-03,통화연결음,Y,1100,A,2023-08-01,9999-12-31,Y,N,1138,37,디지털,,2026-09-12T23:00:00,synthetic-seeder
2026-09-12,202609,ENTR-VAS-POST-0137,ENTR-VAS-POST-0137-1,120137,VAS-SAFE-01,스팸 차단,Y,3300,A,2023-08-01,9999-12-31,Y,N,1138,37,디지털,,2026-09-12T23:00:00,synthetic-seeder
2026-09-12,202609,ENTR-VAS-POST-0137,ENTR-VAS-POST-0137-2,120137,VAS-MEDIA-02,미디어팩,Y,7700,A,2023-08-01,9999-12-31,Y,N,1138,37,디지털,,2026-09-12T23:00:00,synthetic-seeder
2026-09-12,202609,ENTR-VAS-POST-0137,ENTR-VAS-POST-0137-3,120137,VAS-RING-03,통화연결음,Y,1100,A,2023-08-01,9999-12-31,Y,N,1138,37,디지털,,2026-09-12T23:00:00,synthetic-seeder
2026-09-12,202609,ENTR-VAS-POST-0138,ENTR-VAS-POST-0138-1,120138,VAS-SAFE-01,스팸 차단,Y,3300,A,2023-08-01,9999-12-31,Y,N,1138,37,디지털,,2026-09-12T23:00:00,synthetic-seeder
2026-09-12,202609,ENTR-VAS-POST-0138,ENTR-VAS-POST-0138-2,120138,VAS-MEDIA-02,미디어팩,Y,7700,A,2023-08-01,9999-12-31,Y,N,1138,37,디지털,,2026-09-12T23:00:00,synthetic-seeder
2026-09-12,202609,ENTR-VAS-POST-0138,ENTR-VAS-POST-0138-3,120138,VAS-RING-03,통화연결음,Y,1100,A,2023-08-01,9999-12-31,Y,N,1138,37,디지털,,2026-09-12T23:00:00,synthetic-seeder
2026-09-12,202609,ENTR-VAS-POST-0139,ENTR-VAS-POST-0139-1,120139,VAS-SAFE-01,스팸 차단,Y,3300,A,2023-08-01,9999-12-31,Y,N,1138,37,디지털,,2026-09-12T23:00:00,synthetic-seeder
2026-09-12,202609,ENTR-VAS-POST-0139,ENTR-VAS-POST-0139-2,120139,VAS-MEDIA-02,미디어팩,Y,7700,A,2023-08-01,9999-12-31,Y,N,1138,37,디지털,,2026-09-12T23:00:00,synthetic-seeder
2026-09-12,202609,ENTR-VAS-POST-0139,ENTR-VAS-POST-0139-3,120139,VAS-RING-03,통화연결음,Y,1100,A,2023-08-01,9999-12-31,Y,N,1138,37,디지털,,2026-09-12T23:00:00,synthetic-seeder
2026-09-12,202609,ENTR-VAS-POST-0140,ENTR-VAS-POST-0140-1,120140,VAS-SAFE-01,스팸 차단,Y,3300,A,2023-08-01,9999-12-31,Y,N,1138,37,디지털,,2026-09-12T23:00:00,synthetic-seeder
2026-09-12,202609,ENTR-VAS-POST-0140,ENTR-VAS-POST-0140-2,120140,VAS-MEDIA-02,미디어팩,Y,7700,A,2023-08-01,9999-12-31,Y,N,1138,37,디지털,,2026-09-12T23:00:00,synthetic-seeder
2026-09-12,202609,ENTR-VAS-POST-0140,ENTR-VAS-POST-0140-3,120140,VAS-RING-03,통화연결음,Y,1100,A,2023-08-01,9999-12-31,Y,N,1138,37,디지털,,2026-09-12T23:00:00,synthetic-seeder
2026-09-12,202609,ENTR-VAS-POST-0141,ENTR-VAS-POST-0141-1,120141,VAS-SAFE-01,스팸 차단,Y,3300,A,2023-08-01,9999-12-31,Y,N,1138,37,디지털,,2026-09-12T23:00:00,synthetic-seeder
2026-09-12,202609,ENTR-VAS-POST-0141,ENTR-VAS-POST-0141-2,120141,VAS-MEDIA-02,미디어팩,Y,7700,A,2023-08-01,9999-12-31,Y,N,1138,37,디지털,,2026-09-12T23:00:00,synthetic-seeder
2026-09-12,202609,ENTR-VAS-POST-0141,ENTR-VAS-POST-0141-3,120141,VAS-RING-03,통화연결음,Y,1100,A,2023-08-01,9999-12-31,Y,N,1138,37,디지털,,2026-09-12T23:00:00,synthetic-seeder
2026-09-12,202609,ENTR-VAS-POST-0142,ENTR-VAS-POST-0142-1,120142,VAS-SAFE-01,스팸 차단,Y,3300,A,2023-08-01,9999-12-31,Y,N,1138,37,디지털,,2026-09-12T23:00:00,synthetic-seeder
2026-09-12,202609,ENTR-VAS-POST-0142,ENTR-VAS-POST-0142-2,120142,VAS-MEDIA-02,미디어팩,Y,7700,A,2023-08-01,9999-12-31,Y,N,1138,37,디지털,,2026-09-12T23:00:00,synthetic-seeder
2026-09-12,202609,ENTR-VAS-POST-0142,ENTR-VAS-POST-0142-3,120142,VAS-RING-03,통화연결음,Y,1100,A,2023-08-01,9999-12-31,Y,N,1138,37,디지털,,2026-09-12T23:00:00,synthetic-seeder
2026-09-12,202609,ENTR-VAS-POST-0143,ENTR-VAS-POST-0143-1,120143,VAS-SAFE-01,스팸 차단,Y,3300,A,2023-08-01,9999-12-31,Y,N,1138,37,디지털,,2026-09-12T23:00:00,synthetic-seeder
2026-09-12,202609,ENTR-VAS-POST-0143,ENTR-VAS-POST-0143-2,120143,VAS-MEDIA-02,미디어팩,Y,7700,A,2023-08-01,9999-12-31,Y,N,1138,37,디지털,,2026-09-12T23:00:00,synthetic-seeder
2026-09-12,202609,ENTR-VAS-POST-0143,ENTR-VAS-POST-0143-3,120143,VAS-RING-03,통화연결음,Y,1100,A,2023-08-01,9999-12-31,Y,N,1138,37,디지털,,2026-09-12T23:00:00,synthetic-seeder
2026-09-12,202609,ENTR-VAS-POST-0144,ENTR-VAS-POST-0144-1,120144,VAS-SAFE-01,스팸 차단,Y,3300,A,2023-08-01,9999-12-31,Y,N,1138,37,디지털,,2026-09-12T23:00:00,synthetic-seeder
2026-09-12,202609,ENTR-VAS-POST-0144,ENTR-VAS-POST-0144-2,120144,VAS-MEDIA-02,미디어팩,Y,7700,A,2023-08-01,9999-12-31,Y,N,1138,37,디지털,,2026-09-12T23:00:00,synthetic-seeder
2026-09-12,202609,ENTR-VAS-POST-0144,ENTR-VAS-POST-0144-3,120144,VAS-RING-03,통화연결음,Y,1100,A,2023-08-01,9999-12-31,Y,N,1138,37,디지털,,2026-09-12T23:00:00,synthetic-seeder
2026-09-12,202609,ENTR-VAS-POST-0145,ENTR-VAS-POST-0145-1,120145,VAS-SAFE-01,스팸 차단,Y,3300,A,2023-08-01,9999-12-31,Y,N,1138,37,디지털,,2026-09-12T23:00:00,synthetic-seeder
2026-09-12,202609,ENTR-VAS-POST-0145,ENTR-VAS-POST-0145-2,120145,VAS-MEDIA-02,미디어팩,Y,7700,A,2023-08-01,9999-12-31,Y,N,1138,37,디지털,,2026-09-12T23:00:00,synthetic-seeder
2026-09-12,202609,ENTR-VAS-POST-0145,ENTR-VAS-POST-0145-3,120145,VAS-RING-03,통화연결음,Y,1100,A,2023-08-01,9999-12-31,Y,N,1138,37,디지털,,2026-09-12T23:00:00,synthetic-seeder
2026-09-12,202609,ENTR-VAS-POST-0146,ENTR-VAS-POST-0146-1,120146,VAS-SAFE-01,스팸 차단,Y,3300,A,2023-08-01,9999-12-31,Y,N,1138,37,디지털,,2026-09-12T23:00:00,synthetic-seeder
2026-09-12,202609,ENTR-VAS-POST-0146,ENTR-VAS-POST-0146-2,120146,VAS-MEDIA-02,미디어팩,Y,7700,A,2023-08-01,9999-12-31,Y,N,1138,37,디지털,,2026-09-12T23:00:00,synthetic-seeder
2026-09-12,202609,ENTR-VAS-POST-0146,ENTR-VAS-POST-0146-3,120146,VAS-RING-03,통화연결음,Y,1100,A,2023-08-01,9999-12-31,Y,N,1138,37,디지털,,2026-09-12T23:00:00,synthetic-seeder
2026-09-12,202609,ENTR-VAS-POST-0147,ENTR-VAS-POST-0147-1,120147,VAS-SAFE-01,스팸 차단,Y,3300,A,2023-08-01,9999-12-31,Y,N,1138,37,디지털,,2026-09-12T23:00:00,synthetic-seeder
2026-09-12,202609,ENTR-VAS-POST-0147,ENTR-VAS-POST-0147-2,120147,VAS-MEDIA-02,미디어팩,Y,7700,A,2023-08-01,9999-12-31,Y,N,1138,37,디지털,,2026-09-12T23:00:00,synthetic-seeder
2026-09-12,202609,ENTR-VAS-POST-0147,ENTR-VAS-POST-0147-3,120147,VAS-RING-03,통화연결음,Y,1100,A,2023-08-01,9999-12-31,Y,N,1138,37,디지털,,2026-09-12T23:00:00,synthetic-seeder
2026-09-12,202609,ENTR-VAS-POST-0148,ENTR-VAS-POST-0148-1,120148,VAS-SAFE-01,스팸 차단,Y,3300,A,2023-08-01,9999-12-31,Y,N,1138,37,디지털,,2026-09-12T23:00:00,synthetic-seeder
2026-09-12,202609,ENTR-VAS-POST-0148,ENTR-VAS-POST-0148-2,120148,VAS-MEDIA-02,미디어팩,Y,7700,A,2023-08-01,9999-12-31,Y,N,1138,37,디지털,,2026-09-12T23:00:00,synthetic-seeder
2026-09-12,202609,ENTR-VAS-POST-0148,ENTR-VAS-POST-0148-3,120148,VAS-RING-03,통화연결음,Y,1100,A,2023-08-01,9999-12-31,Y,N,1138,37,디지털,,2026-09-12T23:00:00,synthetic-seeder
2026-09-12,202609,ENTR-VAS-POST-0149,ENTR-VAS-POST-0149-1,120149,VAS-SAFE-01,스팸 차단,Y,3300,A,2023-08-01,9999-12-31,Y,N,1138,37,디지털,,2026-09-12T23:00:00,synthetic-seeder
2026-09-12,202609,ENTR-VAS-POST-0149,ENTR-VAS-POST-0149-2,120149,VAS-MEDIA-02,미디어팩,Y,7700,A,2023-08-01,9999-12-31,Y,N,1138,37,디지털,,2026-09-12T23:00:00,synthetic-seeder
2026-09-12,202609,ENTR-VAS-POST-0149,ENTR-VAS-POST-0149-3,120149,VAS-RING-03,통화연결음,Y,1100,A,2023-08-01,9999-12-31,Y,N,1138,37,디지털,,2026-09-12T23:00:00,synthetic-seeder
2026-09-12,202609,ENTR-VAS-POST-0150,ENTR-VAS-POST-0150-1,120150,VAS-SAFE-01,스팸 차단,Y,3300,A,2023-08-01,9999-12-31,Y,N,1138,37,디지털,,2026-09-12T23:00:00,synthetic-seeder
2026-09-12,202609,ENTR-VAS-POST-0150,ENTR-VAS-POST-0150-2,120150,VAS-MEDIA-02,미디어팩,Y,7700,A,2023-08-01,9999-12-31,Y,N,1138,37,디지털,,2026-09-12T23:00:00,synthetic-seeder
2026-09-12,202609,ENTR-VAS-POST-0150,ENTR-VAS-POST-0150-3,120150,VAS-RING-03,통화연결음,Y,1100,A,2023-08-01,9999-12-31,Y,N,1138,37,디지털,,2026-09-12T23:00:00,synthetic-seeder
2026-09-13,202609,ENTR-VAS-POST-0201,ENTR-VAS-POST-0201-1,120201,VAS-SAFE-01,스팸 차단,Y,3300,A,2023-08-01,9999-12-31,Y,N,1139,37,디지털,,2026-09-13T23:00:00,synthetic-seeder
2026-09-13,202609,ENTR-VAS-POST-0201,ENTR-VAS-POST-0201-2,120201,VAS-MEDIA-02,미디어팩,Y,7700,A,2023-08-01,9999-12-31,Y,N,1139,37,디지털,,2026-09-13T23:00:00,synthetic-seeder
2026-09-13,202609,ENTR-VAS-POST-0201,ENTR-VAS-POST-0201-3,120201,VAS-RING-03,통화연결음,Y,1100,A,2023-08-01,9999-12-31,Y,N,1139,37,디지털,,2026-09-13T23:00:00,synthetic-seeder
2026-09-13,202609,ENTR-VAS-POST-0202,ENTR-VAS-POST-0202-1,120202,VAS-SAFE-01,스팸 차단,Y,3300,A,2023-08-01,9999-12-31,Y,N,1139,37,디지털,,2026-09-13T23:00:00,synthetic-seeder
2026-09-13,202609,ENTR-VAS-POST-0202,ENTR-VAS-POST-0202-2,120202,VAS-MEDIA-02,미디어팩,Y,7700,A,2023-08-01,9999-12-31,Y,N,1139,37,디지털,,2026-09-13T23:00:00,synthetic-seeder
2026-09-13,202609,ENTR-VAS-POST-0202,ENTR-VAS-POST-0202-3,120202,VAS-RING-03,통화연결음,Y,1100,A,2023-08-01,9999-12-31,Y,N,1139,37,디지털,,2026-09-13T23:00:00,synthetic-seeder
2026-09-13,202609,ENTR-VAS-POST-0203,ENTR-VAS-POST-0203-1,120203,VAS-SAFE-01,스팸 차단,Y,3300,A,2023-08-01,9999-12-31,Y,N,1139,37,디지털,,2026-09-13T23:00:00,synthetic-seeder
2026-09-13,202609,ENTR-VAS-POST-0203,ENTR-VAS-POST-0203-2,120203,VAS-MEDIA-02,미디어팩,Y,7700,A,2023-08-01,9999-12-31,Y,N,1139,37,디지털,,2026-09-13T23:00:00,synthetic-seeder
2026-09-13,202609,ENTR-VAS-POST-0203,ENTR-VAS-POST-0203-3,120203,VAS-RING-03,통화연결음,Y,1100,A,2023-08-01,9999-12-31,Y,N,1139,37,디지털,,2026-09-13T23:00:00,synthetic-seeder
2026-09-13,202609,ENTR-VAS-POST-0204,ENTR-VAS-POST-0204-1,120204,VAS-SAFE-01,스팸 차단,Y,3300,A,2023-08-01,9999-12-31,Y,N,1139,37,디지털,,2026-09-13T23:00:00,synthetic-seeder
2026-09-13,202609,ENTR-VAS-POST-0204,ENTR-VAS-POST-0204-2,120204,VAS-MEDIA-02,미디어팩,Y,7700,A,2023-08-01,9999-12-31,Y,N,1139,37,디지털,,2026-09-13T23:00:00,synthetic-seeder
2026-09-13,202609,ENTR-VAS-POST-0204,ENTR-VAS-POST-0204-3,120204,VAS-RING-03,통화연결음,Y,1100,A,2023-08-01,9999-12-31,Y,N,1139,37,디지털,,2026-09-13T23:00:00,synthetic-seeder
2026-09-13,202609,ENTR-VAS-POST-0205,ENTR-VAS-POST-0205-1,120205,VAS-SAFE-01,스팸 차단,Y,3300,A,2023-08-01,9999-12-31,Y,N,1139,37,디지털,,2026-09-13T23:00:00,synthetic-seeder
2026-09-13,202609,ENTR-VAS-POST-0205,ENTR-VAS-POST-0205-2,120205,VAS-MEDIA-02,미디어팩,Y,7700,A,2023-08-01,9999-12-31,Y,N,1139,37,디지털,,2026-09-13T23:00:00,synthetic-seeder
2026-09-13,202609,ENTR-VAS-POST-0205,ENTR-VAS-POST-0205-3,120205,VAS-RING-03,통화연결음,Y,1100,A,2023-08-01,9999-12-31,Y,N,1139,37,디지털,,2026-09-13T23:00:00,synthetic-seeder
2026-09-13,202609,ENTR-VAS-POST-0206,ENTR-VAS-POST-0206-1,120206,VAS-SAFE-01,스팸 차단,Y,3300,A,2023-08-01,9999-12-31,Y,N,1139,37,디지털,,2026-09-13T23:00:00,synthetic-seeder
2026-09-13,202609,ENTR-VAS-POST-0206,ENTR-VAS-POST-0206-2,120206,VAS-MEDIA-02,미디어팩,Y,7700,A,2023-08-01,9999-12-31,Y,N,1139,37,디지털,,2026-09-13T23:00:00,synthetic-seeder
2026-09-13,202609,ENTR-VAS-POST-0206,ENTR-VAS-POST-0206-3,120206,VAS-RING-03,통화연결음,Y,1100,A,2023-08-01,9999-12-31,Y,N,1139,37,디지털,,2026-09-13T23:00:00,synthetic-seeder
2026-09-13,202609,ENTR-VAS-POST-0207,ENTR-VAS-POST-0207-1,120207,VAS-SAFE-01,스팸 차단,Y,3300,A,2023-08-01,9999-12-31,Y,N,1139,37,디지털,,2026-09-13T23:00:00,synthetic-seeder
2026-09-13,202609,ENTR-VAS-POST-0207,ENTR-VAS-POST-0207-2,120207,VAS-MEDIA-02,미디어팩,Y,7700,A,2023-08-01,9999-12-31,Y,N,1139,37,디지털,,2026-09-13T23:00:00,synthetic-seeder
2026-09-13,202609,ENTR-VAS-POST-0207,ENTR-VAS-POST-0207-3,120207,VAS-RING-03,통화연결음,Y,1100,A,2023-08-01,9999-12-31,Y,N,1139,37,디지털,,2026-09-13T23:00:00,synthetic-seeder
2026-09-13,202609,ENTR-VAS-POST-0208,ENTR-VAS-POST-0208-1,120208,VAS-SAFE-01,스팸 차단,Y,3300,A,2023-08-01,9999-12-31,Y,N,1139,37,디지털,,2026-09-13T23:00:00,synthetic-seeder
2026-09-13,202609,ENTR-VAS-POST-0208,ENTR-VAS-POST-0208-2,120208,VAS-MEDIA-02,미디어팩,Y,7700,A,2023-08-01,9999-12-31,Y,N,1139,37,디지털,,2026-09-13T23:00:00,synthetic-seeder
2026-09-13,202609,ENTR-VAS-POST-0208,ENTR-VAS-POST-0208-3,120208,VAS-RING-03,통화연결음,Y,1100,A,2023-08-01,9999-12-31,Y,N,1139,37,디지털,,2026-09-13T23:00:00,synthetic-seeder
2026-09-13,202609,ENTR-VAS-POST-0209,ENTR-VAS-POST-0209-1,120209,VAS-SAFE-01,스팸 차단,Y,3300,A,2023-08-01,9999-12-31,Y,N,1139,37,디지털,,2026-09-13T23:00:00,synthetic-seeder
2026-09-13,202609,ENTR-VAS-POST-0209,ENTR-VAS-POST-0209-2,120209,VAS-MEDIA-02,미디어팩,Y,7700,A,2023-08-01,9999-12-31,Y,N,1139,37,디지털,,2026-09-13T23:00:00,synthetic-seeder
2026-09-13,202609,ENTR-VAS-POST-0209,ENTR-VAS-POST-0209-3,120209,VAS-RING-03,통화연결음,Y,1100,A,2023-08-01,9999-12-31,Y,N,1139,37,디지털,,2026-09-13T23:00:00,synthetic-seeder
2026-09-13,202609,ENTR-VAS-POST-0210,ENTR-VAS-POST-0210-1,120210,VAS-SAFE-01,스팸 차단,Y,3300,A,2023-08-01,9999-12-31,Y,N,1139,37,디지털,,2026-09-13T23:00:00,synthetic-seeder
2026-09-13,202609,ENTR-VAS-POST-0210,ENTR-VAS-POST-0210-2,120210,VAS-MEDIA-02,미디어팩,Y,7700,A,2023-08-01,9999-12-31,Y,N,1139,37,디지털,,2026-09-13T23:00:00,synthetic-seeder
2026-09-13,202609,ENTR-VAS-POST-0210,ENTR-VAS-POST-0210-3,120210,VAS-RING-03,통화연결음,Y,1100,A,2023-08-01,9999-12-31,Y,N,1139,37,디지털,,2026-09-13T23:00:00,synthetic-seeder
2026-09-13,202609,ENTR-VAS-POST-0211,ENTR-VAS-POST-0211-1,120211,VAS-SAFE-01,스팸 차단,Y,3300,A,2023-08-01,9999-12-31,Y,N,1139,37,디지털,,2026-09-13T23:00:00,synthetic-seeder
2026-09-13,202609,ENTR-VAS-POST-0211,ENTR-VAS-POST-0211-2,120211,VAS-MEDIA-02,미디어팩,Y,7700,A,2023-08-01,9999-12-31,Y,N,1139,37,디지털,,2026-09-13T23:00:00,synthetic-seeder
2026-09-13,202609,ENTR-VAS-POST-0211,ENTR-VAS-POST-0211-3,120211,VAS-RING-03,통화연결음,Y,1100,A,2023-08-01,9999-12-31,Y,N,1139,37,디지털,,2026-09-13T23:00:00,synthetic-seeder
2026-09-13,202609,ENTR-VAS-POST-0212,ENTR-VAS-POST-0212-1,120212,VAS-SAFE-01,스팸 차단,Y,3300,A,2023-08-01,9999-12-31,Y,N,1139,37,디지털,,2026-09-13T23:00:00,synthetic-seeder
2026-09-13,202609,ENTR-VAS-POST-0212,ENTR-VAS-POST-0212-2,120212,VAS-MEDIA-02,미디어팩,Y,7700,A,2023-08-01,9999-12-31,Y,N,1139,37,디지털,,2026-09-13T23:00:00,synthetic-seeder
2026-09-13,202609,ENTR-VAS-POST-0212,ENTR-VAS-POST-0212-3,120212,VAS-RING-03,통화연결음,Y,1100,A,2023-08-01,9999-12-31,Y,N,1139,37,디지털,,2026-09-13T23:00:00,synthetic-seeder
2026-09-13,202609,ENTR-VAS-POST-0213,ENTR-VAS-POST-0213-1,120213,VAS-SAFE-01,스팸 차단,Y,3300,A,2023-08-01,9999-12-31,Y,N,1139,37,디지털,,2026-09-13T23:00:00,synthetic-seeder
2026-09-13,202609,ENTR-VAS-POST-0213,ENTR-VAS-POST-0213-2,120213,VAS-MEDIA-02,미디어팩,Y,7700,A,2023-08-01,9999-12-31,Y,N,1139,37,디지털,,2026-09-13T23:00:00,synthetic-seeder
2026-09-13,202609,ENTR-VAS-POST-0213,ENTR-VAS-POST-0213-3,120213,VAS-RING-03,통화연결음,Y,1100,A,2023-08-01,9999-12-31,Y,N,1139,37,디지털,,2026-09-13T23:00:00,synthetic-seeder
2026-09-13,202609,ENTR-VAS-POST-0214,ENTR-VAS-POST-0214-1,120214,VAS-SAFE-01,스팸 차단,Y,3300,A,2023-08-01,9999-12-31,Y,N,1139,37,디지털,,2026-09-13T23:00:00,synthetic-seeder
2026-09-13,202609,ENTR-VAS-POST-0214,ENTR-VAS-POST-0214-2,120214,VAS-MEDIA-02,미디어팩,Y,7700,A,2023-08-01,9999-12-31,Y,N,1139,37,디지털,,2026-09-13T23:00:00,synthetic-seeder
2026-09-13,202609,ENTR-VAS-POST-0214,ENTR-VAS-POST-0214-3,120214,VAS-RING-03,통화연결음,Y,1100,A,2023-08-01,9999-12-31,Y,N,1139,37,디지털,,2026-09-13T23:00:00,synthetic-seeder
2026-09-13,202609,ENTR-VAS-POST-0215,ENTR-VAS-POST-0215-1,120215,VAS-SAFE-01,스팸 차단,Y,3300,A,2023-08-01,9999-12-31,Y,N,1139,37,디지털,,2026-09-13T23:00:00,synthetic-seeder
2026-09-13,202609,ENTR-VAS-POST-0215,ENTR-VAS-POST-0215-2,120215,VAS-MEDIA-02,미디어팩,Y,7700,A,2023-08-01,9999-12-31,Y,N,1139,37,디지털,,2026-09-13T23:00:00,synthetic-seeder
2026-09-13,202609,ENTR-VAS-POST-0215,ENTR-VAS-POST-0215-3,120215,VAS-RING-03,통화연결음,Y,1100,A,2023-08-01,9999-12-31,Y,N,1139,37,디지털,,2026-09-13T23:00:00,synthetic-seeder
2026-09-13,202609,ENTR-VAS-POST-0216,ENTR-VAS-POST-0216-1,120216,VAS-SAFE-01,스팸 차단,Y,3300,A,2023-08-01,9999-12-31,Y,N,1139,37,디지털,,2026-09-13T23:00:00,synthetic-seeder
2026-09-13,202609,ENTR-VAS-POST-0216,ENTR-VAS-POST-0216-2,120216,VAS-MEDIA-02,미디어팩,Y,7700,A,2023-08-01,9999-12-31,Y,N,1139,37,디지털,,2026-09-13T23:00:00,synthetic-seeder
2026-09-13,202609,ENTR-VAS-POST-0216,ENTR-VAS-POST-0216-3,120216,VAS-RING-03,통화연결음,Y,1100,A,2023-08-01,9999-12-31,Y,N,1139,37,디지털,,2026-09-13T23:00:00,synthetic-seeder
2026-09-13,202609,ENTR-VAS-POST-0217,ENTR-VAS-POST-0217-1,120217,VAS-SAFE-01,스팸 차단,Y,3300,A,2023-08-01,9999-12-31,Y,N,1139,37,디지털,,2026-09-13T23:00:00,synthetic-seeder
2026-09-13,202609,ENTR-VAS-POST-0217,ENTR-VAS-POST-0217-2,120217,VAS-MEDIA-02,미디어팩,Y,7700,A,2023-08-01,9999-12-31,Y,N,1139,37,디지털,,2026-09-13T23:00:00,synthetic-seeder
2026-09-13,202609,ENTR-VAS-POST-0217,ENTR-VAS-POST-0217-3,120217,VAS-RING-03,통화연결음,Y,1100,A,2023-08-01,9999-12-31,Y,N,1139,37,디지털,,2026-09-13T23:00:00,synthetic-seeder
2026-09-13,202609,ENTR-VAS-POST-0218,ENTR-VAS-POST-0218-1,120218,VAS-SAFE-01,스팸 차단,Y,3300,A,2023-08-01,9999-12-31,Y,N,1139,37,디지털,,2026-09-13T23:00:00,synthetic-seeder
2026-09-13,202609,ENTR-VAS-POST-0218,ENTR-VAS-POST-0218-2,120218,VAS-MEDIA-02,미디어팩,Y,7700,A,2023-08-01,9999-12-31,Y,N,1139,37,디지털,,2026-09-13T23:00:00,synthetic-seeder
2026-09-13,202609,ENTR-VAS-POST-0218,ENTR-VAS-POST-0218-3,120218,VAS-RING-03,통화연결음,Y,1100,A,2023-08-01,9999-12-31,Y,N,1139,37,디지털,,2026-09-13T23:00:00,synthetic-seeder
2026-09-13,202609,ENTR-VAS-POST-0219,ENTR-VAS-POST-0219-1,120219,VAS-SAFE-01,스팸 차단,Y,3300,A,2023-08-01,9999-12-31,Y,N,1139,37,디지털,,2026-09-13T23:00:00,synthetic-seeder
2026-09-13,202609,ENTR-VAS-POST-0219,ENTR-VAS-POST-0219-2,120219,VAS-MEDIA-02,미디어팩,Y,7700,A,2023-08-01,9999-12-31,Y,N,1139,37,디지털,,2026-09-13T23:00:00,synthetic-seeder
2026-09-13,202609,ENTR-VAS-POST-0219,ENTR-VAS-POST-0219-3,120219,VAS-RING-03,통화연결음,Y,1100,A,2023-08-01,9999-12-31,Y,N,1139,37,디지털,,2026-09-13T23:00:00,synthetic-seeder
2026-09-13,202609,ENTR-VAS-POST-0220,ENTR-VAS-POST-0220-1,120220,VAS-SAFE-01,스팸 차단,Y,3300,A,2023-08-01,9999-12-31,Y,N,1139,37,디지털,,2026-09-13T23:00:00,synthetic-seeder
2026-09-13,202609,ENTR-VAS-POST-0220,ENTR-VAS-POST-0220-2,120220,VAS-MEDIA-02,미디어팩,Y,7700,A,2023-08-01,9999-12-31,Y,N,1139,37,디지털,,2026-09-13T23:00:00,synthetic-seeder
2026-09-13,202609,ENTR-VAS-POST-0220,ENTR-VAS-POST-0220-3,120220,VAS-RING-03,통화연결음,Y,1100,A,2023-08-01,9999-12-31,Y,N,1139,37,디지털,,2026-09-13T23:00:00,synthetic-seeder
2026-09-13,202609,ENTR-VAS-POST-0221,ENTR-VAS-POST-0221-1,120221,VAS-SAFE-01,스팸 차단,Y,3300,A,2023-08-01,9999-12-31,Y,N,1139,37,디지털,,2026-09-13T23:00:00,synthetic-seeder
2026-09-13,202609,ENTR-VAS-POST-0221,ENTR-VAS-POST-0221-2,120221,VAS-MEDIA-02,미디어팩,Y,7700,A,2023-08-01,9999-12-31,Y,N,1139,37,디지털,,2026-09-13T23:00:00,synthetic-seeder
2026-09-13,202609,ENTR-VAS-POST-0221,ENTR-VAS-POST-0221-3,120221,VAS-RING-03,통화연결음,Y,1100,A,2023-08-01,9999-12-31,Y,N,1139,37,디지털,,2026-09-13T23:00:00,synthetic-seeder
2026-09-13,202609,ENTR-VAS-POST-0222,ENTR-VAS-POST-0222-1,120222,VAS-SAFE-01,스팸 차단,Y,3300,A,2023-08-01,9999-12-31,Y,N,1139,37,디지털,,2026-09-13T23:00:00,synthetic-seeder
2026-09-13,202609,ENTR-VAS-POST-0222,ENTR-VAS-POST-0222-2,120222,VAS-MEDIA-02,미디어팩,Y,7700,A,2023-08-01,9999-12-31,Y,N,1139,37,디지털,,2026-09-13T23:00:00,synthetic-seeder
2026-09-13,202609,ENTR-VAS-POST-0222,ENTR-VAS-POST-0222-3,120222,VAS-RING-03,통화연결음,Y,1100,A,2023-08-01,9999-12-31,Y,N,1139,37,디지털,,2026-09-13T23:00:00,synthetic-seeder
2026-09-13,202609,ENTR-VAS-POST-0223,ENTR-VAS-POST-0223-1,120223,VAS-SAFE-01,스팸 차단,Y,3300,A,2023-08-01,9999-12-31,Y,N,1139,37,디지털,,2026-09-13T23:00:00,synthetic-seeder
2026-09-13,202609,ENTR-VAS-POST-0223,ENTR-VAS-POST-0223-2,120223,VAS-MEDIA-02,미디어팩,Y,7700,A,2023-08-01,9999-12-31,Y,N,1139,37,디지털,,2026-09-13T23:00:00,synthetic-seeder
2026-09-13,202609,ENTR-VAS-POST-0223,ENTR-VAS-POST-0223-3,120223,VAS-RING-03,통화연결음,Y,1100,A,2023-08-01,9999-12-31,Y,N,1139,37,디지털,,2026-09-13T23:00:00,synthetic-seeder
2026-09-13,202609,ENTR-VAS-POST-0224,ENTR-VAS-POST-0224-1,120224,VAS-SAFE-01,스팸 차단,Y,3300,A,2023-08-01,9999-12-31,Y,N,1139,37,디지털,,2026-09-13T23:00:00,synthetic-seeder
2026-09-13,202609,ENTR-VAS-POST-0224,ENTR-VAS-POST-0224-2,120224,VAS-MEDIA-02,미디어팩,Y,7700,A,2023-08-01,9999-12-31,Y,N,1139,37,디지털,,2026-09-13T23:00:00,synthetic-seeder
2026-09-13,202609,ENTR-VAS-POST-0224,ENTR-VAS-POST-0224-3,120224,VAS-RING-03,통화연결음,Y,1100,A,2023-08-01,9999-12-31,Y,N,1139,37,디지털,,2026-09-13T23:00:00,synthetic-seeder
2026-09-13,202609,ENTR-VAS-POST-0225,ENTR-VAS-POST-0225-1,120225,VAS-SAFE-01,스팸 차단,Y,3300,A,2023-08-01,9999-12-31,Y,N,1139,37,디지털,,2026-09-13T23:00:00,synthetic-seeder
2026-09-13,202609,ENTR-VAS-POST-0225,ENTR-VAS-POST-0225-2,120225,VAS-MEDIA-02,미디어팩,Y,7700,A,2023-08-01,9999-12-31,Y,N,1139,37,디지털,,2026-09-13T23:00:00,synthetic-seeder
2026-09-13,202609,ENTR-VAS-POST-0225,ENTR-VAS-POST-0225-3,120225,VAS-RING-03,통화연결음,Y,1100,A,2023-08-01,9999-12-31,Y,N,1139,37,디지털,,2026-09-13T23:00:00,synthetic-seeder
2026-09-13,202609,ENTR-VAS-POST-0226,ENTR-VAS-POST-0226-1,120226,VAS-SAFE-01,스팸 차단,Y,3300,A,2023-08-01,9999-12-31,Y,N,1139,37,디지털,,2026-09-13T23:00:00,synthetic-seeder
2026-09-13,202609,ENTR-VAS-POST-0226,ENTR-VAS-POST-0226-2,120226,VAS-MEDIA-02,미디어팩,Y,7700,A,2023-08-01,9999-12-31,Y,N,1139,37,디지털,,2026-09-13T23:00:00,synthetic-seeder
2026-09-13,202609,ENTR-VAS-POST-0226,ENTR-VAS-POST-0226-3,120226,VAS-RING-03,통화연결음,Y,1100,A,2023-08-01,9999-12-31,Y,N,1139,37,디지털,,2026-09-13T23:00:00,synthetic-seeder
2026-09-13,202609,ENTR-VAS-POST-0227,ENTR-VAS-POST-0227-1,120227,VAS-SAFE-01,스팸 차단,Y,3300,A,2023-08-01,9999-12-31,Y,N,1139,37,디지털,,2026-09-13T23:00:00,synthetic-seeder
2026-09-13,202609,ENTR-VAS-POST-0227,ENTR-VAS-POST-0227-2,120227,VAS-MEDIA-02,미디어팩,Y,7700,A,2023-08-01,9999-12-31,Y,N,1139,37,디지털,,2026-09-13T23:00:00,synthetic-seeder
2026-09-13,202609,ENTR-VAS-POST-0227,ENTR-VAS-POST-0227-3,120227,VAS-RING-03,통화연결음,Y,1100,A,2023-08-01,9999-12-31,Y,N,1139,37,디지털,,2026-09-13T23:00:00,synthetic-seeder
2026-09-13,202609,ENTR-VAS-POST-0228,ENTR-VAS-POST-0228-1,120228,VAS-SAFE-01,스팸 차단,Y,3300,A,2023-08-01,9999-12-31,Y,N,1139,37,디지털,,2026-09-13T23:00:00,synthetic-seeder
2026-09-13,202609,ENTR-VAS-POST-0228,ENTR-VAS-POST-0228-2,120228,VAS-MEDIA-02,미디어팩,Y,7700,A,2023-08-01,9999-12-31,Y,N,1139,37,디지털,,2026-09-13T23:00:00,synthetic-seeder
2026-09-13,202609,ENTR-VAS-POST-0228,ENTR-VAS-POST-0228-3,120228,VAS-RING-03,통화연결음,Y,1100,A,2023-08-01,9999-12-31,Y,N,1139,37,디지털,,2026-09-13T23:00:00,synthetic-seeder
2026-09-13,202609,ENTR-VAS-POST-0229,ENTR-VAS-POST-0229-1,120229,VAS-SAFE-01,스팸 차단,Y,3300,A,2023-08-01,9999-12-31,Y,N,1139,37,디지털,,2026-09-13T23:00:00,synthetic-seeder
2026-09-13,202609,ENTR-VAS-POST-0229,ENTR-VAS-POST-0229-2,120229,VAS-MEDIA-02,미디어팩,Y,7700,A,2023-08-01,9999-12-31,Y,N,1139,37,디지털,,2026-09-13T23:00:00,synthetic-seeder
2026-09-13,202609,ENTR-VAS-POST-0229,ENTR-VAS-POST-0229-3,120229,VAS-RING-03,통화연결음,Y,1100,A,2023-08-01,9999-12-31,Y,N,1139,37,디지털,,2026-09-13T23:00:00,synthetic-seeder
2026-09-13,202609,ENTR-VAS-POST-0230,ENTR-VAS-POST-0230-1,120230,VAS-SAFE-01,스팸 차단,Y,3300,A,2023-08-01,9999-12-31,Y,N,1139,37,디지털,,2026-09-13T23:00:00,synthetic-seeder
2026-09-13,202609,ENTR-VAS-POST-0230,ENTR-VAS-POST-0230-2,120230,VAS-MEDIA-02,미디어팩,Y,7700,A,2023-08-01,9999-12-31,Y,N,1139,37,디지털,,2026-09-13T23:00:00,synthetic-seeder
2026-09-13,202609,ENTR-VAS-POST-0230,ENTR-VAS-POST-0230-3,120230,VAS-RING-03,통화연결음,Y,1100,A,2023-08-01,9999-12-31,Y,N,1139,37,디지털,,2026-09-13T23:00:00,synthetic-seeder
2026-09-13,202609,ENTR-VAS-POST-0231,ENTR-VAS-POST-0231-1,120231,VAS-SAFE-01,스팸 차단,Y,3300,A,2023-08-01,9999-12-31,Y,N,1139,37,디지털,,2026-09-13T23:00:00,synthetic-seeder
2026-09-13,202609,ENTR-VAS-POST-0231,ENTR-VAS-POST-0231-2,120231,VAS-MEDIA-02,미디어팩,Y,7700,A,2023-08-01,9999-12-31,Y,N,1139,37,디지털,,2026-09-13T23:00:00,synthetic-seeder
2026-09-13,202609,ENTR-VAS-POST-0231,ENTR-VAS-POST-0231-3,120231,VAS-RING-03,통화연결음,Y,1100,A,2023-08-01,9999-12-31,Y,N,1139,37,디지털,,2026-09-13T23:00:00,synthetic-seeder
2026-09-13,202609,ENTR-VAS-POST-0232,ENTR-VAS-POST-0232-1,120232,VAS-SAFE-01,스팸 차단,Y,3300,A,2023-08-01,9999-12-31,Y,N,1139,37,디지털,,2026-09-13T23:00:00,synthetic-seeder
2026-09-13,202609,ENTR-VAS-POST-0232,ENTR-VAS-POST-0232-2,120232,VAS-MEDIA-02,미디어팩,Y,7700,A,2023-08-01,9999-12-31,Y,N,1139,37,디지털,,2026-09-13T23:00:00,synthetic-seeder
2026-09-13,202609,ENTR-VAS-POST-0232,ENTR-VAS-POST-0232-3,120232,VAS-RING-03,통화연결음,Y,1100,A,2023-08-01,9999-12-31,Y,N,1139,37,디지털,,2026-09-13T23:00:00,synthetic-seeder
2026-09-13,202609,ENTR-VAS-POST-0233,ENTR-VAS-POST-0233-1,120233,VAS-SAFE-01,스팸 차단,Y,3300,A,2023-08-01,9999-12-31,Y,N,1139,37,디지털,,2026-09-13T23:00:00,synthetic-seeder
2026-09-13,202609,ENTR-VAS-POST-0233,ENTR-VAS-POST-0233-2,120233,VAS-MEDIA-02,미디어팩,Y,7700,A,2023-08-01,9999-12-31,Y,N,1139,37,디지털,,2026-09-13T23:00:00,synthetic-seeder
2026-09-13,202609,ENTR-VAS-POST-0233,ENTR-VAS-POST-0233-3,120233,VAS-RING-03,통화연결음,Y,1100,A,2023-08-01,9999-12-31,Y,N,1139,37,디지털,,2026-09-13T23:00:00,synthetic-seeder
2026-09-13,202609,ENTR-VAS-POST-0234,ENTR-VAS-POST-0234-1,120234,VAS-SAFE-01,스팸 차단,Y,3300,A,2023-08-01,9999-12-31,Y,N,1139,37,디지털,,2026-09-13T23:00:00,synthetic-seeder
2026-09-13,202609,ENTR-VAS-POST-0234,ENTR-VAS-POST-0234-2,120234,VAS-MEDIA-02,미디어팩,Y,7700,A,2023-08-01,9999-12-31,Y,N,1139,37,디지털,,2026-09-13T23:00:00,synthetic-seeder
2026-09-13,202609,ENTR-VAS-POST-0234,ENTR-VAS-POST-0234-3,120234,VAS-RING-03,통화연결음,Y,1100,A,2023-08-01,9999-12-31,Y,N,1139,37,디지털,,2026-09-13T23:00:00,synthetic-seeder
2026-09-13,202609,ENTR-VAS-POST-0235,ENTR-VAS-POST-0235-1,120235,VAS-SAFE-01,스팸 차단,Y,3300,A,2023-08-01,9999-12-31,Y,N,1139,37,디지털,,2026-09-13T23:00:00,synthetic-seeder
2026-09-13,202609,ENTR-VAS-POST-0235,ENTR-VAS-POST-0235-2,120235,VAS-MEDIA-02,미디어팩,Y,7700,A,2023-08-01,9999-12-31,Y,N,1139,37,디지털,,2026-09-13T23:00:00,synthetic-seeder
2026-09-13,202609,ENTR-VAS-POST-0235,ENTR-VAS-POST-0235-3,120235,VAS-RING-03,통화연결음,Y,1100,A,2023-08-01,9999-12-31,Y,N,1139,37,디지털,,2026-09-13T23:00:00,synthetic-seeder
2026-09-13,202609,ENTR-VAS-POST-0236,ENTR-VAS-POST-0236-1,120236,VAS-SAFE-01,스팸 차단,Y,3300,A,2023-08-01,9999-12-31,Y,N,1139,37,디지털,,2026-09-13T23:00:00,synthetic-seeder
2026-09-13,202609,ENTR-VAS-POST-0236,ENTR-VAS-POST-0236-2,120236,VAS-MEDIA-02,미디어팩,Y,7700,A,2023-08-01,9999-12-31,Y,N,1139,37,디지털,,2026-09-13T23:00:00,synthetic-seeder
2026-09-13,202609,ENTR-VAS-POST-0236,ENTR-VAS-POST-0236-3,120236,VAS-RING-03,통화연결음,Y,1100,A,2023-08-01,9999-12-31,Y,N,1139,37,디지털,,2026-09-13T23:00:00,synthetic-seeder
2026-09-13,202609,ENTR-VAS-POST-0237,ENTR-VAS-POST-0237-1,120237,VAS-SAFE-01,스팸 차단,Y,3300,A,2023-08-01,9999-12-31,Y,N,1139,37,디지털,,2026-09-13T23:00:00,synthetic-seeder
2026-09-13,202609,ENTR-VAS-POST-0237,ENTR-VAS-POST-0237-2,120237,VAS-MEDIA-02,미디어팩,Y,7700,A,2023-08-01,9999-12-31,Y,N,1139,37,디지털,,2026-09-13T23:00:00,synthetic-seeder
2026-09-13,202609,ENTR-VAS-POST-0237,ENTR-VAS-POST-0237-3,120237,VAS-RING-03,통화연결음,Y,1100,A,2023-08-01,9999-12-31,Y,N,1139,37,디지털,,2026-09-13T23:00:00,synthetic-seeder
2026-09-13,202609,ENTR-VAS-POST-0238,ENTR-VAS-POST-0238-1,120238,VAS-SAFE-01,스팸 차단,Y,3300,A,2023-08-01,9999-12-31,Y,N,1139,37,디지털,,2026-09-13T23:00:00,synthetic-seeder
2026-09-13,202609,ENTR-VAS-POST-0238,ENTR-VAS-POST-0238-2,120238,VAS-MEDIA-02,미디어팩,Y,7700,A,2023-08-01,9999-12-31,Y,N,1139,37,디지털,,2026-09-13T23:00:00,synthetic-seeder
2026-09-13,202609,ENTR-VAS-POST-0238,ENTR-VAS-POST-0238-3,120238,VAS-RING-03,통화연결음,Y,1100,A,2023-08-01,9999-12-31,Y,N,1139,37,디지털,,2026-09-13T23:00:00,synthetic-seeder
2026-09-13,202609,ENTR-VAS-POST-0239,ENTR-VAS-POST-0239-1,120239,VAS-SAFE-01,스팸 차단,Y,3300,A,2023-08-01,9999-12-31,Y,N,1139,37,디지털,,2026-09-13T23:00:00,synthetic-seeder
2026-09-13,202609,ENTR-VAS-POST-0239,ENTR-VAS-POST-0239-2,120239,VAS-MEDIA-02,미디어팩,Y,7700,A,2023-08-01,9999-12-31,Y,N,1139,37,디지털,,2026-09-13T23:00:00,synthetic-seeder
2026-09-13,202609,ENTR-VAS-POST-0239,ENTR-VAS-POST-0239-3,120239,VAS-RING-03,통화연결음,Y,1100,A,2023-08-01,9999-12-31,Y,N,1139,37,디지털,,2026-09-13T23:00:00,synthetic-seeder
2026-09-13,202609,ENTR-VAS-POST-0240,ENTR-VAS-POST-0240-1,120240,VAS-SAFE-01,스팸 차단,Y,3300,A,2023-08-01,9999-12-31,Y,N,1139,37,디지털,,2026-09-13T23:00:00,synthetic-seeder
2026-09-13,202609,ENTR-VAS-POST-0240,ENTR-VAS-POST-0240-2,120240,VAS-MEDIA-02,미디어팩,Y,7700,A,2023-08-01,9999-12-31,Y,N,1139,37,디지털,,2026-09-13T23:00:00,synthetic-seeder
2026-09-13,202609,ENTR-VAS-POST-0240,ENTR-VAS-POST-0240-3,120240,VAS-RING-03,통화연결음,Y,1100,A,2023-08-01,9999-12-31,Y,N,1139,37,디지털,,2026-09-13T23:00:00,synthetic-seeder
2026-09-13,202609,ENTR-VAS-POST-0241,ENTR-VAS-POST-0241-1,120241,VAS-SAFE-01,스팸 차단,Y,3300,A,2023-08-01,9999-12-31,Y,N,1139,37,디지털,,2026-09-13T23:00:00,synthetic-seeder
2026-09-13,202609,ENTR-VAS-POST-0241,ENTR-VAS-POST-0241-2,120241,VAS-MEDIA-02,미디어팩,Y,7700,A,2023-08-01,9999-12-31,Y,N,1139,37,디지털,,2026-09-13T23:00:00,synthetic-seeder
2026-09-13,202609,ENTR-VAS-POST-0241,ENTR-VAS-POST-0241-3,120241,VAS-RING-03,통화연결음,Y,1100,A,2023-08-01,9999-12-31,Y,N,1139,37,디지털,,2026-09-13T23:00:00,synthetic-seeder
2026-09-13,202609,ENTR-VAS-POST-0242,ENTR-VAS-POST-0242-1,120242,VAS-SAFE-01,스팸 차단,Y,3300,A,2023-08-01,9999-12-31,Y,N,1139,37,디지털,,2026-09-13T23:00:00,synthetic-seeder
2026-09-13,202609,ENTR-VAS-POST-0242,ENTR-VAS-POST-0242-2,120242,VAS-MEDIA-02,미디어팩,Y,7700,A,2023-08-01,9999-12-31,Y,N,1139,37,디지털,,2026-09-13T23:00:00,synthetic-seeder
2026-09-13,202609,ENTR-VAS-POST-0242,ENTR-VAS-POST-0242-3,120242,VAS-RING-03,통화연결음,Y,1100,A,2023-08-01,9999-12-31,Y,N,1139,37,디지털,,2026-09-13T23:00:00,synthetic-seeder
2026-09-13,202609,ENTR-VAS-POST-0243,ENTR-VAS-POST-0243-1,120243,VAS-SAFE-01,스팸 차단,Y,3300,A,2023-08-01,9999-12-31,Y,N,1139,37,디지털,,2026-09-13T23:00:00,synthetic-seeder
2026-09-13,202609,ENTR-VAS-POST-0243,ENTR-VAS-POST-0243-2,120243,VAS-MEDIA-02,미디어팩,Y,7700,A,2023-08-01,9999-12-31,Y,N,1139,37,디지털,,2026-09-13T23:00:00,synthetic-seeder
2026-09-13,202609,ENTR-VAS-POST-0243,ENTR-VAS-POST-0243-3,120243,VAS-RING-03,통화연결음,Y,1100,A,2023-08-01,9999-12-31,Y,N,1139,37,디지털,,2026-09-13T23:00:00,synthetic-seeder
2026-09-13,202609,ENTR-VAS-POST-0244,ENTR-VAS-POST-0244-1,120244,VAS-SAFE-01,스팸 차단,Y,3300,A,2023-08-01,9999-12-31,Y,N,1139,37,디지털,,2026-09-13T23:00:00,synthetic-seeder
2026-09-13,202609,ENTR-VAS-POST-0244,ENTR-VAS-POST-0244-2,120244,VAS-MEDIA-02,미디어팩,Y,7700,A,2023-08-01,9999-12-31,Y,N,1139,37,디지털,,2026-09-13T23:00:00,synthetic-seeder
2026-09-13,202609,ENTR-VAS-POST-0244,ENTR-VAS-POST-0244-3,120244,VAS-RING-03,통화연결음,Y,1100,A,2023-08-01,9999-12-31,Y,N,1139,37,디지털,,2026-09-13T23:00:00,synthetic-seeder
2026-09-13,202609,ENTR-VAS-POST-0245,ENTR-VAS-POST-0245-1,120245,VAS-SAFE-01,스팸 차단,Y,3300,A,2023-08-01,9999-12-31,Y,N,1139,37,디지털,,2026-09-13T23:00:00,synthetic-seeder
2026-09-13,202609,ENTR-VAS-POST-0245,ENTR-VAS-POST-0245-2,120245,VAS-MEDIA-02,미디어팩,Y,7700,A,2023-08-01,9999-12-31,Y,N,1139,37,디지털,,2026-09-13T23:00:00,synthetic-seeder
2026-09-13,202609,ENTR-VAS-POST-0245,ENTR-VAS-POST-0245-3,120245,VAS-RING-03,통화연결음,Y,1100,A,2023-08-01,9999-12-31,Y,N,1139,37,디지털,,2026-09-13T23:00:00,synthetic-seeder
2026-09-13,202609,ENTR-VAS-POST-0246,ENTR-VAS-POST-0246-1,120246,VAS-SAFE-01,스팸 차단,Y,3300,A,2023-08-01,9999-12-31,Y,N,1139,37,디지털,,2026-09-13T23:00:00,synthetic-seeder
2026-09-13,202609,ENTR-VAS-POST-0246,ENTR-VAS-POST-0246-2,120246,VAS-MEDIA-02,미디어팩,Y,7700,A,2023-08-01,9999-12-31,Y,N,1139,37,디지털,,2026-09-13T23:00:00,synthetic-seeder
2026-09-13,202609,ENTR-VAS-POST-0246,ENTR-VAS-POST-0246-3,120246,VAS-RING-03,통화연결음,Y,1100,A,2023-08-01,9999-12-31,Y,N,1139,37,디지털,,2026-09-13T23:00:00,synthetic-seeder
2026-09-13,202609,ENTR-VAS-POST-0247,ENTR-VAS-POST-0247-1,120247,VAS-SAFE-01,스팸 차단,Y,3300,A,2023-08-01,9999-12-31,Y,N,1139,37,디지털,,2026-09-13T23:00:00,synthetic-seeder
2026-09-13,202609,ENTR-VAS-POST-0247,ENTR-VAS-POST-0247-2,120247,VAS-MEDIA-02,미디어팩,Y,7700,A,2023-08-01,9999-12-31,Y,N,1139,37,디지털,,2026-09-13T23:00:00,synthetic-seeder
2026-09-13,202609,ENTR-VAS-POST-0247,ENTR-VAS-POST-0247-3,120247,VAS-RING-03,통화연결음,Y,1100,A,2023-08-01,9999-12-31,Y,N,1139,37,디지털,,2026-09-13T23:00:00,synthetic-seeder
2026-09-13,202609,ENTR-VAS-POST-0248,ENTR-VAS-POST-0248-1,120248,VAS-SAFE-01,스팸 차단,Y,3300,A,2023-08-01,9999-12-31,Y,N,1139,37,디지털,,2026-09-13T23:00:00,synthetic-seeder
2026-09-13,202609,ENTR-VAS-POST-0248,ENTR-VAS-POST-0248-2,120248,VAS-MEDIA-02,미디어팩,Y,7700,A,2023-08-01,9999-12-31,Y,N,1139,37,디지털,,2026-09-13T23:00:00,synthetic-seeder
2026-09-13,202609,ENTR-VAS-POST-0248,ENTR-VAS-POST-0248-3,120248,VAS-RING-03,통화연결음,Y,1100,A,2023-08-01,9999-12-31,Y,N,1139,37,디지털,,2026-09-13T23:00:00,synthetic-seeder
2026-09-13,202609,ENTR-VAS-POST-0249,ENTR-VAS-POST-0249-1,120249,VAS-SAFE-01,스팸 차단,Y,3300,A,2023-08-01,9999-12-31,Y,N,1139,37,디지털,,2026-09-13T23:00:00,synthetic-seeder
2026-09-13,202609,ENTR-VAS-POST-0249,ENTR-VAS-POST-0249-2,120249,VAS-MEDIA-02,미디어팩,Y,7700,A,2023-08-01,9999-12-31,Y,N,1139,37,디지털,,2026-09-13T23:00:00,synthetic-seeder
2026-09-13,202609,ENTR-VAS-POST-0249,ENTR-VAS-POST-0249-3,120249,VAS-RING-03,통화연결음,Y,1100,A,2023-08-01,9999-12-31,Y,N,1139,37,디지털,,2026-09-13T23:00:00,synthetic-seeder
2026-09-13,202609,ENTR-VAS-POST-0250,ENTR-VAS-POST-0250-1,120250,VAS-SAFE-01,스팸 차단,Y,3300,A,2023-08-01,9999-12-31,Y,N,1139,37,디지털,,2026-09-13T23:00:00,synthetic-seeder
2026-09-13,202609,ENTR-VAS-POST-0250,ENTR-VAS-POST-0250-2,120250,VAS-MEDIA-02,미디어팩,Y,7700,A,2023-08-01,9999-12-31,Y,N,1139,37,디지털,,2026-09-13T23:00:00,synthetic-seeder
2026-09-13,202609,ENTR-VAS-POST-0250,ENTR-VAS-POST-0250-3,120250,VAS-RING-03,통화연결음,Y,1100,A,2023-08-01,9999-12-31,Y,N,1139,37,디지털,,2026-09-13T23:00:00,synthetic-seeder
2026-09-14,202609,ENTR-VAS-POST-0301,ENTR-VAS-POST-0301-1,120301,VAS-SAFE-01,스팸 차단,Y,3300,A,2023-08-01,9999-12-31,Y,N,1140,37,디지털,,2026-09-14T23:00:00,synthetic-seeder
2026-09-14,202609,ENTR-VAS-POST-0301,ENTR-VAS-POST-0301-2,120301,VAS-MEDIA-02,미디어팩,Y,7700,A,2023-08-01,9999-12-31,Y,N,1140,37,디지털,,2026-09-14T23:00:00,synthetic-seeder
2026-09-14,202609,ENTR-VAS-POST-0301,ENTR-VAS-POST-0301-3,120301,VAS-RING-03,통화연결음,Y,1100,A,2023-08-01,9999-12-31,Y,N,1140,37,디지털,,2026-09-14T23:00:00,synthetic-seeder
2026-09-14,202609,ENTR-VAS-POST-0302,ENTR-VAS-POST-0302-1,120302,VAS-SAFE-01,스팸 차단,Y,3300,A,2023-08-01,9999-12-31,Y,N,1140,37,디지털,,2026-09-14T23:00:00,synthetic-seeder
2026-09-14,202609,ENTR-VAS-POST-0302,ENTR-VAS-POST-0302-2,120302,VAS-MEDIA-02,미디어팩,Y,7700,A,2023-08-01,9999-12-31,Y,N,1140,37,디지털,,2026-09-14T23:00:00,synthetic-seeder
2026-09-14,202609,ENTR-VAS-POST-0302,ENTR-VAS-POST-0302-3,120302,VAS-RING-03,통화연결음,Y,1100,A,2023-08-01,9999-12-31,Y,N,1140,37,디지털,,2026-09-14T23:00:00,synthetic-seeder
2026-09-14,202609,ENTR-VAS-POST-0303,ENTR-VAS-POST-0303-1,120303,VAS-SAFE-01,스팸 차단,Y,3300,A,2023-08-01,9999-12-31,Y,N,1140,37,디지털,,2026-09-14T23:00:00,synthetic-seeder
2026-09-14,202609,ENTR-VAS-POST-0303,ENTR-VAS-POST-0303-2,120303,VAS-MEDIA-02,미디어팩,Y,7700,A,2023-08-01,9999-12-31,Y,N,1140,37,디지털,,2026-09-14T23:00:00,synthetic-seeder
2026-09-14,202609,ENTR-VAS-POST-0303,ENTR-VAS-POST-0303-3,120303,VAS-RING-03,통화연결음,Y,1100,A,2023-08-01,9999-12-31,Y,N,1140,37,디지털,,2026-09-14T23:00:00,synthetic-seeder
2026-09-14,202609,ENTR-VAS-POST-0304,ENTR-VAS-POST-0304-1,120304,VAS-SAFE-01,스팸 차단,Y,3300,A,2023-08-01,9999-12-31,Y,N,1140,37,디지털,,2026-09-14T23:00:00,synthetic-seeder
2026-09-14,202609,ENTR-VAS-POST-0304,ENTR-VAS-POST-0304-2,120304,VAS-MEDIA-02,미디어팩,Y,7700,A,2023-08-01,9999-12-31,Y,N,1140,37,디지털,,2026-09-14T23:00:00,synthetic-seeder
2026-09-14,202609,ENTR-VAS-POST-0304,ENTR-VAS-POST-0304-3,120304,VAS-RING-03,통화연결음,Y,1100,A,2023-08-01,9999-12-31,Y,N,1140,37,디지털,,2026-09-14T23:00:00,synthetic-seeder
2026-09-14,202609,ENTR-VAS-POST-0305,ENTR-VAS-POST-0305-1,120305,VAS-SAFE-01,스팸 차단,Y,3300,A,2023-08-01,9999-12-31,Y,N,1140,37,디지털,,2026-09-14T23:00:00,synthetic-seeder
2026-09-14,202609,ENTR-VAS-POST-0305,ENTR-VAS-POST-0305-2,120305,VAS-MEDIA-02,미디어팩,Y,7700,A,2023-08-01,9999-12-31,Y,N,1140,37,디지털,,2026-09-14T23:00:00,synthetic-seeder
2026-09-14,202609,ENTR-VAS-POST-0305,ENTR-VAS-POST-0305-3,120305,VAS-RING-03,통화연결음,Y,1100,A,2023-08-01,9999-12-31,Y,N,1140,37,디지털,,2026-09-14T23:00:00,synthetic-seeder
2026-09-14,202609,ENTR-VAS-POST-0306,ENTR-VAS-POST-0306-1,120306,VAS-SAFE-01,스팸 차단,Y,3300,A,2023-08-01,9999-12-31,Y,N,1140,37,디지털,,2026-09-14T23:00:00,synthetic-seeder
2026-09-14,202609,ENTR-VAS-POST-0306,ENTR-VAS-POST-0306-2,120306,VAS-MEDIA-02,미디어팩,Y,7700,A,2023-08-01,9999-12-31,Y,N,1140,37,디지털,,2026-09-14T23:00:00,synthetic-seeder
2026-09-14,202609,ENTR-VAS-POST-0306,ENTR-VAS-POST-0306-3,120306,VAS-RING-03,통화연결음,Y,1100,A,2023-08-01,9999-12-31,Y,N,1140,37,디지털,,2026-09-14T23:00:00,synthetic-seeder
2026-09-14,202609,ENTR-VAS-POST-0307,ENTR-VAS-POST-0307-1,120307,VAS-SAFE-01,스팸 차단,Y,3300,A,2023-08-01,9999-12-31,Y,N,1140,37,디지털,,2026-09-14T23:00:00,synthetic-seeder
2026-09-14,202609,ENTR-VAS-POST-0307,ENTR-VAS-POST-0307-2,120307,VAS-MEDIA-02,미디어팩,Y,7700,A,2023-08-01,9999-12-31,Y,N,1140,37,디지털,,2026-09-14T23:00:00,synthetic-seeder
2026-09-14,202609,ENTR-VAS-POST-0307,ENTR-VAS-POST-0307-3,120307,VAS-RING-03,통화연결음,Y,1100,A,2023-08-01,9999-12-31,Y,N,1140,37,디지털,,2026-09-14T23:00:00,synthetic-seeder
2026-09-14,202609,ENTR-VAS-POST-0308,ENTR-VAS-POST-0308-1,120308,VAS-SAFE-01,스팸 차단,Y,3300,A,2023-08-01,9999-12-31,Y,N,1140,37,디지털,,2026-09-14T23:00:00,synthetic-seeder
2026-09-14,202609,ENTR-VAS-POST-0308,ENTR-VAS-POST-0308-2,120308,VAS-MEDIA-02,미디어팩,Y,7700,A,2023-08-01,9999-12-31,Y,N,1140,37,디지털,,2026-09-14T23:00:00,synthetic-seeder
2026-09-14,202609,ENTR-VAS-POST-0308,ENTR-VAS-POST-0308-3,120308,VAS-RING-03,통화연결음,Y,1100,A,2023-08-01,9999-12-31,Y,N,1140,37,디지털,,2026-09-14T23:00:00,synthetic-seeder
2026-09-14,202609,ENTR-VAS-POST-0309,ENTR-VAS-POST-0309-1,120309,VAS-SAFE-01,스팸 차단,Y,3300,A,2023-08-01,9999-12-31,Y,N,1140,37,디지털,,2026-09-14T23:00:00,synthetic-seeder
2026-09-14,202609,ENTR-VAS-POST-0309,ENTR-VAS-POST-0309-2,120309,VAS-MEDIA-02,미디어팩,Y,7700,A,2023-08-01,9999-12-31,Y,N,1140,37,디지털,,2026-09-14T23:00:00,synthetic-seeder
2026-09-14,202609,ENTR-VAS-POST-0309,ENTR-VAS-POST-0309-3,120309,VAS-RING-03,통화연결음,Y,1100,A,2023-08-01,9999-12-31,Y,N,1140,37,디지털,,2026-09-14T23:00:00,synthetic-seeder
2026-09-14,202609,ENTR-VAS-POST-0310,ENTR-VAS-POST-0310-1,120310,VAS-SAFE-01,스팸 차단,Y,3300,A,2023-08-01,9999-12-31,Y,N,1140,37,디지털,,2026-09-14T23:00:00,synthetic-seeder
2026-09-14,202609,ENTR-VAS-POST-0310,ENTR-VAS-POST-0310-2,120310,VAS-MEDIA-02,미디어팩,Y,7700,A,2023-08-01,9999-12-31,Y,N,1140,37,디지털,,2026-09-14T23:00:00,synthetic-seeder
2026-09-14,202609,ENTR-VAS-POST-0310,ENTR-VAS-POST-0310-3,120310,VAS-RING-03,통화연결음,Y,1100,A,2023-08-01,9999-12-31,Y,N,1140,37,디지털,,2026-09-14T23:00:00,synthetic-seeder
2026-09-14,202609,ENTR-VAS-POST-0311,ENTR-VAS-POST-0311-1,120311,VAS-SAFE-01,스팸 차단,Y,3300,A,2023-08-01,9999-12-31,Y,N,1140,37,디지털,,2026-09-14T23:00:00,synthetic-seeder
2026-09-14,202609,ENTR-VAS-POST-0311,ENTR-VAS-POST-0311-2,120311,VAS-MEDIA-02,미디어팩,Y,7700,A,2023-08-01,9999-12-31,Y,N,1140,37,디지털,,2026-09-14T23:00:00,synthetic-seeder
2026-09-14,202609,ENTR-VAS-POST-0311,ENTR-VAS-POST-0311-3,120311,VAS-RING-03,통화연결음,Y,1100,A,2023-08-01,9999-12-31,Y,N,1140,37,디지털,,2026-09-14T23:00:00,synthetic-seeder
2026-09-14,202609,ENTR-VAS-POST-0312,ENTR-VAS-POST-0312-1,120312,VAS-SAFE-01,스팸 차단,Y,3300,A,2023-08-01,9999-12-31,Y,N,1140,37,디지털,,2026-09-14T23:00:00,synthetic-seeder
2026-09-14,202609,ENTR-VAS-POST-0312,ENTR-VAS-POST-0312-2,120312,VAS-MEDIA-02,미디어팩,Y,7700,A,2023-08-01,9999-12-31,Y,N,1140,37,디지털,,2026-09-14T23:00:00,synthetic-seeder
2026-09-14,202609,ENTR-VAS-POST-0312,ENTR-VAS-POST-0312-3,120312,VAS-RING-03,통화연결음,Y,1100,A,2023-08-01,9999-12-31,Y,N,1140,37,디지털,,2026-09-14T23:00:00,synthetic-seeder
2026-09-14,202609,ENTR-VAS-POST-0313,ENTR-VAS-POST-0313-1,120313,VAS-SAFE-01,스팸 차단,Y,3300,A,2023-08-01,9999-12-31,Y,N,1140,37,디지털,,2026-09-14T23:00:00,synthetic-seeder
2026-09-14,202609,ENTR-VAS-POST-0313,ENTR-VAS-POST-0313-2,120313,VAS-MEDIA-02,미디어팩,Y,7700,A,2023-08-01,9999-12-31,Y,N,1140,37,디지털,,2026-09-14T23:00:00,synthetic-seeder
2026-09-14,202609,ENTR-VAS-POST-0313,ENTR-VAS-POST-0313-3,120313,VAS-RING-03,통화연결음,Y,1100,A,2023-08-01,9999-12-31,Y,N,1140,37,디지털,,2026-09-14T23:00:00,synthetic-seeder
2026-09-14,202609,ENTR-VAS-POST-0314,ENTR-VAS-POST-0314-1,120314,VAS-SAFE-01,스팸 차단,Y,3300,A,2023-08-01,9999-12-31,Y,N,1140,37,디지털,,2026-09-14T23:00:00,synthetic-seeder
2026-09-14,202609,ENTR-VAS-POST-0314,ENTR-VAS-POST-0314-2,120314,VAS-MEDIA-02,미디어팩,Y,7700,A,2023-08-01,9999-12-31,Y,N,1140,37,디지털,,2026-09-14T23:00:00,synthetic-seeder
2026-09-14,202609,ENTR-VAS-POST-0314,ENTR-VAS-POST-0314-3,120314,VAS-RING-03,통화연결음,Y,1100,A,2023-08-01,9999-12-31,Y,N,1140,37,디지털,,2026-09-14T23:00:00,synthetic-seeder
2026-09-14,202609,ENTR-VAS-POST-0315,ENTR-VAS-POST-0315-1,120315,VAS-SAFE-01,스팸 차단,Y,3300,A,2023-08-01,9999-12-31,Y,N,1140,37,디지털,,2026-09-14T23:00:00,synthetic-seeder
2026-09-14,202609,ENTR-VAS-POST-0315,ENTR-VAS-POST-0315-2,120315,VAS-MEDIA-02,미디어팩,Y,7700,A,2023-08-01,9999-12-31,Y,N,1140,37,디지털,,2026-09-14T23:00:00,synthetic-seeder
2026-09-14,202609,ENTR-VAS-POST-0315,ENTR-VAS-POST-0315-3,120315,VAS-RING-03,통화연결음,Y,1100,A,2023-08-01,9999-12-31,Y,N,1140,37,디지털,,2026-09-14T23:00:00,synthetic-seeder
2026-09-14,202609,ENTR-VAS-POST-0316,ENTR-VAS-POST-0316-1,120316,VAS-SAFE-01,스팸 차단,Y,3300,A,2023-08-01,9999-12-31,Y,N,1140,37,디지털,,2026-09-14T23:00:00,synthetic-seeder
2026-09-14,202609,ENTR-VAS-POST-0316,ENTR-VAS-POST-0316-2,120316,VAS-MEDIA-02,미디어팩,Y,7700,A,2023-08-01,9999-12-31,Y,N,1140,37,디지털,,2026-09-14T23:00:00,synthetic-seeder
2026-09-14,202609,ENTR-VAS-POST-0316,ENTR-VAS-POST-0316-3,120316,VAS-RING-03,통화연결음,Y,1100,A,2023-08-01,9999-12-31,Y,N,1140,37,디지털,,2026-09-14T23:00:00,synthetic-seeder
2026-09-14,202609,ENTR-VAS-POST-0317,ENTR-VAS-POST-0317-1,120317,VAS-SAFE-01,스팸 차단,Y,3300,A,2023-08-01,9999-12-31,Y,N,1140,37,디지털,,2026-09-14T23:00:00,synthetic-seeder
2026-09-14,202609,ENTR-VAS-POST-0317,ENTR-VAS-POST-0317-2,120317,VAS-MEDIA-02,미디어팩,Y,7700,A,2023-08-01,9999-12-31,Y,N,1140,37,디지털,,2026-09-14T23:00:00,synthetic-seeder
2026-09-14,202609,ENTR-VAS-POST-0317,ENTR-VAS-POST-0317-3,120317,VAS-RING-03,통화연결음,Y,1100,A,2023-08-01,9999-12-31,Y,N,1140,37,디지털,,2026-09-14T23:00:00,synthetic-seeder
2026-09-14,202609,ENTR-VAS-POST-0318,ENTR-VAS-POST-0318-1,120318,VAS-SAFE-01,스팸 차단,Y,3300,A,2023-08-01,9999-12-31,Y,N,1140,37,디지털,,2026-09-14T23:00:00,synthetic-seeder
2026-09-14,202609,ENTR-VAS-POST-0318,ENTR-VAS-POST-0318-2,120318,VAS-MEDIA-02,미디어팩,Y,7700,A,2023-08-01,9999-12-31,Y,N,1140,37,디지털,,2026-09-14T23:00:00,synthetic-seeder
2026-09-14,202609,ENTR-VAS-POST-0318,ENTR-VAS-POST-0318-3,120318,VAS-RING-03,통화연결음,Y,1100,A,2023-08-01,9999-12-31,Y,N,1140,37,디지털,,2026-09-14T23:00:00,synthetic-seeder
2026-09-14,202609,ENTR-VAS-POST-0319,ENTR-VAS-POST-0319-1,120319,VAS-SAFE-01,스팸 차단,Y,3300,A,2023-08-01,9999-12-31,Y,N,1140,37,디지털,,2026-09-14T23:00:00,synthetic-seeder
2026-09-14,202609,ENTR-VAS-POST-0319,ENTR-VAS-POST-0319-2,120319,VAS-MEDIA-02,미디어팩,Y,7700,A,2023-08-01,9999-12-31,Y,N,1140,37,디지털,,2026-09-14T23:00:00,synthetic-seeder
2026-09-14,202609,ENTR-VAS-POST-0319,ENTR-VAS-POST-0319-3,120319,VAS-RING-03,통화연결음,Y,1100,A,2023-08-01,9999-12-31,Y,N,1140,37,디지털,,2026-09-14T23:00:00,synthetic-seeder
2026-09-14,202609,ENTR-VAS-POST-0320,ENTR-VAS-POST-0320-1,120320,VAS-SAFE-01,스팸 차단,Y,3300,A,2023-08-01,9999-12-31,Y,N,1140,37,디지털,,2026-09-14T23:00:00,synthetic-seeder
2026-09-14,202609,ENTR-VAS-POST-0320,ENTR-VAS-POST-0320-2,120320,VAS-MEDIA-02,미디어팩,Y,7700,A,2023-08-01,9999-12-31,Y,N,1140,37,디지털,,2026-09-14T23:00:00,synthetic-seeder
2026-09-14,202609,ENTR-VAS-POST-0320,ENTR-VAS-POST-0320-3,120320,VAS-RING-03,통화연결음,Y,1100,A,2023-08-01,9999-12-31,Y,N,1140,37,디지털,,2026-09-14T23:00:00,synthetic-seeder
2026-09-14,202609,ENTR-VAS-POST-0321,ENTR-VAS-POST-0321-1,120321,VAS-SAFE-01,스팸 차단,Y,3300,A,2023-08-01,9999-12-31,Y,N,1140,37,디지털,,2026-09-14T23:00:00,synthetic-seeder
2026-09-14,202609,ENTR-VAS-POST-0321,ENTR-VAS-POST-0321-2,120321,VAS-MEDIA-02,미디어팩,Y,7700,A,2023-08-01,9999-12-31,Y,N,1140,37,디지털,,2026-09-14T23:00:00,synthetic-seeder
2026-09-14,202609,ENTR-VAS-POST-0321,ENTR-VAS-POST-0321-3,120321,VAS-RING-03,통화연결음,Y,1100,A,2023-08-01,9999-12-31,Y,N,1140,37,디지털,,2026-09-14T23:00:00,synthetic-seeder
2026-09-14,202609,ENTR-VAS-POST-0322,ENTR-VAS-POST-0322-1,120322,VAS-SAFE-01,스팸 차단,Y,3300,A,2023-08-01,9999-12-31,Y,N,1140,37,디지털,,2026-09-14T23:00:00,synthetic-seeder
2026-09-14,202609,ENTR-VAS-POST-0322,ENTR-VAS-POST-0322-2,120322,VAS-MEDIA-02,미디어팩,Y,7700,A,2023-08-01,9999-12-31,Y,N,1140,37,디지털,,2026-09-14T23:00:00,synthetic-seeder
2026-09-14,202609,ENTR-VAS-POST-0322,ENTR-VAS-POST-0322-3,120322,VAS-RING-03,통화연결음,Y,1100,A,2023-08-01,9999-12-31,Y,N,1140,37,디지털,,2026-09-14T23:00:00,synthetic-seeder
2026-09-14,202609,ENTR-VAS-POST-0323,ENTR-VAS-POST-0323-1,120323,VAS-SAFE-01,스팸 차단,Y,3300,A,2023-08-01,9999-12-31,Y,N,1140,37,디지털,,2026-09-14T23:00:00,synthetic-seeder
2026-09-14,202609,ENTR-VAS-POST-0323,ENTR-VAS-POST-0323-2,120323,VAS-MEDIA-02,미디어팩,Y,7700,A,2023-08-01,9999-12-31,Y,N,1140,37,디지털,,2026-09-14T23:00:00,synthetic-seeder
2026-09-14,202609,ENTR-VAS-POST-0323,ENTR-VAS-POST-0323-3,120323,VAS-RING-03,통화연결음,Y,1100,A,2023-08-01,9999-12-31,Y,N,1140,37,디지털,,2026-09-14T23:00:00,synthetic-seeder
2026-09-14,202609,ENTR-VAS-POST-0324,ENTR-VAS-POST-0324-1,120324,VAS-SAFE-01,스팸 차단,Y,3300,A,2023-08-01,9999-12-31,Y,N,1140,37,디지털,,2026-09-14T23:00:00,synthetic-seeder
2026-09-14,202609,ENTR-VAS-POST-0324,ENTR-VAS-POST-0324-2,120324,VAS-MEDIA-02,미디어팩,Y,7700,A,2023-08-01,9999-12-31,Y,N,1140,37,디지털,,2026-09-14T23:00:00,synthetic-seeder
2026-09-14,202609,ENTR-VAS-POST-0324,ENTR-VAS-POST-0324-3,120324,VAS-RING-03,통화연결음,Y,1100,A,2023-08-01,9999-12-31,Y,N,1140,37,디지털,,2026-09-14T23:00:00,synthetic-seeder
2026-09-14,202609,ENTR-VAS-POST-0325,ENTR-VAS-POST-0325-1,120325,VAS-SAFE-01,스팸 차단,Y,3300,A,2023-08-01,9999-12-31,Y,N,1140,37,디지털,,2026-09-14T23:00:00,synthetic-seeder
2026-09-14,202609,ENTR-VAS-POST-0325,ENTR-VAS-POST-0325-2,120325,VAS-MEDIA-02,미디어팩,Y,7700,A,2023-08-01,9999-12-31,Y,N,1140,37,디지털,,2026-09-14T23:00:00,synthetic-seeder
2026-09-14,202609,ENTR-VAS-POST-0325,ENTR-VAS-POST-0325-3,120325,VAS-RING-03,통화연결음,Y,1100,A,2023-08-01,9999-12-31,Y,N,1140,37,디지털,,2026-09-14T23:00:00,synthetic-seeder
2026-09-14,202609,ENTR-VAS-POST-0326,ENTR-VAS-POST-0326-1,120326,VAS-SAFE-01,스팸 차단,Y,3300,A,2023-08-01,9999-12-31,Y,N,1140,37,디지털,,2026-09-14T23:00:00,synthetic-seeder
2026-09-14,202609,ENTR-VAS-POST-0326,ENTR-VAS-POST-0326-2,120326,VAS-MEDIA-02,미디어팩,Y,7700,A,2023-08-01,9999-12-31,Y,N,1140,37,디지털,,2026-09-14T23:00:00,synthetic-seeder
2026-09-14,202609,ENTR-VAS-POST-0326,ENTR-VAS-POST-0326-3,120326,VAS-RING-03,통화연결음,Y,1100,A,2023-08-01,9999-12-31,Y,N,1140,37,디지털,,2026-09-14T23:00:00,synthetic-seeder
2026-09-14,202609,ENTR-VAS-POST-0327,ENTR-VAS-POST-0327-1,120327,VAS-SAFE-01,스팸 차단,Y,3300,A,2023-08-01,9999-12-31,Y,N,1140,37,디지털,,2026-09-14T23:00:00,synthetic-seeder
2026-09-14,202609,ENTR-VAS-POST-0327,ENTR-VAS-POST-0327-2,120327,VAS-MEDIA-02,미디어팩,Y,7700,A,2023-08-01,9999-12-31,Y,N,1140,37,디지털,,2026-09-14T23:00:00,synthetic-seeder
2026-09-14,202609,ENTR-VAS-POST-0327,ENTR-VAS-POST-0327-3,120327,VAS-RING-03,통화연결음,Y,1100,A,2023-08-01,9999-12-31,Y,N,1140,37,디지털,,2026-09-14T23:00:00,synthetic-seeder
2026-09-14,202609,ENTR-VAS-POST-0328,ENTR-VAS-POST-0328-1,120328,VAS-SAFE-01,스팸 차단,Y,3300,A,2023-08-01,9999-12-31,Y,N,1140,37,디지털,,2026-09-14T23:00:00,synthetic-seeder
2026-09-14,202609,ENTR-VAS-POST-0328,ENTR-VAS-POST-0328-2,120328,VAS-MEDIA-02,미디어팩,Y,7700,A,2023-08-01,9999-12-31,Y,N,1140,37,디지털,,2026-09-14T23:00:00,synthetic-seeder
2026-09-14,202609,ENTR-VAS-POST-0328,ENTR-VAS-POST-0328-3,120328,VAS-RING-03,통화연결음,Y,1100,A,2023-08-01,9999-12-31,Y,N,1140,37,디지털,,2026-09-14T23:00:00,synthetic-seeder
2026-09-14,202609,ENTR-VAS-POST-0329,ENTR-VAS-POST-0329-1,120329,VAS-SAFE-01,스팸 차단,Y,3300,A,2023-08-01,9999-12-31,Y,N,1140,37,디지털,,2026-09-14T23:00:00,synthetic-seeder
2026-09-14,202609,ENTR-VAS-POST-0329,ENTR-VAS-POST-0329-2,120329,VAS-MEDIA-02,미디어팩,Y,7700,A,2023-08-01,9999-12-31,Y,N,1140,37,디지털,,2026-09-14T23:00:00,synthetic-seeder
2026-09-14,202609,ENTR-VAS-POST-0329,ENTR-VAS-POST-0329-3,120329,VAS-RING-03,통화연결음,Y,1100,A,2023-08-01,9999-12-31,Y,N,1140,37,디지털,,2026-09-14T23:00:00,synthetic-seeder
2026-09-14,202609,ENTR-VAS-POST-0330,ENTR-VAS-POST-0330-1,120330,VAS-SAFE-01,스팸 차단,Y,3300,A,2023-08-01,9999-12-31,Y,N,1140,37,디지털,,2026-09-14T23:00:00,synthetic-seeder
2026-09-14,202609,ENTR-VAS-POST-0330,ENTR-VAS-POST-0330-2,120330,VAS-MEDIA-02,미디어팩,Y,7700,A,2023-08-01,9999-12-31,Y,N,1140,37,디지털,,2026-09-14T23:00:00,synthetic-seeder
2026-09-14,202609,ENTR-VAS-POST-0330,ENTR-VAS-POST-0330-3,120330,VAS-RING-03,통화연결음,Y,1100,A,2023-08-01,9999-12-31,Y,N,1140,37,디지털,,2026-09-14T23:00:00,synthetic-seeder
2026-09-14,202609,ENTR-VAS-POST-0331,ENTR-VAS-POST-0331-1,120331,VAS-SAFE-01,스팸 차단,Y,3300,A,2023-08-01,9999-12-31,Y,N,1140,37,디지털,,2026-09-14T23:00:00,synthetic-seeder
2026-09-14,202609,ENTR-VAS-POST-0331,ENTR-VAS-POST-0331-2,120331,VAS-MEDIA-02,미디어팩,Y,7700,A,2023-08-01,9999-12-31,Y,N,1140,37,디지털,,2026-09-14T23:00:00,synthetic-seeder
2026-09-14,202609,ENTR-VAS-POST-0331,ENTR-VAS-POST-0331-3,120331,VAS-RING-03,통화연결음,Y,1100,A,2023-08-01,9999-12-31,Y,N,1140,37,디지털,,2026-09-14T23:00:00,synthetic-seeder
2026-09-14,202609,ENTR-VAS-POST-0332,ENTR-VAS-POST-0332-1,120332,VAS-SAFE-01,스팸 차단,Y,3300,A,2023-08-01,9999-12-31,Y,N,1140,37,디지털,,2026-09-14T23:00:00,synthetic-seeder
2026-09-14,202609,ENTR-VAS-POST-0332,ENTR-VAS-POST-0332-2,120332,VAS-MEDIA-02,미디어팩,Y,7700,A,2023-08-01,9999-12-31,Y,N,1140,37,디지털,,2026-09-14T23:00:00,synthetic-seeder
2026-09-14,202609,ENTR-VAS-POST-0332,ENTR-VAS-POST-0332-3,120332,VAS-RING-03,통화연결음,Y,1100,A,2023-08-01,9999-12-31,Y,N,1140,37,디지털,,2026-09-14T23:00:00,synthetic-seeder
2026-09-14,202609,ENTR-VAS-POST-0333,ENTR-VAS-POST-0333-1,120333,VAS-SAFE-01,스팸 차단,Y,3300,A,2023-08-01,9999-12-31,Y,N,1140,37,디지털,,2026-09-14T23:00:00,synthetic-seeder
2026-09-14,202609,ENTR-VAS-POST-0333,ENTR-VAS-POST-0333-2,120333,VAS-MEDIA-02,미디어팩,Y,7700,A,2023-08-01,9999-12-31,Y,N,1140,37,디지털,,2026-09-14T23:00:00,synthetic-seeder
2026-09-14,202609,ENTR-VAS-POST-0333,ENTR-VAS-POST-0333-3,120333,VAS-RING-03,통화연결음,Y,1100,A,2023-08-01,9999-12-31,Y,N,1140,37,디지털,,2026-09-14T23:00:00,synthetic-seeder
2026-09-14,202609,ENTR-VAS-POST-0334,ENTR-VAS-POST-0334-1,120334,VAS-SAFE-01,스팸 차단,Y,3300,A,2023-08-01,9999-12-31,Y,N,1140,37,디지털,,2026-09-14T23:00:00,synthetic-seeder
2026-09-14,202609,ENTR-VAS-POST-0334,ENTR-VAS-POST-0334-2,120334,VAS-MEDIA-02,미디어팩,Y,7700,A,2023-08-01,9999-12-31,Y,N,1140,37,디지털,,2026-09-14T23:00:00,synthetic-seeder
2026-09-14,202609,ENTR-VAS-POST-0334,ENTR-VAS-POST-0334-3,120334,VAS-RING-03,통화연결음,Y,1100,A,2023-08-01,9999-12-31,Y,N,1140,37,디지털,,2026-09-14T23:00:00,synthetic-seeder
2026-09-14,202609,ENTR-VAS-POST-0335,ENTR-VAS-POST-0335-1,120335,VAS-SAFE-01,스팸 차단,Y,3300,A,2023-08-01,9999-12-31,Y,N,1140,37,디지털,,2026-09-14T23:00:00,synthetic-seeder
2026-09-14,202609,ENTR-VAS-POST-0335,ENTR-VAS-POST-0335-2,120335,VAS-MEDIA-02,미디어팩,Y,7700,A,2023-08-01,9999-12-31,Y,N,1140,37,디지털,,2026-09-14T23:00:00,synthetic-seeder
2026-09-14,202609,ENTR-VAS-POST-0335,ENTR-VAS-POST-0335-3,120335,VAS-RING-03,통화연결음,Y,1100,A,2023-08-01,9999-12-31,Y,N,1140,37,디지털,,2026-09-14T23:00:00,synthetic-seeder
2026-09-14,202609,ENTR-VAS-POST-0336,ENTR-VAS-POST-0336-1,120336,VAS-SAFE-01,스팸 차단,Y,3300,A,2023-08-01,9999-12-31,Y,N,1140,37,디지털,,2026-09-14T23:00:00,synthetic-seeder
2026-09-14,202609,ENTR-VAS-POST-0336,ENTR-VAS-POST-0336-2,120336,VAS-MEDIA-02,미디어팩,Y,7700,A,2023-08-01,9999-12-31,Y,N,1140,37,디지털,,2026-09-14T23:00:00,synthetic-seeder
2026-09-14,202609,ENTR-VAS-POST-0336,ENTR-VAS-POST-0336-3,120336,VAS-RING-03,통화연결음,Y,1100,A,2023-08-01,9999-12-31,Y,N,1140,37,디지털,,2026-09-14T23:00:00,synthetic-seeder
2026-09-14,202609,ENTR-VAS-POST-0337,ENTR-VAS-POST-0337-1,120337,VAS-SAFE-01,스팸 차단,Y,3300,A,2023-08-01,9999-12-31,Y,N,1140,37,디지털,,2026-09-14T23:00:00,synthetic-seeder
2026-09-14,202609,ENTR-VAS-POST-0337,ENTR-VAS-POST-0337-2,120337,VAS-MEDIA-02,미디어팩,Y,7700,A,2023-08-01,9999-12-31,Y,N,1140,37,디지털,,2026-09-14T23:00:00,synthetic-seeder
2026-09-14,202609,ENTR-VAS-POST-0337,ENTR-VAS-POST-0337-3,120337,VAS-RING-03,통화연결음,Y,1100,A,2023-08-01,9999-12-31,Y,N,1140,37,디지털,,2026-09-14T23:00:00,synthetic-seeder
2026-09-14,202609,ENTR-VAS-POST-0338,ENTR-VAS-POST-0338-1,120338,VAS-SAFE-01,스팸 차단,Y,3300,A,2023-08-01,9999-12-31,Y,N,1140,37,디지털,,2026-09-14T23:00:00,synthetic-seeder
2026-09-14,202609,ENTR-VAS-POST-0338,ENTR-VAS-POST-0338-2,120338,VAS-MEDIA-02,미디어팩,Y,7700,A,2023-08-01,9999-12-31,Y,N,1140,37,디지털,,2026-09-14T23:00:00,synthetic-seeder
2026-09-14,202609,ENTR-VAS-POST-0338,ENTR-VAS-POST-0338-3,120338,VAS-RING-03,통화연결음,Y,1100,A,2023-08-01,9999-12-31,Y,N,1140,37,디지털,,2026-09-14T23:00:00,synthetic-seeder
2026-09-14,202609,ENTR-VAS-POST-0339,ENTR-VAS-POST-0339-1,120339,VAS-SAFE-01,스팸 차단,Y,3300,A,2023-08-01,9999-12-31,Y,N,1140,37,디지털,,2026-09-14T23:00:00,synthetic-seeder
2026-09-14,202609,ENTR-VAS-POST-0339,ENTR-VAS-POST-0339-2,120339,VAS-MEDIA-02,미디어팩,Y,7700,A,2023-08-01,9999-12-31,Y,N,1140,37,디지털,,2026-09-14T23:00:00,synthetic-seeder
2026-09-14,202609,ENTR-VAS-POST-0339,ENTR-VAS-POST-0339-3,120339,VAS-RING-03,통화연결음,Y,1100,A,2023-08-01,9999-12-31,Y,N,1140,37,디지털,,2026-09-14T23:00:00,synthetic-seeder
2026-09-14,202609,ENTR-VAS-POST-0340,ENTR-VAS-POST-0340-1,120340,VAS-SAFE-01,스팸 차단,Y,3300,A,2023-08-01,9999-12-31,Y,N,1140,37,디지털,,2026-09-14T23:00:00,synthetic-seeder
2026-09-14,202609,ENTR-VAS-POST-0340,ENTR-VAS-POST-0340-2,120340,VAS-MEDIA-02,미디어팩,Y,7700,A,2023-08-01,9999-12-31,Y,N,1140,37,디지털,,2026-09-14T23:00:00,synthetic-seeder
2026-09-14,202609,ENTR-VAS-POST-0340,ENTR-VAS-POST-0340-3,120340,VAS-RING-03,통화연결음,Y,1100,A,2023-08-01,9999-12-31,Y,N,1140,37,디지털,,2026-09-14T23:00:00,synthetic-seeder
2026-09-14,202609,ENTR-VAS-POST-0341,ENTR-VAS-POST-0341-1,120341,VAS-SAFE-01,스팸 차단,Y,3300,A,2023-08-01,9999-12-31,Y,N,1140,37,디지털,,2026-09-14T23:00:00,synthetic-seeder
2026-09-14,202609,ENTR-VAS-POST-0341,ENTR-VAS-POST-0341-2,120341,VAS-MEDIA-02,미디어팩,Y,7700,A,2023-08-01,9999-12-31,Y,N,1140,37,디지털,,2026-09-14T23:00:00,synthetic-seeder
2026-09-14,202609,ENTR-VAS-POST-0341,ENTR-VAS-POST-0341-3,120341,VAS-RING-03,통화연결음,Y,1100,A,2023-08-01,9999-12-31,Y,N,1140,37,디지털,,2026-09-14T23:00:00,synthetic-seeder
2026-09-14,202609,ENTR-VAS-POST-0342,ENTR-VAS-POST-0342-1,120342,VAS-SAFE-01,스팸 차단,Y,3300,A,2023-08-01,9999-12-31,Y,N,1140,37,디지털,,2026-09-14T23:00:00,synthetic-seeder
2026-09-14,202609,ENTR-VAS-POST-0342,ENTR-VAS-POST-0342-2,120342,VAS-MEDIA-02,미디어팩,Y,7700,A,2023-08-01,9999-12-31,Y,N,1140,37,디지털,,2026-09-14T23:00:00,synthetic-seeder
2026-09-14,202609,ENTR-VAS-POST-0342,ENTR-VAS-POST-0342-3,120342,VAS-RING-03,통화연결음,Y,1100,A,2023-08-01,9999-12-31,Y,N,1140,37,디지털,,2026-09-14T23:00:00,synthetic-seeder
2026-09-14,202609,ENTR-VAS-POST-0343,ENTR-VAS-POST-0343-1,120343,VAS-SAFE-01,스팸 차단,Y,3300,A,2023-08-01,9999-12-31,Y,N,1140,37,디지털,,2026-09-14T23:00:00,synthetic-seeder
2026-09-14,202609,ENTR-VAS-POST-0343,ENTR-VAS-POST-0343-2,120343,VAS-MEDIA-02,미디어팩,Y,7700,A,2023-08-01,9999-12-31,Y,N,1140,37,디지털,,2026-09-14T23:00:00,synthetic-seeder
2026-09-14,202609,ENTR-VAS-POST-0343,ENTR-VAS-POST-0343-3,120343,VAS-RING-03,통화연결음,Y,1100,A,2023-08-01,9999-12-31,Y,N,1140,37,디지털,,2026-09-14T23:00:00,synthetic-seeder
2026-09-14,202609,ENTR-VAS-POST-0344,ENTR-VAS-POST-0344-1,120344,VAS-SAFE-01,스팸 차단,Y,3300,A,2023-08-01,9999-12-31,Y,N,1140,37,디지털,,2026-09-14T23:00:00,synthetic-seeder
2026-09-14,202609,ENTR-VAS-POST-0344,ENTR-VAS-POST-0344-2,120344,VAS-MEDIA-02,미디어팩,Y,7700,A,2023-08-01,9999-12-31,Y,N,1140,37,디지털,,2026-09-14T23:00:00,synthetic-seeder
2026-09-14,202609,ENTR-VAS-POST-0344,ENTR-VAS-POST-0344-3,120344,VAS-RING-03,통화연결음,Y,1100,A,2023-08-01,9999-12-31,Y,N,1140,37,디지털,,2026-09-14T23:00:00,synthetic-seeder
2026-09-14,202609,ENTR-VAS-POST-0345,ENTR-VAS-POST-0345-1,120345,VAS-SAFE-01,스팸 차단,Y,3300,A,2023-08-01,9999-12-31,Y,N,1140,37,디지털,,2026-09-14T23:00:00,synthetic-seeder
2026-09-14,202609,ENTR-VAS-POST-0345,ENTR-VAS-POST-0345-2,120345,VAS-MEDIA-02,미디어팩,Y,7700,A,2023-08-01,9999-12-31,Y,N,1140,37,디지털,,2026-09-14T23:00:00,synthetic-seeder
2026-09-14,202609,ENTR-VAS-POST-0345,ENTR-VAS-POST-0345-3,120345,VAS-RING-03,통화연결음,Y,1100,A,2023-08-01,9999-12-31,Y,N,1140,37,디지털,,2026-09-14T23:00:00,synthetic-seeder
2026-09-14,202609,ENTR-VAS-POST-0346,ENTR-VAS-POST-0346-1,120346,VAS-SAFE-01,스팸 차단,Y,3300,A,2023-08-01,9999-12-31,Y,N,1140,37,디지털,,2026-09-14T23:00:00,synthetic-seeder
2026-09-14,202609,ENTR-VAS-POST-0346,ENTR-VAS-POST-0346-2,120346,VAS-MEDIA-02,미디어팩,Y,7700,A,2023-08-01,9999-12-31,Y,N,1140,37,디지털,,2026-09-14T23:00:00,synthetic-seeder
2026-09-14,202609,ENTR-VAS-POST-0346,ENTR-VAS-POST-0346-3,120346,VAS-RING-03,통화연결음,Y,1100,A,2023-08-01,9999-12-31,Y,N,1140,37,디지털,,2026-09-14T23:00:00,synthetic-seeder
2026-09-14,202609,ENTR-VAS-POST-0347,ENTR-VAS-POST-0347-1,120347,VAS-SAFE-01,스팸 차단,Y,3300,A,2023-08-01,9999-12-31,Y,N,1140,37,디지털,,2026-09-14T23:00:00,synthetic-seeder
2026-09-14,202609,ENTR-VAS-POST-0347,ENTR-VAS-POST-0347-2,120347,VAS-MEDIA-02,미디어팩,Y,7700,A,2023-08-01,9999-12-31,Y,N,1140,37,디지털,,2026-09-14T23:00:00,synthetic-seeder
2026-09-14,202609,ENTR-VAS-POST-0347,ENTR-VAS-POST-0347-3,120347,VAS-RING-03,통화연결음,Y,1100,A,2023-08-01,9999-12-31,Y,N,1140,37,디지털,,2026-09-14T23:00:00,synthetic-seeder
2026-09-14,202609,ENTR-VAS-POST-0348,ENTR-VAS-POST-0348-1,120348,VAS-SAFE-01,스팸 차단,Y,3300,A,2023-08-01,9999-12-31,Y,N,1140,37,디지털,,2026-09-14T23:00:00,synthetic-seeder
2026-09-14,202609,ENTR-VAS-POST-0348,ENTR-VAS-POST-0348-2,120348,VAS-MEDIA-02,미디어팩,Y,7700,A,2023-08-01,9999-12-31,Y,N,1140,37,디지털,,2026-09-14T23:00:00,synthetic-seeder
2026-09-14,202609,ENTR-VAS-POST-0348,ENTR-VAS-POST-0348-3,120348,VAS-RING-03,통화연결음,Y,1100,A,2023-08-01,9999-12-31,Y,N,1140,37,디지털,,2026-09-14T23:00:00,synthetic-seeder
2026-09-14,202609,ENTR-VAS-POST-0349,ENTR-VAS-POST-0349-1,120349,VAS-SAFE-01,스팸 차단,Y,3300,A,2023-08-01,9999-12-31,Y,N,1140,37,디지털,,2026-09-14T23:00:00,synthetic-seeder
2026-09-14,202609,ENTR-VAS-POST-0349,ENTR-VAS-POST-0349-2,120349,VAS-MEDIA-02,미디어팩,Y,7700,A,2023-08-01,9999-12-31,Y,N,1140,37,디지털,,2026-09-14T23:00:00,synthetic-seeder
2026-09-14,202609,ENTR-VAS-POST-0349,ENTR-VAS-POST-0349-3,120349,VAS-RING-03,통화연결음,Y,1100,A,2023-08-01,9999-12-31,Y,N,1140,37,디지털,,2026-09-14T23:00:00,synthetic-seeder
2026-09-14,202609,ENTR-VAS-POST-0350,ENTR-VAS-POST-0350-1,120350,VAS-SAFE-01,스팸 차단,Y,3300,A,2023-08-01,9999-12-31,Y,N,1140,37,디지털,,2026-09-14T23:00:00,synthetic-seeder
2026-09-14,202609,ENTR-VAS-POST-0350,ENTR-VAS-POST-0350-2,120350,VAS-MEDIA-02,미디어팩,Y,7700,A,2023-08-01,9999-12-31,Y,N,1140,37,디지털,,2026-09-14T23:00:00,synthetic-seeder
2026-09-14,202609,ENTR-VAS-POST-0350,ENTR-VAS-POST-0350-3,120350,VAS-RING-03,통화연결음,Y,1100,A,2023-08-01,9999-12-31,Y,N,1140,37,디지털,,2026-09-14T23:00:00,synthetic-seeder
2026-09-15,202609,ENTR-VAS-POST-0401,ENTR-VAS-POST-0401-1,120401,VAS-SAFE-01,스팸 차단,Y,3300,A,2023-08-01,9999-12-31,Y,N,1141,37,디지털,,2026-09-15T23:00:00,synthetic-seeder
2026-09-15,202609,ENTR-VAS-POST-0401,ENTR-VAS-POST-0401-2,120401,VAS-MEDIA-02,미디어팩,Y,7700,A,2023-08-01,9999-12-31,Y,N,1141,37,디지털,,2026-09-15T23:00:00,synthetic-seeder
2026-09-15,202609,ENTR-VAS-POST-0401,ENTR-VAS-POST-0401-3,120401,VAS-RING-03,통화연결음,Y,1100,A,2023-08-01,9999-12-31,Y,N,1141,37,디지털,,2026-09-15T23:00:00,synthetic-seeder
2026-09-15,202609,ENTR-VAS-POST-0402,ENTR-VAS-POST-0402-1,120402,VAS-SAFE-01,스팸 차단,Y,3300,A,2023-08-01,9999-12-31,Y,N,1141,37,디지털,,2026-09-15T23:00:00,synthetic-seeder
2026-09-15,202609,ENTR-VAS-POST-0402,ENTR-VAS-POST-0402-2,120402,VAS-MEDIA-02,미디어팩,Y,7700,A,2023-08-01,9999-12-31,Y,N,1141,37,디지털,,2026-09-15T23:00:00,synthetic-seeder
2026-09-15,202609,ENTR-VAS-POST-0402,ENTR-VAS-POST-0402-3,120402,VAS-RING-03,통화연결음,Y,1100,A,2023-08-01,9999-12-31,Y,N,1141,37,디지털,,2026-09-15T23:00:00,synthetic-seeder
2026-09-15,202609,ENTR-VAS-POST-0403,ENTR-VAS-POST-0403-1,120403,VAS-SAFE-01,스팸 차단,Y,3300,A,2023-08-01,9999-12-31,Y,N,1141,37,디지털,,2026-09-15T23:00:00,synthetic-seeder
2026-09-15,202609,ENTR-VAS-POST-0403,ENTR-VAS-POST-0403-2,120403,VAS-MEDIA-02,미디어팩,Y,7700,A,2023-08-01,9999-12-31,Y,N,1141,37,디지털,,2026-09-15T23:00:00,synthetic-seeder
2026-09-15,202609,ENTR-VAS-POST-0403,ENTR-VAS-POST-0403-3,120403,VAS-RING-03,통화연결음,Y,1100,A,2023-08-01,9999-12-31,Y,N,1141,37,디지털,,2026-09-15T23:00:00,synthetic-seeder
2026-09-15,202609,ENTR-VAS-POST-0404,ENTR-VAS-POST-0404-1,120404,VAS-SAFE-01,스팸 차단,Y,3300,A,2023-08-01,9999-12-31,Y,N,1141,37,디지털,,2026-09-15T23:00:00,synthetic-seeder
2026-09-15,202609,ENTR-VAS-POST-0404,ENTR-VAS-POST-0404-2,120404,VAS-MEDIA-02,미디어팩,Y,7700,A,2023-08-01,9999-12-31,Y,N,1141,37,디지털,,2026-09-15T23:00:00,synthetic-seeder
2026-09-15,202609,ENTR-VAS-POST-0404,ENTR-VAS-POST-0404-3,120404,VAS-RING-03,통화연결음,Y,1100,A,2023-08-01,9999-12-31,Y,N,1141,37,디지털,,2026-09-15T23:00:00,synthetic-seeder
2026-09-15,202609,ENTR-VAS-POST-0405,ENTR-VAS-POST-0405-1,120405,VAS-SAFE-01,스팸 차단,Y,3300,A,2023-08-01,9999-12-31,Y,N,1141,37,디지털,,2026-09-15T23:00:00,synthetic-seeder
2026-09-15,202609,ENTR-VAS-POST-0405,ENTR-VAS-POST-0405-2,120405,VAS-MEDIA-02,미디어팩,Y,7700,A,2023-08-01,9999-12-31,Y,N,1141,37,디지털,,2026-09-15T23:00:00,synthetic-seeder
2026-09-15,202609,ENTR-VAS-POST-0405,ENTR-VAS-POST-0405-3,120405,VAS-RING-03,통화연결음,Y,1100,A,2023-08-01,9999-12-31,Y,N,1141,37,디지털,,2026-09-15T23:00:00,synthetic-seeder
2026-09-15,202609,ENTR-VAS-POST-0406,ENTR-VAS-POST-0406-1,120406,VAS-SAFE-01,스팸 차단,Y,3300,A,2023-08-01,9999-12-31,Y,N,1141,37,디지털,,2026-09-15T23:00:00,synthetic-seeder
2026-09-15,202609,ENTR-VAS-POST-0406,ENTR-VAS-POST-0406-2,120406,VAS-MEDIA-02,미디어팩,Y,7700,A,2023-08-01,9999-12-31,Y,N,1141,37,디지털,,2026-09-15T23:00:00,synthetic-seeder
2026-09-15,202609,ENTR-VAS-POST-0406,ENTR-VAS-POST-0406-3,120406,VAS-RING-03,통화연결음,Y,1100,A,2023-08-01,9999-12-31,Y,N,1141,37,디지털,,2026-09-15T23:00:00,synthetic-seeder
2026-09-15,202609,ENTR-VAS-POST-0407,ENTR-VAS-POST-0407-1,120407,VAS-SAFE-01,스팸 차단,Y,3300,A,2023-08-01,9999-12-31,Y,N,1141,37,디지털,,2026-09-15T23:00:00,synthetic-seeder
2026-09-15,202609,ENTR-VAS-POST-0407,ENTR-VAS-POST-0407-2,120407,VAS-MEDIA-02,미디어팩,Y,7700,A,2023-08-01,9999-12-31,Y,N,1141,37,디지털,,2026-09-15T23:00:00,synthetic-seeder
2026-09-15,202609,ENTR-VAS-POST-0407,ENTR-VAS-POST-0407-3,120407,VAS-RING-03,통화연결음,Y,1100,A,2023-08-01,9999-12-31,Y,N,1141,37,디지털,,2026-09-15T23:00:00,synthetic-seeder
2026-09-15,202609,ENTR-VAS-POST-0408,ENTR-VAS-POST-0408-1,120408,VAS-SAFE-01,스팸 차단,Y,3300,A,2023-08-01,9999-12-31,Y,N,1141,37,디지털,,2026-09-15T23:00:00,synthetic-seeder
2026-09-15,202609,ENTR-VAS-POST-0408,ENTR-VAS-POST-0408-2,120408,VAS-MEDIA-02,미디어팩,Y,7700,A,2023-08-01,9999-12-31,Y,N,1141,37,디지털,,2026-09-15T23:00:00,synthetic-seeder
2026-09-15,202609,ENTR-VAS-POST-0408,ENTR-VAS-POST-0408-3,120408,VAS-RING-03,통화연결음,Y,1100,A,2023-08-01,9999-12-31,Y,N,1141,37,디지털,,2026-09-15T23:00:00,synthetic-seeder
2026-09-15,202609,ENTR-VAS-POST-0409,ENTR-VAS-POST-0409-1,120409,VAS-SAFE-01,스팸 차단,Y,3300,A,2023-08-01,9999-12-31,Y,N,1141,37,디지털,,2026-09-15T23:00:00,synthetic-seeder
2026-09-15,202609,ENTR-VAS-POST-0409,ENTR-VAS-POST-0409-2,120409,VAS-MEDIA-02,미디어팩,Y,7700,A,2023-08-01,9999-12-31,Y,N,1141,37,디지털,,2026-09-15T23:00:00,synthetic-seeder
2026-09-15,202609,ENTR-VAS-POST-0409,ENTR-VAS-POST-0409-3,120409,VAS-RING-03,통화연결음,Y,1100,A,2023-08-01,9999-12-31,Y,N,1141,37,디지털,,2026-09-15T23:00:00,synthetic-seeder
2026-09-15,202609,ENTR-VAS-POST-0410,ENTR-VAS-POST-0410-1,120410,VAS-SAFE-01,스팸 차단,Y,3300,A,2023-08-01,9999-12-31,Y,N,1141,37,디지털,,2026-09-15T23:00:00,synthetic-seeder
2026-09-15,202609,ENTR-VAS-POST-0410,ENTR-VAS-POST-0410-2,120410,VAS-MEDIA-02,미디어팩,Y,7700,A,2023-08-01,9999-12-31,Y,N,1141,37,디지털,,2026-09-15T23:00:00,synthetic-seeder
2026-09-15,202609,ENTR-VAS-POST-0410,ENTR-VAS-POST-0410-3,120410,VAS-RING-03,통화연결음,Y,1100,A,2023-08-01,9999-12-31,Y,N,1141,37,디지털,,2026-09-15T23:00:00,synthetic-seeder
2026-09-15,202609,ENTR-VAS-POST-0411,ENTR-VAS-POST-0411-1,120411,VAS-SAFE-01,스팸 차단,Y,3300,A,2023-08-01,9999-12-31,Y,N,1141,37,디지털,,2026-09-15T23:00:00,synthetic-seeder
2026-09-15,202609,ENTR-VAS-POST-0411,ENTR-VAS-POST-0411-2,120411,VAS-MEDIA-02,미디어팩,Y,7700,A,2023-08-01,9999-12-31,Y,N,1141,37,디지털,,2026-09-15T23:00:00,synthetic-seeder
2026-09-15,202609,ENTR-VAS-POST-0411,ENTR-VAS-POST-0411-3,120411,VAS-RING-03,통화연결음,Y,1100,A,2023-08-01,9999-12-31,Y,N,1141,37,디지털,,2026-09-15T23:00:00,synthetic-seeder
2026-09-15,202609,ENTR-VAS-POST-0412,ENTR-VAS-POST-0412-1,120412,VAS-SAFE-01,스팸 차단,Y,3300,A,2023-08-01,9999-12-31,Y,N,1141,37,디지털,,2026-09-15T23:00:00,synthetic-seeder
2026-09-15,202609,ENTR-VAS-POST-0412,ENTR-VAS-POST-0412-2,120412,VAS-MEDIA-02,미디어팩,Y,7700,A,2023-08-01,9999-12-31,Y,N,1141,37,디지털,,2026-09-15T23:00:00,synthetic-seeder
2026-09-15,202609,ENTR-VAS-POST-0412,ENTR-VAS-POST-0412-3,120412,VAS-RING-03,통화연결음,Y,1100,A,2023-08-01,9999-12-31,Y,N,1141,37,디지털,,2026-09-15T23:00:00,synthetic-seeder
2026-09-15,202609,ENTR-VAS-POST-0413,ENTR-VAS-POST-0413-1,120413,VAS-SAFE-01,스팸 차단,Y,3300,A,2023-08-01,9999-12-31,Y,N,1141,37,디지털,,2026-09-15T23:00:00,synthetic-seeder
2026-09-15,202609,ENTR-VAS-POST-0413,ENTR-VAS-POST-0413-2,120413,VAS-MEDIA-02,미디어팩,Y,7700,A,2023-08-01,9999-12-31,Y,N,1141,37,디지털,,2026-09-15T23:00:00,synthetic-seeder
2026-09-15,202609,ENTR-VAS-POST-0413,ENTR-VAS-POST-0413-3,120413,VAS-RING-03,통화연결음,Y,1100,A,2023-08-01,9999-12-31,Y,N,1141,37,디지털,,2026-09-15T23:00:00,synthetic-seeder
2026-09-15,202609,ENTR-VAS-POST-0414,ENTR-VAS-POST-0414-1,120414,VAS-SAFE-01,스팸 차단,Y,3300,A,2023-08-01,9999-12-31,Y,N,1141,37,디지털,,2026-09-15T23:00:00,synthetic-seeder
2026-09-15,202609,ENTR-VAS-POST-0414,ENTR-VAS-POST-0414-2,120414,VAS-MEDIA-02,미디어팩,Y,7700,A,2023-08-01,9999-12-31,Y,N,1141,37,디지털,,2026-09-15T23:00:00,synthetic-seeder
2026-09-15,202609,ENTR-VAS-POST-0414,ENTR-VAS-POST-0414-3,120414,VAS-RING-03,통화연결음,Y,1100,A,2023-08-01,9999-12-31,Y,N,1141,37,디지털,,2026-09-15T23:00:00,synthetic-seeder
2026-09-15,202609,ENTR-VAS-POST-0415,ENTR-VAS-POST-0415-1,120415,VAS-SAFE-01,스팸 차단,Y,3300,A,2023-08-01,9999-12-31,Y,N,1141,37,디지털,,2026-09-15T23:00:00,synthetic-seeder
2026-09-15,202609,ENTR-VAS-POST-0415,ENTR-VAS-POST-0415-2,120415,VAS-MEDIA-02,미디어팩,Y,7700,A,2023-08-01,9999-12-31,Y,N,1141,37,디지털,,2026-09-15T23:00:00,synthetic-seeder
2026-09-15,202609,ENTR-VAS-POST-0415,ENTR-VAS-POST-0415-3,120415,VAS-RING-03,통화연결음,Y,1100,A,2023-08-01,9999-12-31,Y,N,1141,37,디지털,,2026-09-15T23:00:00,synthetic-seeder
2026-09-15,202609,ENTR-VAS-POST-0416,ENTR-VAS-POST-0416-1,120416,VAS-SAFE-01,스팸 차단,Y,3300,A,2023-08-01,9999-12-31,Y,N,1141,37,디지털,,2026-09-15T23:00:00,synthetic-seeder
2026-09-15,202609,ENTR-VAS-POST-0416,ENTR-VAS-POST-0416-2,120416,VAS-MEDIA-02,미디어팩,Y,7700,A,2023-08-01,9999-12-31,Y,N,1141,37,디지털,,2026-09-15T23:00:00,synthetic-seeder
2026-09-15,202609,ENTR-VAS-POST-0416,ENTR-VAS-POST-0416-3,120416,VAS-RING-03,통화연결음,Y,1100,A,2023-08-01,9999-12-31,Y,N,1141,37,디지털,,2026-09-15T23:00:00,synthetic-seeder
2026-09-15,202609,ENTR-VAS-POST-0417,ENTR-VAS-POST-0417-1,120417,VAS-SAFE-01,스팸 차단,Y,3300,A,2023-08-01,9999-12-31,Y,N,1141,37,디지털,,2026-09-15T23:00:00,synthetic-seeder
2026-09-15,202609,ENTR-VAS-POST-0417,ENTR-VAS-POST-0417-2,120417,VAS-MEDIA-02,미디어팩,Y,7700,A,2023-08-01,9999-12-31,Y,N,1141,37,디지털,,2026-09-15T23:00:00,synthetic-seeder
2026-09-15,202609,ENTR-VAS-POST-0417,ENTR-VAS-POST-0417-3,120417,VAS-RING-03,통화연결음,Y,1100,A,2023-08-01,9999-12-31,Y,N,1141,37,디지털,,2026-09-15T23:00:00,synthetic-seeder
2026-09-15,202609,ENTR-VAS-POST-0418,ENTR-VAS-POST-0418-1,120418,VAS-SAFE-01,스팸 차단,Y,3300,A,2023-08-01,9999-12-31,Y,N,1141,37,디지털,,2026-09-15T23:00:00,synthetic-seeder
2026-09-15,202609,ENTR-VAS-POST-0418,ENTR-VAS-POST-0418-2,120418,VAS-MEDIA-02,미디어팩,Y,7700,A,2023-08-01,9999-12-31,Y,N,1141,37,디지털,,2026-09-15T23:00:00,synthetic-seeder
2026-09-15,202609,ENTR-VAS-POST-0418,ENTR-VAS-POST-0418-3,120418,VAS-RING-03,통화연결음,Y,1100,A,2023-08-01,9999-12-31,Y,N,1141,37,디지털,,2026-09-15T23:00:00,synthetic-seeder
2026-09-15,202609,ENTR-VAS-POST-0419,ENTR-VAS-POST-0419-1,120419,VAS-SAFE-01,스팸 차단,Y,3300,A,2023-08-01,9999-12-31,Y,N,1141,37,디지털,,2026-09-15T23:00:00,synthetic-seeder
2026-09-15,202609,ENTR-VAS-POST-0419,ENTR-VAS-POST-0419-2,120419,VAS-MEDIA-02,미디어팩,Y,7700,A,2023-08-01,9999-12-31,Y,N,1141,37,디지털,,2026-09-15T23:00:00,synthetic-seeder
2026-09-15,202609,ENTR-VAS-POST-0419,ENTR-VAS-POST-0419-3,120419,VAS-RING-03,통화연결음,Y,1100,A,2023-08-01,9999-12-31,Y,N,1141,37,디지털,,2026-09-15T23:00:00,synthetic-seeder
2026-09-15,202609,ENTR-VAS-POST-0420,ENTR-VAS-POST-0420-1,120420,VAS-SAFE-01,스팸 차단,Y,3300,A,2023-08-01,9999-12-31,Y,N,1141,37,디지털,,2026-09-15T23:00:00,synthetic-seeder
2026-09-15,202609,ENTR-VAS-POST-0420,ENTR-VAS-POST-0420-2,120420,VAS-MEDIA-02,미디어팩,Y,7700,A,2023-08-01,9999-12-31,Y,N,1141,37,디지털,,2026-09-15T23:00:00,synthetic-seeder
2026-09-15,202609,ENTR-VAS-POST-0420,ENTR-VAS-POST-0420-3,120420,VAS-RING-03,통화연결음,Y,1100,A,2023-08-01,9999-12-31,Y,N,1141,37,디지털,,2026-09-15T23:00:00,synthetic-seeder
2026-09-15,202609,ENTR-VAS-POST-0421,ENTR-VAS-POST-0421-1,120421,VAS-SAFE-01,스팸 차단,Y,3300,A,2023-08-01,9999-12-31,Y,N,1141,37,디지털,,2026-09-15T23:00:00,synthetic-seeder
2026-09-15,202609,ENTR-VAS-POST-0421,ENTR-VAS-POST-0421-2,120421,VAS-MEDIA-02,미디어팩,Y,7700,A,2023-08-01,9999-12-31,Y,N,1141,37,디지털,,2026-09-15T23:00:00,synthetic-seeder
2026-09-15,202609,ENTR-VAS-POST-0421,ENTR-VAS-POST-0421-3,120421,VAS-RING-03,통화연결음,Y,1100,A,2023-08-01,9999-12-31,Y,N,1141,37,디지털,,2026-09-15T23:00:00,synthetic-seeder
2026-09-15,202609,ENTR-VAS-POST-0422,ENTR-VAS-POST-0422-1,120422,VAS-SAFE-01,스팸 차단,Y,3300,A,2023-08-01,9999-12-31,Y,N,1141,37,디지털,,2026-09-15T23:00:00,synthetic-seeder
2026-09-15,202609,ENTR-VAS-POST-0422,ENTR-VAS-POST-0422-2,120422,VAS-MEDIA-02,미디어팩,Y,7700,A,2023-08-01,9999-12-31,Y,N,1141,37,디지털,,2026-09-15T23:00:00,synthetic-seeder
2026-09-15,202609,ENTR-VAS-POST-0422,ENTR-VAS-POST-0422-3,120422,VAS-RING-03,통화연결음,Y,1100,A,2023-08-01,9999-12-31,Y,N,1141,37,디지털,,2026-09-15T23:00:00,synthetic-seeder
2026-09-15,202609,ENTR-VAS-POST-0423,ENTR-VAS-POST-0423-1,120423,VAS-SAFE-01,스팸 차단,Y,3300,A,2023-08-01,9999-12-31,Y,N,1141,37,디지털,,2026-09-15T23:00:00,synthetic-seeder
2026-09-15,202609,ENTR-VAS-POST-0423,ENTR-VAS-POST-0423-2,120423,VAS-MEDIA-02,미디어팩,Y,7700,A,2023-08-01,9999-12-31,Y,N,1141,37,디지털,,2026-09-15T23:00:00,synthetic-seeder
2026-09-15,202609,ENTR-VAS-POST-0423,ENTR-VAS-POST-0423-3,120423,VAS-RING-03,통화연결음,Y,1100,A,2023-08-01,9999-12-31,Y,N,1141,37,디지털,,2026-09-15T23:00:00,synthetic-seeder
2026-09-15,202609,ENTR-VAS-POST-0424,ENTR-VAS-POST-0424-1,120424,VAS-SAFE-01,스팸 차단,Y,3300,A,2023-08-01,9999-12-31,Y,N,1141,37,디지털,,2026-09-15T23:00:00,synthetic-seeder
2026-09-15,202609,ENTR-VAS-POST-0424,ENTR-VAS-POST-0424-2,120424,VAS-MEDIA-02,미디어팩,Y,7700,A,2023-08-01,9999-12-31,Y,N,1141,37,디지털,,2026-09-15T23:00:00,synthetic-seeder
2026-09-15,202609,ENTR-VAS-POST-0424,ENTR-VAS-POST-0424-3,120424,VAS-RING-03,통화연결음,Y,1100,A,2023-08-01,9999-12-31,Y,N,1141,37,디지털,,2026-09-15T23:00:00,synthetic-seeder
2026-09-15,202609,ENTR-VAS-POST-0425,ENTR-VAS-POST-0425-1,120425,VAS-SAFE-01,스팸 차단,Y,3300,A,2023-08-01,9999-12-31,Y,N,1141,37,디지털,,2026-09-15T23:00:00,synthetic-seeder
2026-09-15,202609,ENTR-VAS-POST-0425,ENTR-VAS-POST-0425-2,120425,VAS-MEDIA-02,미디어팩,Y,7700,A,2023-08-01,9999-12-31,Y,N,1141,37,디지털,,2026-09-15T23:00:00,synthetic-seeder
2026-09-15,202609,ENTR-VAS-POST-0425,ENTR-VAS-POST-0425-3,120425,VAS-RING-03,통화연결음,Y,1100,A,2023-08-01,9999-12-31,Y,N,1141,37,디지털,,2026-09-15T23:00:00,synthetic-seeder
2026-09-15,202609,ENTR-VAS-POST-0426,ENTR-VAS-POST-0426-1,120426,VAS-SAFE-01,스팸 차단,Y,3300,A,2023-08-01,9999-12-31,Y,N,1141,37,디지털,,2026-09-15T23:00:00,synthetic-seeder
2026-09-15,202609,ENTR-VAS-POST-0426,ENTR-VAS-POST-0426-2,120426,VAS-MEDIA-02,미디어팩,Y,7700,A,2023-08-01,9999-12-31,Y,N,1141,37,디지털,,2026-09-15T23:00:00,synthetic-seeder
2026-09-15,202609,ENTR-VAS-POST-0426,ENTR-VAS-POST-0426-3,120426,VAS-RING-03,통화연결음,Y,1100,A,2023-08-01,9999-12-31,Y,N,1141,37,디지털,,2026-09-15T23:00:00,synthetic-seeder
2026-09-15,202609,ENTR-VAS-POST-0427,ENTR-VAS-POST-0427-1,120427,VAS-SAFE-01,스팸 차단,Y,3300,A,2023-08-01,9999-12-31,Y,N,1141,37,디지털,,2026-09-15T23:00:00,synthetic-seeder
2026-09-15,202609,ENTR-VAS-POST-0427,ENTR-VAS-POST-0427-2,120427,VAS-MEDIA-02,미디어팩,Y,7700,A,2023-08-01,9999-12-31,Y,N,1141,37,디지털,,2026-09-15T23:00:00,synthetic-seeder
2026-09-15,202609,ENTR-VAS-POST-0427,ENTR-VAS-POST-0427-3,120427,VAS-RING-03,통화연결음,Y,1100,A,2023-08-01,9999-12-31,Y,N,1141,37,디지털,,2026-09-15T23:00:00,synthetic-seeder
2026-09-15,202609,ENTR-VAS-POST-0428,ENTR-VAS-POST-0428-1,120428,VAS-SAFE-01,스팸 차단,Y,3300,A,2023-08-01,9999-12-31,Y,N,1141,37,디지털,,2026-09-15T23:00:00,synthetic-seeder
2026-09-15,202609,ENTR-VAS-POST-0428,ENTR-VAS-POST-0428-2,120428,VAS-MEDIA-02,미디어팩,Y,7700,A,2023-08-01,9999-12-31,Y,N,1141,37,디지털,,2026-09-15T23:00:00,synthetic-seeder
2026-09-15,202609,ENTR-VAS-POST-0428,ENTR-VAS-POST-0428-3,120428,VAS-RING-03,통화연결음,Y,1100,A,2023-08-01,9999-12-31,Y,N,1141,37,디지털,,2026-09-15T23:00:00,synthetic-seeder
2026-09-15,202609,ENTR-VAS-POST-0429,ENTR-VAS-POST-0429-1,120429,VAS-SAFE-01,스팸 차단,Y,3300,A,2023-08-01,9999-12-31,Y,N,1141,37,디지털,,2026-09-15T23:00:00,synthetic-seeder
2026-09-15,202609,ENTR-VAS-POST-0429,ENTR-VAS-POST-0429-2,120429,VAS-MEDIA-02,미디어팩,Y,7700,A,2023-08-01,9999-12-31,Y,N,1141,37,디지털,,2026-09-15T23:00:00,synthetic-seeder
2026-09-15,202609,ENTR-VAS-POST-0429,ENTR-VAS-POST-0429-3,120429,VAS-RING-03,통화연결음,Y,1100,A,2023-08-01,9999-12-31,Y,N,1141,37,디지털,,2026-09-15T23:00:00,synthetic-seeder
2026-09-15,202609,ENTR-VAS-POST-0430,ENTR-VAS-POST-0430-1,120430,VAS-SAFE-01,스팸 차단,Y,3300,A,2023-08-01,9999-12-31,Y,N,1141,37,디지털,,2026-09-15T23:00:00,synthetic-seeder
2026-09-15,202609,ENTR-VAS-POST-0430,ENTR-VAS-POST-0430-2,120430,VAS-MEDIA-02,미디어팩,Y,7700,A,2023-08-01,9999-12-31,Y,N,1141,37,디지털,,2026-09-15T23:00:00,synthetic-seeder
2026-09-15,202609,ENTR-VAS-POST-0430,ENTR-VAS-POST-0430-3,120430,VAS-RING-03,통화연결음,Y,1100,A,2023-08-01,9999-12-31,Y,N,1141,37,디지털,,2026-09-15T23:00:00,synthetic-seeder
2026-09-15,202609,ENTR-VAS-POST-0431,ENTR-VAS-POST-0431-1,120431,VAS-SAFE-01,스팸 차단,Y,3300,A,2023-08-01,9999-12-31,Y,N,1141,37,디지털,,2026-09-15T23:00:00,synthetic-seeder
2026-09-15,202609,ENTR-VAS-POST-0431,ENTR-VAS-POST-0431-2,120431,VAS-MEDIA-02,미디어팩,Y,7700,A,2023-08-01,9999-12-31,Y,N,1141,37,디지털,,2026-09-15T23:00:00,synthetic-seeder
2026-09-15,202609,ENTR-VAS-POST-0431,ENTR-VAS-POST-0431-3,120431,VAS-RING-03,통화연결음,Y,1100,A,2023-08-01,9999-12-31,Y,N,1141,37,디지털,,2026-09-15T23:00:00,synthetic-seeder
2026-09-15,202609,ENTR-VAS-POST-0432,ENTR-VAS-POST-0432-1,120432,VAS-SAFE-01,스팸 차단,Y,3300,A,2023-08-01,9999-12-31,Y,N,1141,37,디지털,,2026-09-15T23:00:00,synthetic-seeder
2026-09-15,202609,ENTR-VAS-POST-0432,ENTR-VAS-POST-0432-2,120432,VAS-MEDIA-02,미디어팩,Y,7700,A,2023-08-01,9999-12-31,Y,N,1141,37,디지털,,2026-09-15T23:00:00,synthetic-seeder
2026-09-15,202609,ENTR-VAS-POST-0432,ENTR-VAS-POST-0432-3,120432,VAS-RING-03,통화연결음,Y,1100,A,2023-08-01,9999-12-31,Y,N,1141,37,디지털,,2026-09-15T23:00:00,synthetic-seeder
2026-09-15,202609,ENTR-VAS-POST-0433,ENTR-VAS-POST-0433-1,120433,VAS-SAFE-01,스팸 차단,Y,3300,A,2023-08-01,9999-12-31,Y,N,1141,37,디지털,,2026-09-15T23:00:00,synthetic-seeder
2026-09-15,202609,ENTR-VAS-POST-0433,ENTR-VAS-POST-0433-2,120433,VAS-MEDIA-02,미디어팩,Y,7700,A,2023-08-01,9999-12-31,Y,N,1141,37,디지털,,2026-09-15T23:00:00,synthetic-seeder
2026-09-15,202609,ENTR-VAS-POST-0433,ENTR-VAS-POST-0433-3,120433,VAS-RING-03,통화연결음,Y,1100,A,2023-08-01,9999-12-31,Y,N,1141,37,디지털,,2026-09-15T23:00:00,synthetic-seeder
2026-09-15,202609,ENTR-VAS-POST-0434,ENTR-VAS-POST-0434-1,120434,VAS-SAFE-01,스팸 차단,Y,3300,A,2023-08-01,9999-12-31,Y,N,1141,37,디지털,,2026-09-15T23:00:00,synthetic-seeder
2026-09-15,202609,ENTR-VAS-POST-0434,ENTR-VAS-POST-0434-2,120434,VAS-MEDIA-02,미디어팩,Y,7700,A,2023-08-01,9999-12-31,Y,N,1141,37,디지털,,2026-09-15T23:00:00,synthetic-seeder
2026-09-15,202609,ENTR-VAS-POST-0434,ENTR-VAS-POST-0434-3,120434,VAS-RING-03,통화연결음,Y,1100,A,2023-08-01,9999-12-31,Y,N,1141,37,디지털,,2026-09-15T23:00:00,synthetic-seeder
2026-09-15,202609,ENTR-VAS-POST-0435,ENTR-VAS-POST-0435-1,120435,VAS-SAFE-01,스팸 차단,Y,3300,A,2023-08-01,9999-12-31,Y,N,1141,37,디지털,,2026-09-15T23:00:00,synthetic-seeder
2026-09-15,202609,ENTR-VAS-POST-0435,ENTR-VAS-POST-0435-2,120435,VAS-MEDIA-02,미디어팩,Y,7700,A,2023-08-01,9999-12-31,Y,N,1141,37,디지털,,2026-09-15T23:00:00,synthetic-seeder
2026-09-15,202609,ENTR-VAS-POST-0435,ENTR-VAS-POST-0435-3,120435,VAS-RING-03,통화연결음,Y,1100,A,2023-08-01,9999-12-31,Y,N,1141,37,디지털,,2026-09-15T23:00:00,synthetic-seeder
2026-09-15,202609,ENTR-VAS-POST-0436,ENTR-VAS-POST-0436-1,120436,VAS-SAFE-01,스팸 차단,Y,3300,A,2023-08-01,9999-12-31,Y,N,1141,37,디지털,,2026-09-15T23:00:00,synthetic-seeder
2026-09-15,202609,ENTR-VAS-POST-0436,ENTR-VAS-POST-0436-2,120436,VAS-MEDIA-02,미디어팩,Y,7700,A,2023-08-01,9999-12-31,Y,N,1141,37,디지털,,2026-09-15T23:00:00,synthetic-seeder
2026-09-15,202609,ENTR-VAS-POST-0436,ENTR-VAS-POST-0436-3,120436,VAS-RING-03,통화연결음,Y,1100,A,2023-08-01,9999-12-31,Y,N,1141,37,디지털,,2026-09-15T23:00:00,synthetic-seeder
2026-09-15,202609,ENTR-VAS-POST-0437,ENTR-VAS-POST-0437-1,120437,VAS-SAFE-01,스팸 차단,Y,3300,A,2023-08-01,9999-12-31,Y,N,1141,37,디지털,,2026-09-15T23:00:00,synthetic-seeder
2026-09-15,202609,ENTR-VAS-POST-0437,ENTR-VAS-POST-0437-2,120437,VAS-MEDIA-02,미디어팩,Y,7700,A,2023-08-01,9999-12-31,Y,N,1141,37,디지털,,2026-09-15T23:00:00,synthetic-seeder
2026-09-15,202609,ENTR-VAS-POST-0437,ENTR-VAS-POST-0437-3,120437,VAS-RING-03,통화연결음,Y,1100,A,2023-08-01,9999-12-31,Y,N,1141,37,디지털,,2026-09-15T23:00:00,synthetic-seeder
2026-09-15,202609,ENTR-VAS-POST-0438,ENTR-VAS-POST-0438-1,120438,VAS-SAFE-01,스팸 차단,Y,3300,A,2023-08-01,9999-12-31,Y,N,1141,37,디지털,,2026-09-15T23:00:00,synthetic-seeder
2026-09-15,202609,ENTR-VAS-POST-0438,ENTR-VAS-POST-0438-2,120438,VAS-MEDIA-02,미디어팩,Y,7700,A,2023-08-01,9999-12-31,Y,N,1141,37,디지털,,2026-09-15T23:00:00,synthetic-seeder
2026-09-15,202609,ENTR-VAS-POST-0438,ENTR-VAS-POST-0438-3,120438,VAS-RING-03,통화연결음,Y,1100,A,2023-08-01,9999-12-31,Y,N,1141,37,디지털,,2026-09-15T23:00:00,synthetic-seeder
2026-09-15,202609,ENTR-VAS-POST-0439,ENTR-VAS-POST-0439-1,120439,VAS-SAFE-01,스팸 차단,Y,3300,A,2023-08-01,9999-12-31,Y,N,1141,37,디지털,,2026-09-15T23:00:00,synthetic-seeder
2026-09-15,202609,ENTR-VAS-POST-0439,ENTR-VAS-POST-0439-2,120439,VAS-MEDIA-02,미디어팩,Y,7700,A,2023-08-01,9999-12-31,Y,N,1141,37,디지털,,2026-09-15T23:00:00,synthetic-seeder
2026-09-15,202609,ENTR-VAS-POST-0439,ENTR-VAS-POST-0439-3,120439,VAS-RING-03,통화연결음,Y,1100,A,2023-08-01,9999-12-31,Y,N,1141,37,디지털,,2026-09-15T23:00:00,synthetic-seeder
2026-09-15,202609,ENTR-VAS-POST-0440,ENTR-VAS-POST-0440-1,120440,VAS-SAFE-01,스팸 차단,Y,3300,A,2023-08-01,9999-12-31,Y,N,1141,37,디지털,,2026-09-15T23:00:00,synthetic-seeder
2026-09-15,202609,ENTR-VAS-POST-0440,ENTR-VAS-POST-0440-2,120440,VAS-MEDIA-02,미디어팩,Y,7700,A,2023-08-01,9999-12-31,Y,N,1141,37,디지털,,2026-09-15T23:00:00,synthetic-seeder
2026-09-15,202609,ENTR-VAS-POST-0440,ENTR-VAS-POST-0440-3,120440,VAS-RING-03,통화연결음,Y,1100,A,2023-08-01,9999-12-31,Y,N,1141,37,디지털,,2026-09-15T23:00:00,synthetic-seeder
2026-09-15,202609,ENTR-VAS-POST-0441,ENTR-VAS-POST-0441-1,120441,VAS-SAFE-01,스팸 차단,Y,3300,A,2023-08-01,9999-12-31,Y,N,1141,37,디지털,,2026-09-15T23:00:00,synthetic-seeder
2026-09-15,202609,ENTR-VAS-POST-0441,ENTR-VAS-POST-0441-2,120441,VAS-MEDIA-02,미디어팩,Y,7700,A,2023-08-01,9999-12-31,Y,N,1141,37,디지털,,2026-09-15T23:00:00,synthetic-seeder
2026-09-15,202609,ENTR-VAS-POST-0441,ENTR-VAS-POST-0441-3,120441,VAS-RING-03,통화연결음,Y,1100,A,2023-08-01,9999-12-31,Y,N,1141,37,디지털,,2026-09-15T23:00:00,synthetic-seeder
2026-09-15,202609,ENTR-VAS-POST-0442,ENTR-VAS-POST-0442-1,120442,VAS-SAFE-01,스팸 차단,Y,3300,A,2023-08-01,9999-12-31,Y,N,1141,37,디지털,,2026-09-15T23:00:00,synthetic-seeder
2026-09-15,202609,ENTR-VAS-POST-0442,ENTR-VAS-POST-0442-2,120442,VAS-MEDIA-02,미디어팩,Y,7700,A,2023-08-01,9999-12-31,Y,N,1141,37,디지털,,2026-09-15T23:00:00,synthetic-seeder
2026-09-15,202609,ENTR-VAS-POST-0442,ENTR-VAS-POST-0442-3,120442,VAS-RING-03,통화연결음,Y,1100,A,2023-08-01,9999-12-31,Y,N,1141,37,디지털,,2026-09-15T23:00:00,synthetic-seeder
2026-09-15,202609,ENTR-VAS-POST-0443,ENTR-VAS-POST-0443-1,120443,VAS-SAFE-01,스팸 차단,Y,3300,A,2023-08-01,9999-12-31,Y,N,1141,37,디지털,,2026-09-15T23:00:00,synthetic-seeder
2026-09-15,202609,ENTR-VAS-POST-0443,ENTR-VAS-POST-0443-2,120443,VAS-MEDIA-02,미디어팩,Y,7700,A,2023-08-01,9999-12-31,Y,N,1141,37,디지털,,2026-09-15T23:00:00,synthetic-seeder
2026-09-15,202609,ENTR-VAS-POST-0443,ENTR-VAS-POST-0443-3,120443,VAS-RING-03,통화연결음,Y,1100,A,2023-08-01,9999-12-31,Y,N,1141,37,디지털,,2026-09-15T23:00:00,synthetic-seeder
2026-09-15,202609,ENTR-VAS-POST-0444,ENTR-VAS-POST-0444-1,120444,VAS-SAFE-01,스팸 차단,Y,3300,A,2023-08-01,9999-12-31,Y,N,1141,37,디지털,,2026-09-15T23:00:00,synthetic-seeder
2026-09-15,202609,ENTR-VAS-POST-0444,ENTR-VAS-POST-0444-2,120444,VAS-MEDIA-02,미디어팩,Y,7700,A,2023-08-01,9999-12-31,Y,N,1141,37,디지털,,2026-09-15T23:00:00,synthetic-seeder
2026-09-15,202609,ENTR-VAS-POST-0444,ENTR-VAS-POST-0444-3,120444,VAS-RING-03,통화연결음,Y,1100,A,2023-08-01,9999-12-31,Y,N,1141,37,디지털,,2026-09-15T23:00:00,synthetic-seeder
2026-09-15,202609,ENTR-VAS-POST-0445,ENTR-VAS-POST-0445-1,120445,VAS-SAFE-01,스팸 차단,Y,3300,A,2023-08-01,9999-12-31,Y,N,1141,37,디지털,,2026-09-15T23:00:00,synthetic-seeder
2026-09-15,202609,ENTR-VAS-POST-0445,ENTR-VAS-POST-0445-2,120445,VAS-MEDIA-02,미디어팩,Y,7700,A,2023-08-01,9999-12-31,Y,N,1141,37,디지털,,2026-09-15T23:00:00,synthetic-seeder
2026-09-15,202609,ENTR-VAS-POST-0445,ENTR-VAS-POST-0445-3,120445,VAS-RING-03,통화연결음,Y,1100,A,2023-08-01,9999-12-31,Y,N,1141,37,디지털,,2026-09-15T23:00:00,synthetic-seeder
2026-09-15,202609,ENTR-VAS-POST-0446,ENTR-VAS-POST-0446-1,120446,VAS-SAFE-01,스팸 차단,Y,3300,A,2023-08-01,9999-12-31,Y,N,1141,37,디지털,,2026-09-15T23:00:00,synthetic-seeder
2026-09-15,202609,ENTR-VAS-POST-0446,ENTR-VAS-POST-0446-2,120446,VAS-MEDIA-02,미디어팩,Y,7700,A,2023-08-01,9999-12-31,Y,N,1141,37,디지털,,2026-09-15T23:00:00,synthetic-seeder
2026-09-15,202609,ENTR-VAS-POST-0446,ENTR-VAS-POST-0446-3,120446,VAS-RING-03,통화연결음,Y,1100,A,2023-08-01,9999-12-31,Y,N,1141,37,디지털,,2026-09-15T23:00:00,synthetic-seeder
2026-09-15,202609,ENTR-VAS-POST-0447,ENTR-VAS-POST-0447-1,120447,VAS-SAFE-01,스팸 차단,Y,3300,A,2023-08-01,9999-12-31,Y,N,1141,37,디지털,,2026-09-15T23:00:00,synthetic-seeder
2026-09-15,202609,ENTR-VAS-POST-0447,ENTR-VAS-POST-0447-2,120447,VAS-MEDIA-02,미디어팩,Y,7700,A,2023-08-01,9999-12-31,Y,N,1141,37,디지털,,2026-09-15T23:00:00,synthetic-seeder
2026-09-15,202609,ENTR-VAS-POST-0447,ENTR-VAS-POST-0447-3,120447,VAS-RING-03,통화연결음,Y,1100,A,2023-08-01,9999-12-31,Y,N,1141,37,디지털,,2026-09-15T23:00:00,synthetic-seeder
2026-09-15,202609,ENTR-VAS-POST-0448,ENTR-VAS-POST-0448-1,120448,VAS-SAFE-01,스팸 차단,Y,3300,A,2023-08-01,9999-12-31,Y,N,1141,37,디지털,,2026-09-15T23:00:00,synthetic-seeder
2026-09-15,202609,ENTR-VAS-POST-0448,ENTR-VAS-POST-0448-2,120448,VAS-MEDIA-02,미디어팩,Y,7700,A,2023-08-01,9999-12-31,Y,N,1141,37,디지털,,2026-09-15T23:00:00,synthetic-seeder
2026-09-15,202609,ENTR-VAS-POST-0448,ENTR-VAS-POST-0448-3,120448,VAS-RING-03,통화연결음,Y,1100,A,2023-08-01,9999-12-31,Y,N,1141,37,디지털,,2026-09-15T23:00:00,synthetic-seeder
2026-09-15,202609,ENTR-VAS-POST-0449,ENTR-VAS-POST-0449-1,120449,VAS-SAFE-01,스팸 차단,Y,3300,A,2023-08-01,9999-12-31,Y,N,1141,37,디지털,,2026-09-15T23:00:00,synthetic-seeder
2026-09-15,202609,ENTR-VAS-POST-0449,ENTR-VAS-POST-0449-2,120449,VAS-MEDIA-02,미디어팩,Y,7700,A,2023-08-01,9999-12-31,Y,N,1141,37,디지털,,2026-09-15T23:00:00,synthetic-seeder
2026-09-15,202609,ENTR-VAS-POST-0449,ENTR-VAS-POST-0449-3,120449,VAS-RING-03,통화연결음,Y,1100,A,2023-08-01,9999-12-31,Y,N,1141,37,디지털,,2026-09-15T23:00:00,synthetic-seeder
2026-09-15,202609,ENTR-VAS-POST-0450,ENTR-VAS-POST-0450-1,120450,VAS-SAFE-01,스팸 차단,Y,3300,A,2023-08-01,9999-12-31,Y,N,1141,37,디지털,,2026-09-15T23:00:00,synthetic-seeder
2026-09-15,202609,ENTR-VAS-POST-0450,ENTR-VAS-POST-0450-2,120450,VAS-MEDIA-02,미디어팩,Y,7700,A,2023-08-01,9999-12-31,Y,N,1141,37,디지털,,2026-09-15T23:00:00,synthetic-seeder
2026-09-15,202609,ENTR-VAS-POST-0450,ENTR-VAS-POST-0450-3,120450,VAS-RING-03,통화연결음,Y,1100,A,2023-08-01,9999-12-31,Y,N,1141,37,디지털,,2026-09-15T23:00:00,synthetic-seeder
2026-09-16,202609,ENTR-VAS-POST-0501,ENTR-VAS-POST-0501-1,120501,VAS-SAFE-01,스팸 차단,Y,3300,A,2023-08-01,9999-12-31,Y,N,1142,37,디지털,,2026-09-16T23:00:00,synthetic-seeder
2026-09-16,202609,ENTR-VAS-POST-0501,ENTR-VAS-POST-0501-2,120501,VAS-MEDIA-02,미디어팩,Y,7700,A,2023-08-01,9999-12-31,Y,N,1142,37,디지털,,2026-09-16T23:00:00,synthetic-seeder
2026-09-16,202609,ENTR-VAS-POST-0501,ENTR-VAS-POST-0501-3,120501,VAS-RING-03,통화연결음,Y,1100,A,2023-08-01,9999-12-31,Y,N,1142,37,디지털,,2026-09-16T23:00:00,synthetic-seeder
2026-09-16,202609,ENTR-VAS-POST-0502,ENTR-VAS-POST-0502-1,120502,VAS-SAFE-01,스팸 차단,Y,3300,A,2023-08-01,9999-12-31,Y,N,1142,37,디지털,,2026-09-16T23:00:00,synthetic-seeder
2026-09-16,202609,ENTR-VAS-POST-0502,ENTR-VAS-POST-0502-2,120502,VAS-MEDIA-02,미디어팩,Y,7700,A,2023-08-01,9999-12-31,Y,N,1142,37,디지털,,2026-09-16T23:00:00,synthetic-seeder
2026-09-16,202609,ENTR-VAS-POST-0502,ENTR-VAS-POST-0502-3,120502,VAS-RING-03,통화연결음,Y,1100,A,2023-08-01,9999-12-31,Y,N,1142,37,디지털,,2026-09-16T23:00:00,synthetic-seeder
2026-09-16,202609,ENTR-VAS-POST-0503,ENTR-VAS-POST-0503-1,120503,VAS-SAFE-01,스팸 차단,Y,3300,A,2023-08-01,9999-12-31,Y,N,1142,37,디지털,,2026-09-16T23:00:00,synthetic-seeder
2026-09-16,202609,ENTR-VAS-POST-0503,ENTR-VAS-POST-0503-2,120503,VAS-MEDIA-02,미디어팩,Y,7700,A,2023-08-01,9999-12-31,Y,N,1142,37,디지털,,2026-09-16T23:00:00,synthetic-seeder
2026-09-16,202609,ENTR-VAS-POST-0503,ENTR-VAS-POST-0503-3,120503,VAS-RING-03,통화연결음,Y,1100,A,2023-08-01,9999-12-31,Y,N,1142,37,디지털,,2026-09-16T23:00:00,synthetic-seeder
2026-09-16,202609,ENTR-VAS-POST-0504,ENTR-VAS-POST-0504-1,120504,VAS-SAFE-01,스팸 차단,Y,3300,A,2023-08-01,9999-12-31,Y,N,1142,37,디지털,,2026-09-16T23:00:00,synthetic-seeder
2026-09-16,202609,ENTR-VAS-POST-0504,ENTR-VAS-POST-0504-2,120504,VAS-MEDIA-02,미디어팩,Y,7700,A,2023-08-01,9999-12-31,Y,N,1142,37,디지털,,2026-09-16T23:00:00,synthetic-seeder
2026-09-16,202609,ENTR-VAS-POST-0504,ENTR-VAS-POST-0504-3,120504,VAS-RING-03,통화연결음,Y,1100,A,2023-08-01,9999-12-31,Y,N,1142,37,디지털,,2026-09-16T23:00:00,synthetic-seeder
2026-09-16,202609,ENTR-VAS-POST-0505,ENTR-VAS-POST-0505-1,120505,VAS-SAFE-01,스팸 차단,Y,3300,A,2023-08-01,9999-12-31,Y,N,1142,37,디지털,,2026-09-16T23:00:00,synthetic-seeder
2026-09-16,202609,ENTR-VAS-POST-0505,ENTR-VAS-POST-0505-2,120505,VAS-MEDIA-02,미디어팩,Y,7700,A,2023-08-01,9999-12-31,Y,N,1142,37,디지털,,2026-09-16T23:00:00,synthetic-seeder
2026-09-16,202609,ENTR-VAS-POST-0505,ENTR-VAS-POST-0505-3,120505,VAS-RING-03,통화연결음,Y,1100,A,2023-08-01,9999-12-31,Y,N,1142,37,디지털,,2026-09-16T23:00:00,synthetic-seeder
2026-09-16,202609,ENTR-VAS-POST-0506,ENTR-VAS-POST-0506-1,120506,VAS-SAFE-01,스팸 차단,Y,3300,A,2023-08-01,9999-12-31,Y,N,1142,37,디지털,,2026-09-16T23:00:00,synthetic-seeder
2026-09-16,202609,ENTR-VAS-POST-0506,ENTR-VAS-POST-0506-2,120506,VAS-MEDIA-02,미디어팩,Y,7700,A,2023-08-01,9999-12-31,Y,N,1142,37,디지털,,2026-09-16T23:00:00,synthetic-seeder
2026-09-16,202609,ENTR-VAS-POST-0506,ENTR-VAS-POST-0506-3,120506,VAS-RING-03,통화연결음,Y,1100,A,2023-08-01,9999-12-31,Y,N,1142,37,디지털,,2026-09-16T23:00:00,synthetic-seeder
2026-09-16,202609,ENTR-VAS-POST-0507,ENTR-VAS-POST-0507-1,120507,VAS-SAFE-01,스팸 차단,Y,3300,A,2023-08-01,9999-12-31,Y,N,1142,37,디지털,,2026-09-16T23:00:00,synthetic-seeder
2026-09-16,202609,ENTR-VAS-POST-0507,ENTR-VAS-POST-0507-2,120507,VAS-MEDIA-02,미디어팩,Y,7700,A,2023-08-01,9999-12-31,Y,N,1142,37,디지털,,2026-09-16T23:00:00,synthetic-seeder
2026-09-16,202609,ENTR-VAS-POST-0507,ENTR-VAS-POST-0507-3,120507,VAS-RING-03,통화연결음,Y,1100,A,2023-08-01,9999-12-31,Y,N,1142,37,디지털,,2026-09-16T23:00:00,synthetic-seeder
2026-09-16,202609,ENTR-VAS-POST-0508,ENTR-VAS-POST-0508-1,120508,VAS-SAFE-01,스팸 차단,Y,3300,A,2023-08-01,9999-12-31,Y,N,1142,37,디지털,,2026-09-16T23:00:00,synthetic-seeder
2026-09-16,202609,ENTR-VAS-POST-0508,ENTR-VAS-POST-0508-2,120508,VAS-MEDIA-02,미디어팩,Y,7700,A,2023-08-01,9999-12-31,Y,N,1142,37,디지털,,2026-09-16T23:00:00,synthetic-seeder
2026-09-16,202609,ENTR-VAS-POST-0508,ENTR-VAS-POST-0508-3,120508,VAS-RING-03,통화연결음,Y,1100,A,2023-08-01,9999-12-31,Y,N,1142,37,디지털,,2026-09-16T23:00:00,synthetic-seeder
2026-09-16,202609,ENTR-VAS-POST-0509,ENTR-VAS-POST-0509-1,120509,VAS-SAFE-01,스팸 차단,Y,3300,A,2023-08-01,9999-12-31,Y,N,1142,37,디지털,,2026-09-16T23:00:00,synthetic-seeder
2026-09-16,202609,ENTR-VAS-POST-0509,ENTR-VAS-POST-0509-2,120509,VAS-MEDIA-02,미디어팩,Y,7700,A,2023-08-01,9999-12-31,Y,N,1142,37,디지털,,2026-09-16T23:00:00,synthetic-seeder
2026-09-16,202609,ENTR-VAS-POST-0509,ENTR-VAS-POST-0509-3,120509,VAS-RING-03,통화연결음,Y,1100,A,2023-08-01,9999-12-31,Y,N,1142,37,디지털,,2026-09-16T23:00:00,synthetic-seeder
2026-09-16,202609,ENTR-VAS-POST-0510,ENTR-VAS-POST-0510-1,120510,VAS-SAFE-01,스팸 차단,Y,3300,A,2023-08-01,9999-12-31,Y,N,1142,37,디지털,,2026-09-16T23:00:00,synthetic-seeder
2026-09-16,202609,ENTR-VAS-POST-0510,ENTR-VAS-POST-0510-2,120510,VAS-MEDIA-02,미디어팩,Y,7700,A,2023-08-01,9999-12-31,Y,N,1142,37,디지털,,2026-09-16T23:00:00,synthetic-seeder
2026-09-16,202609,ENTR-VAS-POST-0510,ENTR-VAS-POST-0510-3,120510,VAS-RING-03,통화연결음,Y,1100,A,2023-08-01,9999-12-31,Y,N,1142,37,디지털,,2026-09-16T23:00:00,synthetic-seeder
2026-09-16,202609,ENTR-VAS-POST-0511,ENTR-VAS-POST-0511-1,120511,VAS-SAFE-01,스팸 차단,Y,3300,A,2023-08-01,9999-12-31,Y,N,1142,37,디지털,,2026-09-16T23:00:00,synthetic-seeder
2026-09-16,202609,ENTR-VAS-POST-0511,ENTR-VAS-POST-0511-2,120511,VAS-MEDIA-02,미디어팩,Y,7700,A,2023-08-01,9999-12-31,Y,N,1142,37,디지털,,2026-09-16T23:00:00,synthetic-seeder
2026-09-16,202609,ENTR-VAS-POST-0511,ENTR-VAS-POST-0511-3,120511,VAS-RING-03,통화연결음,Y,1100,A,2023-08-01,9999-12-31,Y,N,1142,37,디지털,,2026-09-16T23:00:00,synthetic-seeder
2026-09-16,202609,ENTR-VAS-POST-0512,ENTR-VAS-POST-0512-1,120512,VAS-SAFE-01,스팸 차단,Y,3300,A,2023-08-01,9999-12-31,Y,N,1142,37,디지털,,2026-09-16T23:00:00,synthetic-seeder
2026-09-16,202609,ENTR-VAS-POST-0512,ENTR-VAS-POST-0512-2,120512,VAS-MEDIA-02,미디어팩,Y,7700,A,2023-08-01,9999-12-31,Y,N,1142,37,디지털,,2026-09-16T23:00:00,synthetic-seeder
2026-09-16,202609,ENTR-VAS-POST-0512,ENTR-VAS-POST-0512-3,120512,VAS-RING-03,통화연결음,Y,1100,A,2023-08-01,9999-12-31,Y,N,1142,37,디지털,,2026-09-16T23:00:00,synthetic-seeder
2026-09-16,202609,ENTR-VAS-POST-0513,ENTR-VAS-POST-0513-1,120513,VAS-SAFE-01,스팸 차단,Y,3300,A,2023-08-01,9999-12-31,Y,N,1142,37,디지털,,2026-09-16T23:00:00,synthetic-seeder
2026-09-16,202609,ENTR-VAS-POST-0513,ENTR-VAS-POST-0513-2,120513,VAS-MEDIA-02,미디어팩,Y,7700,A,2023-08-01,9999-12-31,Y,N,1142,37,디지털,,2026-09-16T23:00:00,synthetic-seeder
2026-09-16,202609,ENTR-VAS-POST-0513,ENTR-VAS-POST-0513-3,120513,VAS-RING-03,통화연결음,Y,1100,A,2023-08-01,9999-12-31,Y,N,1142,37,디지털,,2026-09-16T23:00:00,synthetic-seeder
2026-09-16,202609,ENTR-VAS-POST-0514,ENTR-VAS-POST-0514-1,120514,VAS-SAFE-01,스팸 차단,Y,3300,A,2023-08-01,9999-12-31,Y,N,1142,37,디지털,,2026-09-16T23:00:00,synthetic-seeder
2026-09-16,202609,ENTR-VAS-POST-0514,ENTR-VAS-POST-0514-2,120514,VAS-MEDIA-02,미디어팩,Y,7700,A,2023-08-01,9999-12-31,Y,N,1142,37,디지털,,2026-09-16T23:00:00,synthetic-seeder
2026-09-16,202609,ENTR-VAS-POST-0514,ENTR-VAS-POST-0514-3,120514,VAS-RING-03,통화연결음,Y,1100,A,2023-08-01,9999-12-31,Y,N,1142,37,디지털,,2026-09-16T23:00:00,synthetic-seeder
2026-09-16,202609,ENTR-VAS-POST-0515,ENTR-VAS-POST-0515-1,120515,VAS-SAFE-01,스팸 차단,Y,3300,A,2023-08-01,9999-12-31,Y,N,1142,37,디지털,,2026-09-16T23:00:00,synthetic-seeder
2026-09-16,202609,ENTR-VAS-POST-0515,ENTR-VAS-POST-0515-2,120515,VAS-MEDIA-02,미디어팩,Y,7700,A,2023-08-01,9999-12-31,Y,N,1142,37,디지털,,2026-09-16T23:00:00,synthetic-seeder
2026-09-16,202609,ENTR-VAS-POST-0515,ENTR-VAS-POST-0515-3,120515,VAS-RING-03,통화연결음,Y,1100,A,2023-08-01,9999-12-31,Y,N,1142,37,디지털,,2026-09-16T23:00:00,synthetic-seeder
2026-09-16,202609,ENTR-VAS-POST-0516,ENTR-VAS-POST-0516-1,120516,VAS-SAFE-01,스팸 차단,Y,3300,A,2023-08-01,9999-12-31,Y,N,1142,37,디지털,,2026-09-16T23:00:00,synthetic-seeder
2026-09-16,202609,ENTR-VAS-POST-0516,ENTR-VAS-POST-0516-2,120516,VAS-MEDIA-02,미디어팩,Y,7700,A,2023-08-01,9999-12-31,Y,N,1142,37,디지털,,2026-09-16T23:00:00,synthetic-seeder
2026-09-16,202609,ENTR-VAS-POST-0516,ENTR-VAS-POST-0516-3,120516,VAS-RING-03,통화연결음,Y,1100,A,2023-08-01,9999-12-31,Y,N,1142,37,디지털,,2026-09-16T23:00:00,synthetic-seeder
2026-09-16,202609,ENTR-VAS-POST-0517,ENTR-VAS-POST-0517-1,120517,VAS-SAFE-01,스팸 차단,Y,3300,A,2023-08-01,9999-12-31,Y,N,1142,37,디지털,,2026-09-16T23:00:00,synthetic-seeder
2026-09-16,202609,ENTR-VAS-POST-0517,ENTR-VAS-POST-0517-2,120517,VAS-MEDIA-02,미디어팩,Y,7700,A,2023-08-01,9999-12-31,Y,N,1142,37,디지털,,2026-09-16T23:00:00,synthetic-seeder
2026-09-16,202609,ENTR-VAS-POST-0517,ENTR-VAS-POST-0517-3,120517,VAS-RING-03,통화연결음,Y,1100,A,2023-08-01,9999-12-31,Y,N,1142,37,디지털,,2026-09-16T23:00:00,synthetic-seeder
2026-09-16,202609,ENTR-VAS-POST-0518,ENTR-VAS-POST-0518-1,120518,VAS-SAFE-01,스팸 차단,Y,3300,A,2023-08-01,9999-12-31,Y,N,1142,37,디지털,,2026-09-16T23:00:00,synthetic-seeder
2026-09-16,202609,ENTR-VAS-POST-0518,ENTR-VAS-POST-0518-2,120518,VAS-MEDIA-02,미디어팩,Y,7700,A,2023-08-01,9999-12-31,Y,N,1142,37,디지털,,2026-09-16T23:00:00,synthetic-seeder
2026-09-16,202609,ENTR-VAS-POST-0518,ENTR-VAS-POST-0518-3,120518,VAS-RING-03,통화연결음,Y,1100,A,2023-08-01,9999-12-31,Y,N,1142,37,디지털,,2026-09-16T23:00:00,synthetic-seeder
2026-09-16,202609,ENTR-VAS-POST-0519,ENTR-VAS-POST-0519-1,120519,VAS-SAFE-01,스팸 차단,Y,3300,A,2023-08-01,9999-12-31,Y,N,1142,37,디지털,,2026-09-16T23:00:00,synthetic-seeder
2026-09-16,202609,ENTR-VAS-POST-0519,ENTR-VAS-POST-0519-2,120519,VAS-MEDIA-02,미디어팩,Y,7700,A,2023-08-01,9999-12-31,Y,N,1142,37,디지털,,2026-09-16T23:00:00,synthetic-seeder
2026-09-16,202609,ENTR-VAS-POST-0519,ENTR-VAS-POST-0519-3,120519,VAS-RING-03,통화연결음,Y,1100,A,2023-08-01,9999-12-31,Y,N,1142,37,디지털,,2026-09-16T23:00:00,synthetic-seeder
2026-09-16,202609,ENTR-VAS-POST-0520,ENTR-VAS-POST-0520-1,120520,VAS-SAFE-01,스팸 차단,Y,3300,A,2023-08-01,9999-12-31,Y,N,1142,37,디지털,,2026-09-16T23:00:00,synthetic-seeder
2026-09-16,202609,ENTR-VAS-POST-0520,ENTR-VAS-POST-0520-2,120520,VAS-MEDIA-02,미디어팩,Y,7700,A,2023-08-01,9999-12-31,Y,N,1142,37,디지털,,2026-09-16T23:00:00,synthetic-seeder
2026-09-16,202609,ENTR-VAS-POST-0520,ENTR-VAS-POST-0520-3,120520,VAS-RING-03,통화연결음,Y,1100,A,2023-08-01,9999-12-31,Y,N,1142,37,디지털,,2026-09-16T23:00:00,synthetic-seeder
2026-09-16,202609,ENTR-VAS-POST-0521,ENTR-VAS-POST-0521-1,120521,VAS-SAFE-01,스팸 차단,Y,3300,A,2023-08-01,9999-12-31,Y,N,1142,37,디지털,,2026-09-16T23:00:00,synthetic-seeder
2026-09-16,202609,ENTR-VAS-POST-0521,ENTR-VAS-POST-0521-2,120521,VAS-MEDIA-02,미디어팩,Y,7700,A,2023-08-01,9999-12-31,Y,N,1142,37,디지털,,2026-09-16T23:00:00,synthetic-seeder
2026-09-16,202609,ENTR-VAS-POST-0521,ENTR-VAS-POST-0521-3,120521,VAS-RING-03,통화연결음,Y,1100,A,2023-08-01,9999-12-31,Y,N,1142,37,디지털,,2026-09-16T23:00:00,synthetic-seeder
2026-09-16,202609,ENTR-VAS-POST-0522,ENTR-VAS-POST-0522-1,120522,VAS-SAFE-01,스팸 차단,Y,3300,A,2023-08-01,9999-12-31,Y,N,1142,37,디지털,,2026-09-16T23:00:00,synthetic-seeder
2026-09-16,202609,ENTR-VAS-POST-0522,ENTR-VAS-POST-0522-2,120522,VAS-MEDIA-02,미디어팩,Y,7700,A,2023-08-01,9999-12-31,Y,N,1142,37,디지털,,2026-09-16T23:00:00,synthetic-seeder
2026-09-16,202609,ENTR-VAS-POST-0522,ENTR-VAS-POST-0522-3,120522,VAS-RING-03,통화연결음,Y,1100,A,2023-08-01,9999-12-31,Y,N,1142,37,디지털,,2026-09-16T23:00:00,synthetic-seeder
2026-09-16,202609,ENTR-VAS-POST-0523,ENTR-VAS-POST-0523-1,120523,VAS-SAFE-01,스팸 차단,Y,3300,A,2023-08-01,9999-12-31,Y,N,1142,37,디지털,,2026-09-16T23:00:00,synthetic-seeder
2026-09-16,202609,ENTR-VAS-POST-0523,ENTR-VAS-POST-0523-2,120523,VAS-MEDIA-02,미디어팩,Y,7700,A,2023-08-01,9999-12-31,Y,N,1142,37,디지털,,2026-09-16T23:00:00,synthetic-seeder
2026-09-16,202609,ENTR-VAS-POST-0523,ENTR-VAS-POST-0523-3,120523,VAS-RING-03,통화연결음,Y,1100,A,2023-08-01,9999-12-31,Y,N,1142,37,디지털,,2026-09-16T23:00:00,synthetic-seeder
2026-09-16,202609,ENTR-VAS-POST-0524,ENTR-VAS-POST-0524-1,120524,VAS-SAFE-01,스팸 차단,Y,3300,A,2023-08-01,9999-12-31,Y,N,1142,37,디지털,,2026-09-16T23:00:00,synthetic-seeder
2026-09-16,202609,ENTR-VAS-POST-0524,ENTR-VAS-POST-0524-2,120524,VAS-MEDIA-02,미디어팩,Y,7700,A,2023-08-01,9999-12-31,Y,N,1142,37,디지털,,2026-09-16T23:00:00,synthetic-seeder
2026-09-16,202609,ENTR-VAS-POST-0524,ENTR-VAS-POST-0524-3,120524,VAS-RING-03,통화연결음,Y,1100,A,2023-08-01,9999-12-31,Y,N,1142,37,디지털,,2026-09-16T23:00:00,synthetic-seeder
2026-09-16,202609,ENTR-VAS-POST-0525,ENTR-VAS-POST-0525-1,120525,VAS-SAFE-01,스팸 차단,Y,3300,A,2023-08-01,9999-12-31,Y,N,1142,37,디지털,,2026-09-16T23:00:00,synthetic-seeder
2026-09-16,202609,ENTR-VAS-POST-0525,ENTR-VAS-POST-0525-2,120525,VAS-MEDIA-02,미디어팩,Y,7700,A,2023-08-01,9999-12-31,Y,N,1142,37,디지털,,2026-09-16T23:00:00,synthetic-seeder
2026-09-16,202609,ENTR-VAS-POST-0525,ENTR-VAS-POST-0525-3,120525,VAS-RING-03,통화연결음,Y,1100,A,2023-08-01,9999-12-31,Y,N,1142,37,디지털,,2026-09-16T23:00:00,synthetic-seeder
2026-09-16,202609,ENTR-VAS-POST-0526,ENTR-VAS-POST-0526-1,120526,VAS-SAFE-01,스팸 차단,Y,3300,A,2023-08-01,9999-12-31,Y,N,1142,37,디지털,,2026-09-16T23:00:00,synthetic-seeder
2026-09-16,202609,ENTR-VAS-POST-0526,ENTR-VAS-POST-0526-2,120526,VAS-MEDIA-02,미디어팩,Y,7700,A,2023-08-01,9999-12-31,Y,N,1142,37,디지털,,2026-09-16T23:00:00,synthetic-seeder
2026-09-16,202609,ENTR-VAS-POST-0526,ENTR-VAS-POST-0526-3,120526,VAS-RING-03,통화연결음,Y,1100,A,2023-08-01,9999-12-31,Y,N,1142,37,디지털,,2026-09-16T23:00:00,synthetic-seeder
2026-09-16,202609,ENTR-VAS-POST-0527,ENTR-VAS-POST-0527-1,120527,VAS-SAFE-01,스팸 차단,Y,3300,A,2023-08-01,9999-12-31,Y,N,1142,37,디지털,,2026-09-16T23:00:00,synthetic-seeder
2026-09-16,202609,ENTR-VAS-POST-0527,ENTR-VAS-POST-0527-2,120527,VAS-MEDIA-02,미디어팩,Y,7700,A,2023-08-01,9999-12-31,Y,N,1142,37,디지털,,2026-09-16T23:00:00,synthetic-seeder
2026-09-16,202609,ENTR-VAS-POST-0527,ENTR-VAS-POST-0527-3,120527,VAS-RING-03,통화연결음,Y,1100,A,2023-08-01,9999-12-31,Y,N,1142,37,디지털,,2026-09-16T23:00:00,synthetic-seeder
2026-09-16,202609,ENTR-VAS-POST-0528,ENTR-VAS-POST-0528-1,120528,VAS-SAFE-01,스팸 차단,Y,3300,A,2023-08-01,9999-12-31,Y,N,1142,37,디지털,,2026-09-16T23:00:00,synthetic-seeder
2026-09-16,202609,ENTR-VAS-POST-0528,ENTR-VAS-POST-0528-2,120528,VAS-MEDIA-02,미디어팩,Y,7700,A,2023-08-01,9999-12-31,Y,N,1142,37,디지털,,2026-09-16T23:00:00,synthetic-seeder
2026-09-16,202609,ENTR-VAS-POST-0528,ENTR-VAS-POST-0528-3,120528,VAS-RING-03,통화연결음,Y,1100,A,2023-08-01,9999-12-31,Y,N,1142,37,디지털,,2026-09-16T23:00:00,synthetic-seeder
2026-09-16,202609,ENTR-VAS-POST-0529,ENTR-VAS-POST-0529-1,120529,VAS-SAFE-01,스팸 차단,Y,3300,A,2023-08-01,9999-12-31,Y,N,1142,37,디지털,,2026-09-16T23:00:00,synthetic-seeder
2026-09-16,202609,ENTR-VAS-POST-0529,ENTR-VAS-POST-0529-2,120529,VAS-MEDIA-02,미디어팩,Y,7700,A,2023-08-01,9999-12-31,Y,N,1142,37,디지털,,2026-09-16T23:00:00,synthetic-seeder
2026-09-16,202609,ENTR-VAS-POST-0529,ENTR-VAS-POST-0529-3,120529,VAS-RING-03,통화연결음,Y,1100,A,2023-08-01,9999-12-31,Y,N,1142,37,디지털,,2026-09-16T23:00:00,synthetic-seeder
2026-09-16,202609,ENTR-VAS-POST-0530,ENTR-VAS-POST-0530-1,120530,VAS-SAFE-01,스팸 차단,Y,3300,A,2023-08-01,9999-12-31,Y,N,1142,37,디지털,,2026-09-16T23:00:00,synthetic-seeder
2026-09-16,202609,ENTR-VAS-POST-0530,ENTR-VAS-POST-0530-2,120530,VAS-MEDIA-02,미디어팩,Y,7700,A,2023-08-01,9999-12-31,Y,N,1142,37,디지털,,2026-09-16T23:00:00,synthetic-seeder
2026-09-16,202609,ENTR-VAS-POST-0530,ENTR-VAS-POST-0530-3,120530,VAS-RING-03,통화연결음,Y,1100,A,2023-08-01,9999-12-31,Y,N,1142,37,디지털,,2026-09-16T23:00:00,synthetic-seeder
2026-09-16,202609,ENTR-VAS-POST-0531,ENTR-VAS-POST-0531-1,120531,VAS-SAFE-01,스팸 차단,Y,3300,A,2023-08-01,9999-12-31,Y,N,1142,37,디지털,,2026-09-16T23:00:00,synthetic-seeder
2026-09-16,202609,ENTR-VAS-POST-0531,ENTR-VAS-POST-0531-2,120531,VAS-MEDIA-02,미디어팩,Y,7700,A,2023-08-01,9999-12-31,Y,N,1142,37,디지털,,2026-09-16T23:00:00,synthetic-seeder
2026-09-16,202609,ENTR-VAS-POST-0531,ENTR-VAS-POST-0531-3,120531,VAS-RING-03,통화연결음,Y,1100,A,2023-08-01,9999-12-31,Y,N,1142,37,디지털,,2026-09-16T23:00:00,synthetic-seeder
2026-09-16,202609,ENTR-VAS-POST-0532,ENTR-VAS-POST-0532-1,120532,VAS-SAFE-01,스팸 차단,Y,3300,A,2023-08-01,9999-12-31,Y,N,1142,37,디지털,,2026-09-16T23:00:00,synthetic-seeder
2026-09-16,202609,ENTR-VAS-POST-0532,ENTR-VAS-POST-0532-2,120532,VAS-MEDIA-02,미디어팩,Y,7700,A,2023-08-01,9999-12-31,Y,N,1142,37,디지털,,2026-09-16T23:00:00,synthetic-seeder
2026-09-16,202609,ENTR-VAS-POST-0532,ENTR-VAS-POST-0532-3,120532,VAS-RING-03,통화연결음,Y,1100,A,2023-08-01,9999-12-31,Y,N,1142,37,디지털,,2026-09-16T23:00:00,synthetic-seeder
2026-09-16,202609,ENTR-VAS-POST-0533,ENTR-VAS-POST-0533-1,120533,VAS-SAFE-01,스팸 차단,Y,3300,A,2023-08-01,9999-12-31,Y,N,1142,37,디지털,,2026-09-16T23:00:00,synthetic-seeder
2026-09-16,202609,ENTR-VAS-POST-0533,ENTR-VAS-POST-0533-2,120533,VAS-MEDIA-02,미디어팩,Y,7700,A,2023-08-01,9999-12-31,Y,N,1142,37,디지털,,2026-09-16T23:00:00,synthetic-seeder
2026-09-16,202609,ENTR-VAS-POST-0533,ENTR-VAS-POST-0533-3,120533,VAS-RING-03,통화연결음,Y,1100,A,2023-08-01,9999-12-31,Y,N,1142,37,디지털,,2026-09-16T23:00:00,synthetic-seeder
2026-09-16,202609,ENTR-VAS-POST-0534,ENTR-VAS-POST-0534-1,120534,VAS-SAFE-01,스팸 차단,Y,3300,A,2023-08-01,9999-12-31,Y,N,1142,37,디지털,,2026-09-16T23:00:00,synthetic-seeder
2026-09-16,202609,ENTR-VAS-POST-0534,ENTR-VAS-POST-0534-2,120534,VAS-MEDIA-02,미디어팩,Y,7700,A,2023-08-01,9999-12-31,Y,N,1142,37,디지털,,2026-09-16T23:00:00,synthetic-seeder
2026-09-16,202609,ENTR-VAS-POST-0534,ENTR-VAS-POST-0534-3,120534,VAS-RING-03,통화연결음,Y,1100,A,2023-08-01,9999-12-31,Y,N,1142,37,디지털,,2026-09-16T23:00:00,synthetic-seeder
2026-09-16,202609,ENTR-VAS-POST-0535,ENTR-VAS-POST-0535-1,120535,VAS-SAFE-01,스팸 차단,Y,3300,A,2023-08-01,9999-12-31,Y,N,1142,37,디지털,,2026-09-16T23:00:00,synthetic-seeder
2026-09-16,202609,ENTR-VAS-POST-0535,ENTR-VAS-POST-0535-2,120535,VAS-MEDIA-02,미디어팩,Y,7700,A,2023-08-01,9999-12-31,Y,N,1142,37,디지털,,2026-09-16T23:00:00,synthetic-seeder
2026-09-16,202609,ENTR-VAS-POST-0535,ENTR-VAS-POST-0535-3,120535,VAS-RING-03,통화연결음,Y,1100,A,2023-08-01,9999-12-31,Y,N,1142,37,디지털,,2026-09-16T23:00:00,synthetic-seeder
2026-09-16,202609,ENTR-VAS-POST-0536,ENTR-VAS-POST-0536-1,120536,VAS-SAFE-01,스팸 차단,Y,3300,A,2023-08-01,9999-12-31,Y,N,1142,37,디지털,,2026-09-16T23:00:00,synthetic-seeder
2026-09-16,202609,ENTR-VAS-POST-0536,ENTR-VAS-POST-0536-2,120536,VAS-MEDIA-02,미디어팩,Y,7700,A,2023-08-01,9999-12-31,Y,N,1142,37,디지털,,2026-09-16T23:00:00,synthetic-seeder
2026-09-16,202609,ENTR-VAS-POST-0536,ENTR-VAS-POST-0536-3,120536,VAS-RING-03,통화연결음,Y,1100,A,2023-08-01,9999-12-31,Y,N,1142,37,디지털,,2026-09-16T23:00:00,synthetic-seeder
2026-09-16,202609,ENTR-VAS-POST-0537,ENTR-VAS-POST-0537-1,120537,VAS-SAFE-01,스팸 차단,Y,3300,A,2023-08-01,9999-12-31,Y,N,1142,37,디지털,,2026-09-16T23:00:00,synthetic-seeder
2026-09-16,202609,ENTR-VAS-POST-0537,ENTR-VAS-POST-0537-2,120537,VAS-MEDIA-02,미디어팩,Y,7700,A,2023-08-01,9999-12-31,Y,N,1142,37,디지털,,2026-09-16T23:00:00,synthetic-seeder
2026-09-16,202609,ENTR-VAS-POST-0537,ENTR-VAS-POST-0537-3,120537,VAS-RING-03,통화연결음,Y,1100,A,2023-08-01,9999-12-31,Y,N,1142,37,디지털,,2026-09-16T23:00:00,synthetic-seeder
2026-09-16,202609,ENTR-VAS-POST-0538,ENTR-VAS-POST-0538-1,120538,VAS-SAFE-01,스팸 차단,Y,3300,A,2023-08-01,9999-12-31,Y,N,1142,37,디지털,,2026-09-16T23:00:00,synthetic-seeder
2026-09-16,202609,ENTR-VAS-POST-0538,ENTR-VAS-POST-0538-2,120538,VAS-MEDIA-02,미디어팩,Y,7700,A,2023-08-01,9999-12-31,Y,N,1142,37,디지털,,2026-09-16T23:00:00,synthetic-seeder
2026-09-16,202609,ENTR-VAS-POST-0538,ENTR-VAS-POST-0538-3,120538,VAS-RING-03,통화연결음,Y,1100,A,2023-08-01,9999-12-31,Y,N,1142,37,디지털,,2026-09-16T23:00:00,synthetic-seeder
2026-09-16,202609,ENTR-VAS-POST-0539,ENTR-VAS-POST-0539-1,120539,VAS-SAFE-01,스팸 차단,Y,3300,A,2023-08-01,9999-12-31,Y,N,1142,37,디지털,,2026-09-16T23:00:00,synthetic-seeder
2026-09-16,202609,ENTR-VAS-POST-0539,ENTR-VAS-POST-0539-2,120539,VAS-MEDIA-02,미디어팩,Y,7700,A,2023-08-01,9999-12-31,Y,N,1142,37,디지털,,2026-09-16T23:00:00,synthetic-seeder
2026-09-16,202609,ENTR-VAS-POST-0539,ENTR-VAS-POST-0539-3,120539,VAS-RING-03,통화연결음,Y,1100,A,2023-08-01,9999-12-31,Y,N,1142,37,디지털,,2026-09-16T23:00:00,synthetic-seeder
2026-09-16,202609,ENTR-VAS-POST-0540,ENTR-VAS-POST-0540-1,120540,VAS-SAFE-01,스팸 차단,Y,3300,A,2023-08-01,9999-12-31,Y,N,1142,37,디지털,,2026-09-16T23:00:00,synthetic-seeder
2026-09-16,202609,ENTR-VAS-POST-0540,ENTR-VAS-POST-0540-2,120540,VAS-MEDIA-02,미디어팩,Y,7700,A,2023-08-01,9999-12-31,Y,N,1142,37,디지털,,2026-09-16T23:00:00,synthetic-seeder
2026-09-16,202609,ENTR-VAS-POST-0540,ENTR-VAS-POST-0540-3,120540,VAS-RING-03,통화연결음,Y,1100,A,2023-08-01,9999-12-31,Y,N,1142,37,디지털,,2026-09-16T23:00:00,synthetic-seeder
2026-09-16,202609,ENTR-VAS-POST-0541,ENTR-VAS-POST-0541-1,120541,VAS-SAFE-01,스팸 차단,Y,3300,A,2023-08-01,9999-12-31,Y,N,1142,37,디지털,,2026-09-16T23:00:00,synthetic-seeder
2026-09-16,202609,ENTR-VAS-POST-0541,ENTR-VAS-POST-0541-2,120541,VAS-MEDIA-02,미디어팩,Y,7700,A,2023-08-01,9999-12-31,Y,N,1142,37,디지털,,2026-09-16T23:00:00,synthetic-seeder
2026-09-16,202609,ENTR-VAS-POST-0541,ENTR-VAS-POST-0541-3,120541,VAS-RING-03,통화연결음,Y,1100,A,2023-08-01,9999-12-31,Y,N,1142,37,디지털,,2026-09-16T23:00:00,synthetic-seeder
2026-09-16,202609,ENTR-VAS-POST-0542,ENTR-VAS-POST-0542-1,120542,VAS-SAFE-01,스팸 차단,Y,3300,A,2023-08-01,9999-12-31,Y,N,1142,37,디지털,,2026-09-16T23:00:00,synthetic-seeder
2026-09-16,202609,ENTR-VAS-POST-0542,ENTR-VAS-POST-0542-2,120542,VAS-MEDIA-02,미디어팩,Y,7700,A,2023-08-01,9999-12-31,Y,N,1142,37,디지털,,2026-09-16T23:00:00,synthetic-seeder
2026-09-16,202609,ENTR-VAS-POST-0542,ENTR-VAS-POST-0542-3,120542,VAS-RING-03,통화연결음,Y,1100,A,2023-08-01,9999-12-31,Y,N,1142,37,디지털,,2026-09-16T23:00:00,synthetic-seeder
2026-09-16,202609,ENTR-VAS-POST-0543,ENTR-VAS-POST-0543-1,120543,VAS-SAFE-01,스팸 차단,Y,3300,A,2023-08-01,9999-12-31,Y,N,1142,37,디지털,,2026-09-16T23:00:00,synthetic-seeder
2026-09-16,202609,ENTR-VAS-POST-0543,ENTR-VAS-POST-0543-2,120543,VAS-MEDIA-02,미디어팩,Y,7700,A,2023-08-01,9999-12-31,Y,N,1142,37,디지털,,2026-09-16T23:00:00,synthetic-seeder
2026-09-16,202609,ENTR-VAS-POST-0543,ENTR-VAS-POST-0543-3,120543,VAS-RING-03,통화연결음,Y,1100,A,2023-08-01,9999-12-31,Y,N,1142,37,디지털,,2026-09-16T23:00:00,synthetic-seeder
2026-09-16,202609,ENTR-VAS-POST-0544,ENTR-VAS-POST-0544-1,120544,VAS-SAFE-01,스팸 차단,Y,3300,A,2023-08-01,9999-12-31,Y,N,1142,37,디지털,,2026-09-16T23:00:00,synthetic-seeder
2026-09-16,202609,ENTR-VAS-POST-0544,ENTR-VAS-POST-0544-2,120544,VAS-MEDIA-02,미디어팩,Y,7700,A,2023-08-01,9999-12-31,Y,N,1142,37,디지털,,2026-09-16T23:00:00,synthetic-seeder
2026-09-16,202609,ENTR-VAS-POST-0544,ENTR-VAS-POST-0544-3,120544,VAS-RING-03,통화연결음,Y,1100,A,2023-08-01,9999-12-31,Y,N,1142,37,디지털,,2026-09-16T23:00:00,synthetic-seeder
2026-09-16,202609,ENTR-VAS-POST-0545,ENTR-VAS-POST-0545-1,120545,VAS-SAFE-01,스팸 차단,Y,3300,A,2023-08-01,9999-12-31,Y,N,1142,37,디지털,,2026-09-16T23:00:00,synthetic-seeder
2026-09-16,202609,ENTR-VAS-POST-0545,ENTR-VAS-POST-0545-2,120545,VAS-MEDIA-02,미디어팩,Y,7700,A,2023-08-01,9999-12-31,Y,N,1142,37,디지털,,2026-09-16T23:00:00,synthetic-seeder
2026-09-16,202609,ENTR-VAS-POST-0545,ENTR-VAS-POST-0545-3,120545,VAS-RING-03,통화연결음,Y,1100,A,2023-08-01,9999-12-31,Y,N,1142,37,디지털,,2026-09-16T23:00:00,synthetic-seeder
2026-09-16,202609,ENTR-VAS-POST-0546,ENTR-VAS-POST-0546-1,120546,VAS-SAFE-01,스팸 차단,Y,3300,A,2023-08-01,9999-12-31,Y,N,1142,37,디지털,,2026-09-16T23:00:00,synthetic-seeder
2026-09-16,202609,ENTR-VAS-POST-0546,ENTR-VAS-POST-0546-2,120546,VAS-MEDIA-02,미디어팩,Y,7700,A,2023-08-01,9999-12-31,Y,N,1142,37,디지털,,2026-09-16T23:00:00,synthetic-seeder
2026-09-16,202609,ENTR-VAS-POST-0546,ENTR-VAS-POST-0546-3,120546,VAS-RING-03,통화연결음,Y,1100,A,2023-08-01,9999-12-31,Y,N,1142,37,디지털,,2026-09-16T23:00:00,synthetic-seeder
2026-09-16,202609,ENTR-VAS-POST-0547,ENTR-VAS-POST-0547-1,120547,VAS-SAFE-01,스팸 차단,Y,3300,A,2023-08-01,9999-12-31,Y,N,1142,37,디지털,,2026-09-16T23:00:00,synthetic-seeder
2026-09-16,202609,ENTR-VAS-POST-0547,ENTR-VAS-POST-0547-2,120547,VAS-MEDIA-02,미디어팩,Y,7700,A,2023-08-01,9999-12-31,Y,N,1142,37,디지털,,2026-09-16T23:00:00,synthetic-seeder
2026-09-16,202609,ENTR-VAS-POST-0547,ENTR-VAS-POST-0547-3,120547,VAS-RING-03,통화연결음,Y,1100,A,2023-08-01,9999-12-31,Y,N,1142,37,디지털,,2026-09-16T23:00:00,synthetic-seeder
2026-09-16,202609,ENTR-VAS-POST-0548,ENTR-VAS-POST-0548-1,120548,VAS-SAFE-01,스팸 차단,Y,3300,A,2023-08-01,9999-12-31,Y,N,1142,37,디지털,,2026-09-16T23:00:00,synthetic-seeder
2026-09-16,202609,ENTR-VAS-POST-0548,ENTR-VAS-POST-0548-2,120548,VAS-MEDIA-02,미디어팩,Y,7700,A,2023-08-01,9999-12-31,Y,N,1142,37,디지털,,2026-09-16T23:00:00,synthetic-seeder
2026-09-16,202609,ENTR-VAS-POST-0548,ENTR-VAS-POST-0548-3,120548,VAS-RING-03,통화연결음,Y,1100,A,2023-08-01,9999-12-31,Y,N,1142,37,디지털,,2026-09-16T23:00:00,synthetic-seeder
2026-09-16,202609,ENTR-VAS-POST-0549,ENTR-VAS-POST-0549-1,120549,VAS-SAFE-01,스팸 차단,Y,3300,A,2023-08-01,9999-12-31,Y,N,1142,37,디지털,,2026-09-16T23:00:00,synthetic-seeder
2026-09-16,202609,ENTR-VAS-POST-0549,ENTR-VAS-POST-0549-2,120549,VAS-MEDIA-02,미디어팩,Y,7700,A,2023-08-01,9999-12-31,Y,N,1142,37,디지털,,2026-09-16T23:00:00,synthetic-seeder
2026-09-16,202609,ENTR-VAS-POST-0549,ENTR-VAS-POST-0549-3,120549,VAS-RING-03,통화연결음,Y,1100,A,2023-08-01,9999-12-31,Y,N,1142,37,디지털,,2026-09-16T23:00:00,synthetic-seeder
2026-09-16,202609,ENTR-VAS-POST-0550,ENTR-VAS-POST-0550-1,120550,VAS-SAFE-01,스팸 차단,Y,3300,A,2023-08-01,9999-12-31,Y,N,1142,37,디지털,,2026-09-16T23:00:00,synthetic-seeder
2026-09-16,202609,ENTR-VAS-POST-0550,ENTR-VAS-POST-0550-2,120550,VAS-MEDIA-02,미디어팩,Y,7700,A,2023-08-01,9999-12-31,Y,N,1142,37,디지털,,2026-09-16T23:00:00,synthetic-seeder
2026-09-16,202609,ENTR-VAS-POST-0550,ENTR-VAS-POST-0550-3,120550,VAS-RING-03,통화연결음,Y,1100,A,2023-08-01,9999-12-31,Y,N,1142,37,디지털,,2026-09-16T23:00:00,synthetic-seeder
2026-09-17,202609,ENTR-VAS-POST-0601,ENTR-VAS-POST-0601-1,120601,VAS-SAFE-01,스팸 차단,Y,3300,A,2023-08-01,9999-12-31,Y,N,1143,37,디지털,,2026-09-17T23:00:00,synthetic-seeder
2026-09-17,202609,ENTR-VAS-POST-0601,ENTR-VAS-POST-0601-2,120601,VAS-MEDIA-02,미디어팩,Y,7700,A,2023-08-01,9999-12-31,Y,N,1143,37,디지털,,2026-09-17T23:00:00,synthetic-seeder
2026-09-17,202609,ENTR-VAS-POST-0601,ENTR-VAS-POST-0601-3,120601,VAS-RING-03,통화연결음,Y,1100,A,2023-08-01,9999-12-31,Y,N,1143,37,디지털,,2026-09-17T23:00:00,synthetic-seeder
2026-09-17,202609,ENTR-VAS-POST-0602,ENTR-VAS-POST-0602-1,120602,VAS-SAFE-01,스팸 차단,Y,3300,A,2023-08-01,9999-12-31,Y,N,1143,37,디지털,,2026-09-17T23:00:00,synthetic-seeder
2026-09-17,202609,ENTR-VAS-POST-0602,ENTR-VAS-POST-0602-2,120602,VAS-MEDIA-02,미디어팩,Y,7700,A,2023-08-01,9999-12-31,Y,N,1143,37,디지털,,2026-09-17T23:00:00,synthetic-seeder
2026-09-17,202609,ENTR-VAS-POST-0602,ENTR-VAS-POST-0602-3,120602,VAS-RING-03,통화연결음,Y,1100,A,2023-08-01,9999-12-31,Y,N,1143,37,디지털,,2026-09-17T23:00:00,synthetic-seeder
2026-09-17,202609,ENTR-VAS-POST-0603,ENTR-VAS-POST-0603-1,120603,VAS-SAFE-01,스팸 차단,Y,3300,A,2023-08-01,9999-12-31,Y,N,1143,37,디지털,,2026-09-17T23:00:00,synthetic-seeder
2026-09-17,202609,ENTR-VAS-POST-0603,ENTR-VAS-POST-0603-2,120603,VAS-MEDIA-02,미디어팩,Y,7700,A,2023-08-01,9999-12-31,Y,N,1143,37,디지털,,2026-09-17T23:00:00,synthetic-seeder
2026-09-17,202609,ENTR-VAS-POST-0603,ENTR-VAS-POST-0603-3,120603,VAS-RING-03,통화연결음,Y,1100,A,2023-08-01,9999-12-31,Y,N,1143,37,디지털,,2026-09-17T23:00:00,synthetic-seeder
2026-09-17,202609,ENTR-VAS-POST-0604,ENTR-VAS-POST-0604-1,120604,VAS-SAFE-01,스팸 차단,Y,3300,A,2023-08-01,9999-12-31,Y,N,1143,37,디지털,,2026-09-17T23:00:00,synthetic-seeder
2026-09-17,202609,ENTR-VAS-POST-0604,ENTR-VAS-POST-0604-2,120604,VAS-MEDIA-02,미디어팩,Y,7700,A,2023-08-01,9999-12-31,Y,N,1143,37,디지털,,2026-09-17T23:00:00,synthetic-seeder
2026-09-17,202609,ENTR-VAS-POST-0604,ENTR-VAS-POST-0604-3,120604,VAS-RING-03,통화연결음,Y,1100,A,2023-08-01,9999-12-31,Y,N,1143,37,디지털,,2026-09-17T23:00:00,synthetic-seeder
2026-09-17,202609,ENTR-VAS-POST-0605,ENTR-VAS-POST-0605-1,120605,VAS-SAFE-01,스팸 차단,Y,3300,A,2023-08-01,9999-12-31,Y,N,1143,37,디지털,,2026-09-17T23:00:00,synthetic-seeder
2026-09-17,202609,ENTR-VAS-POST-0605,ENTR-VAS-POST-0605-2,120605,VAS-MEDIA-02,미디어팩,Y,7700,A,2023-08-01,9999-12-31,Y,N,1143,37,디지털,,2026-09-17T23:00:00,synthetic-seeder
2026-09-17,202609,ENTR-VAS-POST-0605,ENTR-VAS-POST-0605-3,120605,VAS-RING-03,통화연결음,Y,1100,A,2023-08-01,9999-12-31,Y,N,1143,37,디지털,,2026-09-17T23:00:00,synthetic-seeder
2026-09-17,202609,ENTR-VAS-POST-0606,ENTR-VAS-POST-0606-1,120606,VAS-SAFE-01,스팸 차단,Y,3300,A,2023-08-01,9999-12-31,Y,N,1143,37,디지털,,2026-09-17T23:00:00,synthetic-seeder
2026-09-17,202609,ENTR-VAS-POST-0606,ENTR-VAS-POST-0606-2,120606,VAS-MEDIA-02,미디어팩,Y,7700,A,2023-08-01,9999-12-31,Y,N,1143,37,디지털,,2026-09-17T23:00:00,synthetic-seeder
2026-09-17,202609,ENTR-VAS-POST-0606,ENTR-VAS-POST-0606-3,120606,VAS-RING-03,통화연결음,Y,1100,A,2023-08-01,9999-12-31,Y,N,1143,37,디지털,,2026-09-17T23:00:00,synthetic-seeder
2026-09-17,202609,ENTR-VAS-POST-0607,ENTR-VAS-POST-0607-1,120607,VAS-SAFE-01,스팸 차단,Y,3300,A,2023-08-01,9999-12-31,Y,N,1143,37,디지털,,2026-09-17T23:00:00,synthetic-seeder
2026-09-17,202609,ENTR-VAS-POST-0607,ENTR-VAS-POST-0607-2,120607,VAS-MEDIA-02,미디어팩,Y,7700,A,2023-08-01,9999-12-31,Y,N,1143,37,디지털,,2026-09-17T23:00:00,synthetic-seeder
2026-09-17,202609,ENTR-VAS-POST-0607,ENTR-VAS-POST-0607-3,120607,VAS-RING-03,통화연결음,Y,1100,A,2023-08-01,9999-12-31,Y,N,1143,37,디지털,,2026-09-17T23:00:00,synthetic-seeder
2026-09-17,202609,ENTR-VAS-POST-0608,ENTR-VAS-POST-0608-1,120608,VAS-SAFE-01,스팸 차단,Y,3300,A,2023-08-01,9999-12-31,Y,N,1143,37,디지털,,2026-09-17T23:00:00,synthetic-seeder
2026-09-17,202609,ENTR-VAS-POST-0608,ENTR-VAS-POST-0608-2,120608,VAS-MEDIA-02,미디어팩,Y,7700,A,2023-08-01,9999-12-31,Y,N,1143,37,디지털,,2026-09-17T23:00:00,synthetic-seeder
2026-09-17,202609,ENTR-VAS-POST-0608,ENTR-VAS-POST-0608-3,120608,VAS-RING-03,통화연결음,Y,1100,A,2023-08-01,9999-12-31,Y,N,1143,37,디지털,,2026-09-17T23:00:00,synthetic-seeder
2026-09-17,202609,ENTR-VAS-POST-0609,ENTR-VAS-POST-0609-1,120609,VAS-SAFE-01,스팸 차단,Y,3300,A,2023-08-01,9999-12-31,Y,N,1143,37,디지털,,2026-09-17T23:00:00,synthetic-seeder
2026-09-17,202609,ENTR-VAS-POST-0609,ENTR-VAS-POST-0609-2,120609,VAS-MEDIA-02,미디어팩,Y,7700,A,2023-08-01,9999-12-31,Y,N,1143,37,디지털,,2026-09-17T23:00:00,synthetic-seeder
2026-09-17,202609,ENTR-VAS-POST-0609,ENTR-VAS-POST-0609-3,120609,VAS-RING-03,통화연결음,Y,1100,A,2023-08-01,9999-12-31,Y,N,1143,37,디지털,,2026-09-17T23:00:00,synthetic-seeder
2026-09-17,202609,ENTR-VAS-POST-0610,ENTR-VAS-POST-0610-1,120610,VAS-SAFE-01,스팸 차단,Y,3300,A,2023-08-01,9999-12-31,Y,N,1143,37,디지털,,2026-09-17T23:00:00,synthetic-seeder
2026-09-17,202609,ENTR-VAS-POST-0610,ENTR-VAS-POST-0610-2,120610,VAS-MEDIA-02,미디어팩,Y,7700,A,2023-08-01,9999-12-31,Y,N,1143,37,디지털,,2026-09-17T23:00:00,synthetic-seeder
2026-09-17,202609,ENTR-VAS-POST-0610,ENTR-VAS-POST-0610-3,120610,VAS-RING-03,통화연결음,Y,1100,A,2023-08-01,9999-12-31,Y,N,1143,37,디지털,,2026-09-17T23:00:00,synthetic-seeder
2026-09-17,202609,ENTR-VAS-POST-0611,ENTR-VAS-POST-0611-1,120611,VAS-SAFE-01,스팸 차단,Y,3300,A,2023-08-01,9999-12-31,Y,N,1143,37,디지털,,2026-09-17T23:00:00,synthetic-seeder
2026-09-17,202609,ENTR-VAS-POST-0611,ENTR-VAS-POST-0611-2,120611,VAS-MEDIA-02,미디어팩,Y,7700,A,2023-08-01,9999-12-31,Y,N,1143,37,디지털,,2026-09-17T23:00:00,synthetic-seeder
2026-09-17,202609,ENTR-VAS-POST-0611,ENTR-VAS-POST-0611-3,120611,VAS-RING-03,통화연결음,Y,1100,A,2023-08-01,9999-12-31,Y,N,1143,37,디지털,,2026-09-17T23:00:00,synthetic-seeder
2026-09-17,202609,ENTR-VAS-POST-0612,ENTR-VAS-POST-0612-1,120612,VAS-SAFE-01,스팸 차단,Y,3300,A,2023-08-01,9999-12-31,Y,N,1143,37,디지털,,2026-09-17T23:00:00,synthetic-seeder
2026-09-17,202609,ENTR-VAS-POST-0612,ENTR-VAS-POST-0612-2,120612,VAS-MEDIA-02,미디어팩,Y,7700,A,2023-08-01,9999-12-31,Y,N,1143,37,디지털,,2026-09-17T23:00:00,synthetic-seeder
2026-09-17,202609,ENTR-VAS-POST-0612,ENTR-VAS-POST-0612-3,120612,VAS-RING-03,통화연결음,Y,1100,A,2023-08-01,9999-12-31,Y,N,1143,37,디지털,,2026-09-17T23:00:00,synthetic-seeder
2026-09-17,202609,ENTR-VAS-POST-0613,ENTR-VAS-POST-0613-1,120613,VAS-SAFE-01,스팸 차단,Y,3300,A,2023-08-01,9999-12-31,Y,N,1143,37,디지털,,2026-09-17T23:00:00,synthetic-seeder
2026-09-17,202609,ENTR-VAS-POST-0613,ENTR-VAS-POST-0613-2,120613,VAS-MEDIA-02,미디어팩,Y,7700,A,2023-08-01,9999-12-31,Y,N,1143,37,디지털,,2026-09-17T23:00:00,synthetic-seeder
2026-09-17,202609,ENTR-VAS-POST-0613,ENTR-VAS-POST-0613-3,120613,VAS-RING-03,통화연결음,Y,1100,A,2023-08-01,9999-12-31,Y,N,1143,37,디지털,,2026-09-17T23:00:00,synthetic-seeder
2026-09-17,202609,ENTR-VAS-POST-0614,ENTR-VAS-POST-0614-1,120614,VAS-SAFE-01,스팸 차단,Y,3300,A,2023-08-01,9999-12-31,Y,N,1143,37,디지털,,2026-09-17T23:00:00,synthetic-seeder
2026-09-17,202609,ENTR-VAS-POST-0614,ENTR-VAS-POST-0614-2,120614,VAS-MEDIA-02,미디어팩,Y,7700,A,2023-08-01,9999-12-31,Y,N,1143,37,디지털,,2026-09-17T23:00:00,synthetic-seeder
2026-09-17,202609,ENTR-VAS-POST-0614,ENTR-VAS-POST-0614-3,120614,VAS-RING-03,통화연결음,Y,1100,A,2023-08-01,9999-12-31,Y,N,1143,37,디지털,,2026-09-17T23:00:00,synthetic-seeder
2026-09-17,202609,ENTR-VAS-POST-0615,ENTR-VAS-POST-0615-1,120615,VAS-SAFE-01,스팸 차단,Y,3300,A,2023-08-01,9999-12-31,Y,N,1143,37,디지털,,2026-09-17T23:00:00,synthetic-seeder
2026-09-17,202609,ENTR-VAS-POST-0615,ENTR-VAS-POST-0615-2,120615,VAS-MEDIA-02,미디어팩,Y,7700,A,2023-08-01,9999-12-31,Y,N,1143,37,디지털,,2026-09-17T23:00:00,synthetic-seeder
2026-09-17,202609,ENTR-VAS-POST-0615,ENTR-VAS-POST-0615-3,120615,VAS-RING-03,통화연결음,Y,1100,A,2023-08-01,9999-12-31,Y,N,1143,37,디지털,,2026-09-17T23:00:00,synthetic-seeder
2026-09-17,202609,ENTR-VAS-POST-0616,ENTR-VAS-POST-0616-1,120616,VAS-SAFE-01,스팸 차단,Y,3300,A,2023-08-01,9999-12-31,Y,N,1143,37,디지털,,2026-09-17T23:00:00,synthetic-seeder
2026-09-17,202609,ENTR-VAS-POST-0616,ENTR-VAS-POST-0616-2,120616,VAS-MEDIA-02,미디어팩,Y,7700,A,2023-08-01,9999-12-31,Y,N,1143,37,디지털,,2026-09-17T23:00:00,synthetic-seeder
2026-09-17,202609,ENTR-VAS-POST-0616,ENTR-VAS-POST-0616-3,120616,VAS-RING-03,통화연결음,Y,1100,A,2023-08-01,9999-12-31,Y,N,1143,37,디지털,,2026-09-17T23:00:00,synthetic-seeder
2026-09-17,202609,ENTR-VAS-POST-0617,ENTR-VAS-POST-0617-1,120617,VAS-SAFE-01,스팸 차단,Y,3300,A,2023-08-01,9999-12-31,Y,N,1143,37,디지털,,2026-09-17T23:00:00,synthetic-seeder
2026-09-17,202609,ENTR-VAS-POST-0617,ENTR-VAS-POST-0617-2,120617,VAS-MEDIA-02,미디어팩,Y,7700,A,2023-08-01,9999-12-31,Y,N,1143,37,디지털,,2026-09-17T23:00:00,synthetic-seeder
2026-09-17,202609,ENTR-VAS-POST-0617,ENTR-VAS-POST-0617-3,120617,VAS-RING-03,통화연결음,Y,1100,A,2023-08-01,9999-12-31,Y,N,1143,37,디지털,,2026-09-17T23:00:00,synthetic-seeder
2026-09-17,202609,ENTR-VAS-POST-0618,ENTR-VAS-POST-0618-1,120618,VAS-SAFE-01,스팸 차단,Y,3300,A,2023-08-01,9999-12-31,Y,N,1143,37,디지털,,2026-09-17T23:00:00,synthetic-seeder
2026-09-17,202609,ENTR-VAS-POST-0618,ENTR-VAS-POST-0618-2,120618,VAS-MEDIA-02,미디어팩,Y,7700,A,2023-08-01,9999-12-31,Y,N,1143,37,디지털,,2026-09-17T23:00:00,synthetic-seeder
2026-09-17,202609,ENTR-VAS-POST-0618,ENTR-VAS-POST-0618-3,120618,VAS-RING-03,통화연결음,Y,1100,A,2023-08-01,9999-12-31,Y,N,1143,37,디지털,,2026-09-17T23:00:00,synthetic-seeder
2026-09-17,202609,ENTR-VAS-POST-0619,ENTR-VAS-POST-0619-1,120619,VAS-SAFE-01,스팸 차단,Y,3300,A,2023-08-01,9999-12-31,Y,N,1143,37,디지털,,2026-09-17T23:00:00,synthetic-seeder
2026-09-17,202609,ENTR-VAS-POST-0619,ENTR-VAS-POST-0619-2,120619,VAS-MEDIA-02,미디어팩,Y,7700,A,2023-08-01,9999-12-31,Y,N,1143,37,디지털,,2026-09-17T23:00:00,synthetic-seeder
2026-09-17,202609,ENTR-VAS-POST-0619,ENTR-VAS-POST-0619-3,120619,VAS-RING-03,통화연결음,Y,1100,A,2023-08-01,9999-12-31,Y,N,1143,37,디지털,,2026-09-17T23:00:00,synthetic-seeder
2026-09-17,202609,ENTR-VAS-POST-0620,ENTR-VAS-POST-0620-1,120620,VAS-SAFE-01,스팸 차단,Y,3300,A,2023-08-01,9999-12-31,Y,N,1143,37,디지털,,2026-09-17T23:00:00,synthetic-seeder
2026-09-17,202609,ENTR-VAS-POST-0620,ENTR-VAS-POST-0620-2,120620,VAS-MEDIA-02,미디어팩,Y,7700,A,2023-08-01,9999-12-31,Y,N,1143,37,디지털,,2026-09-17T23:00:00,synthetic-seeder
2026-09-17,202609,ENTR-VAS-POST-0620,ENTR-VAS-POST-0620-3,120620,VAS-RING-03,통화연결음,Y,1100,A,2023-08-01,9999-12-31,Y,N,1143,37,디지털,,2026-09-17T23:00:00,synthetic-seeder
2026-09-17,202609,ENTR-VAS-POST-0621,ENTR-VAS-POST-0621-1,120621,VAS-SAFE-01,스팸 차단,Y,3300,A,2023-08-01,9999-12-31,Y,N,1143,37,디지털,,2026-09-17T23:00:00,synthetic-seeder
2026-09-17,202609,ENTR-VAS-POST-0621,ENTR-VAS-POST-0621-2,120621,VAS-MEDIA-02,미디어팩,Y,7700,A,2023-08-01,9999-12-31,Y,N,1143,37,디지털,,2026-09-17T23:00:00,synthetic-seeder
2026-09-17,202609,ENTR-VAS-POST-0621,ENTR-VAS-POST-0621-3,120621,VAS-RING-03,통화연결음,Y,1100,A,2023-08-01,9999-12-31,Y,N,1143,37,디지털,,2026-09-17T23:00:00,synthetic-seeder
2026-09-17,202609,ENTR-VAS-POST-0622,ENTR-VAS-POST-0622-1,120622,VAS-SAFE-01,스팸 차단,Y,3300,A,2023-08-01,9999-12-31,Y,N,1143,37,디지털,,2026-09-17T23:00:00,synthetic-seeder
2026-09-17,202609,ENTR-VAS-POST-0622,ENTR-VAS-POST-0622-2,120622,VAS-MEDIA-02,미디어팩,Y,7700,A,2023-08-01,9999-12-31,Y,N,1143,37,디지털,,2026-09-17T23:00:00,synthetic-seeder
2026-09-17,202609,ENTR-VAS-POST-0622,ENTR-VAS-POST-0622-3,120622,VAS-RING-03,통화연결음,Y,1100,A,2023-08-01,9999-12-31,Y,N,1143,37,디지털,,2026-09-17T23:00:00,synthetic-seeder
2026-09-17,202609,ENTR-VAS-POST-0623,ENTR-VAS-POST-0623-1,120623,VAS-SAFE-01,스팸 차단,Y,3300,A,2023-08-01,9999-12-31,Y,N,1143,37,디지털,,2026-09-17T23:00:00,synthetic-seeder
2026-09-17,202609,ENTR-VAS-POST-0623,ENTR-VAS-POST-0623-2,120623,VAS-MEDIA-02,미디어팩,Y,7700,A,2023-08-01,9999-12-31,Y,N,1143,37,디지털,,2026-09-17T23:00:00,synthetic-seeder
2026-09-17,202609,ENTR-VAS-POST-0623,ENTR-VAS-POST-0623-3,120623,VAS-RING-03,통화연결음,Y,1100,A,2023-08-01,9999-12-31,Y,N,1143,37,디지털,,2026-09-17T23:00:00,synthetic-seeder
2026-09-17,202609,ENTR-VAS-POST-0624,ENTR-VAS-POST-0624-1,120624,VAS-SAFE-01,스팸 차단,Y,3300,A,2023-08-01,9999-12-31,Y,N,1143,37,디지털,,2026-09-17T23:00:00,synthetic-seeder
2026-09-17,202609,ENTR-VAS-POST-0624,ENTR-VAS-POST-0624-2,120624,VAS-MEDIA-02,미디어팩,Y,7700,A,2023-08-01,9999-12-31,Y,N,1143,37,디지털,,2026-09-17T23:00:00,synthetic-seeder
2026-09-17,202609,ENTR-VAS-POST-0624,ENTR-VAS-POST-0624-3,120624,VAS-RING-03,통화연결음,Y,1100,A,2023-08-01,9999-12-31,Y,N,1143,37,디지털,,2026-09-17T23:00:00,synthetic-seeder
2026-09-17,202609,ENTR-VAS-POST-0625,ENTR-VAS-POST-0625-1,120625,VAS-SAFE-01,스팸 차단,Y,3300,A,2023-08-01,9999-12-31,Y,N,1143,37,디지털,,2026-09-17T23:00:00,synthetic-seeder
2026-09-17,202609,ENTR-VAS-POST-0625,ENTR-VAS-POST-0625-2,120625,VAS-MEDIA-02,미디어팩,Y,7700,A,2023-08-01,9999-12-31,Y,N,1143,37,디지털,,2026-09-17T23:00:00,synthetic-seeder
2026-09-17,202609,ENTR-VAS-POST-0625,ENTR-VAS-POST-0625-3,120625,VAS-RING-03,통화연결음,Y,1100,A,2023-08-01,9999-12-31,Y,N,1143,37,디지털,,2026-09-17T23:00:00,synthetic-seeder
2026-09-17,202609,ENTR-VAS-POST-0626,ENTR-VAS-POST-0626-1,120626,VAS-SAFE-01,스팸 차단,Y,3300,A,2023-08-01,9999-12-31,Y,N,1143,37,디지털,,2026-09-17T23:00:00,synthetic-seeder
2026-09-17,202609,ENTR-VAS-POST-0626,ENTR-VAS-POST-0626-2,120626,VAS-MEDIA-02,미디어팩,Y,7700,A,2023-08-01,9999-12-31,Y,N,1143,37,디지털,,2026-09-17T23:00:00,synthetic-seeder
2026-09-17,202609,ENTR-VAS-POST-0626,ENTR-VAS-POST-0626-3,120626,VAS-RING-03,통화연결음,Y,1100,A,2023-08-01,9999-12-31,Y,N,1143,37,디지털,,2026-09-17T23:00:00,synthetic-seeder
2026-09-17,202609,ENTR-VAS-POST-0627,ENTR-VAS-POST-0627-1,120627,VAS-SAFE-01,스팸 차단,Y,3300,A,2023-08-01,9999-12-31,Y,N,1143,37,디지털,,2026-09-17T23:00:00,synthetic-seeder
2026-09-17,202609,ENTR-VAS-POST-0627,ENTR-VAS-POST-0627-2,120627,VAS-MEDIA-02,미디어팩,Y,7700,A,2023-08-01,9999-12-31,Y,N,1143,37,디지털,,2026-09-17T23:00:00,synthetic-seeder
2026-09-17,202609,ENTR-VAS-POST-0627,ENTR-VAS-POST-0627-3,120627,VAS-RING-03,통화연결음,Y,1100,A,2023-08-01,9999-12-31,Y,N,1143,37,디지털,,2026-09-17T23:00:00,synthetic-seeder
2026-09-17,202609,ENTR-VAS-POST-0628,ENTR-VAS-POST-0628-1,120628,VAS-SAFE-01,스팸 차단,Y,3300,A,2023-08-01,9999-12-31,Y,N,1143,37,디지털,,2026-09-17T23:00:00,synthetic-seeder
2026-09-17,202609,ENTR-VAS-POST-0628,ENTR-VAS-POST-0628-2,120628,VAS-MEDIA-02,미디어팩,Y,7700,A,2023-08-01,9999-12-31,Y,N,1143,37,디지털,,2026-09-17T23:00:00,synthetic-seeder
2026-09-17,202609,ENTR-VAS-POST-0628,ENTR-VAS-POST-0628-3,120628,VAS-RING-03,통화연결음,Y,1100,A,2023-08-01,9999-12-31,Y,N,1143,37,디지털,,2026-09-17T23:00:00,synthetic-seeder
2026-09-17,202609,ENTR-VAS-POST-0629,ENTR-VAS-POST-0629-1,120629,VAS-SAFE-01,스팸 차단,Y,3300,A,2023-08-01,9999-12-31,Y,N,1143,37,디지털,,2026-09-17T23:00:00,synthetic-seeder
2026-09-17,202609,ENTR-VAS-POST-0629,ENTR-VAS-POST-0629-2,120629,VAS-MEDIA-02,미디어팩,Y,7700,A,2023-08-01,9999-12-31,Y,N,1143,37,디지털,,2026-09-17T23:00:00,synthetic-seeder
2026-09-17,202609,ENTR-VAS-POST-0629,ENTR-VAS-POST-0629-3,120629,VAS-RING-03,통화연결음,Y,1100,A,2023-08-01,9999-12-31,Y,N,1143,37,디지털,,2026-09-17T23:00:00,synthetic-seeder
2026-09-17,202609,ENTR-VAS-POST-0630,ENTR-VAS-POST-0630-1,120630,VAS-SAFE-01,스팸 차단,Y,3300,A,2023-08-01,9999-12-31,Y,N,1143,37,디지털,,2026-09-17T23:00:00,synthetic-seeder
2026-09-17,202609,ENTR-VAS-POST-0630,ENTR-VAS-POST-0630-2,120630,VAS-MEDIA-02,미디어팩,Y,7700,A,2023-08-01,9999-12-31,Y,N,1143,37,디지털,,2026-09-17T23:00:00,synthetic-seeder
2026-09-17,202609,ENTR-VAS-POST-0630,ENTR-VAS-POST-0630-3,120630,VAS-RING-03,통화연결음,Y,1100,A,2023-08-01,9999-12-31,Y,N,1143,37,디지털,,2026-09-17T23:00:00,synthetic-seeder
2026-09-17,202609,ENTR-VAS-POST-0631,ENTR-VAS-POST-0631-1,120631,VAS-SAFE-01,스팸 차단,Y,3300,A,2023-08-01,9999-12-31,Y,N,1143,37,디지털,,2026-09-17T23:00:00,synthetic-seeder
2026-09-17,202609,ENTR-VAS-POST-0631,ENTR-VAS-POST-0631-2,120631,VAS-MEDIA-02,미디어팩,Y,7700,A,2023-08-01,9999-12-31,Y,N,1143,37,디지털,,2026-09-17T23:00:00,synthetic-seeder
2026-09-17,202609,ENTR-VAS-POST-0631,ENTR-VAS-POST-0631-3,120631,VAS-RING-03,통화연결음,Y,1100,A,2023-08-01,9999-12-31,Y,N,1143,37,디지털,,2026-09-17T23:00:00,synthetic-seeder
2026-09-17,202609,ENTR-VAS-POST-0632,ENTR-VAS-POST-0632-1,120632,VAS-SAFE-01,스팸 차단,Y,3300,A,2023-08-01,9999-12-31,Y,N,1143,37,디지털,,2026-09-17T23:00:00,synthetic-seeder
2026-09-17,202609,ENTR-VAS-POST-0632,ENTR-VAS-POST-0632-2,120632,VAS-MEDIA-02,미디어팩,Y,7700,A,2023-08-01,9999-12-31,Y,N,1143,37,디지털,,2026-09-17T23:00:00,synthetic-seeder
2026-09-17,202609,ENTR-VAS-POST-0632,ENTR-VAS-POST-0632-3,120632,VAS-RING-03,통화연결음,Y,1100,A,2023-08-01,9999-12-31,Y,N,1143,37,디지털,,2026-09-17T23:00:00,synthetic-seeder
2026-09-17,202609,ENTR-VAS-POST-0633,ENTR-VAS-POST-0633-1,120633,VAS-SAFE-01,스팸 차단,Y,3300,A,2023-08-01,9999-12-31,Y,N,1143,37,디지털,,2026-09-17T23:00:00,synthetic-seeder
2026-09-17,202609,ENTR-VAS-POST-0633,ENTR-VAS-POST-0633-2,120633,VAS-MEDIA-02,미디어팩,Y,7700,A,2023-08-01,9999-12-31,Y,N,1143,37,디지털,,2026-09-17T23:00:00,synthetic-seeder
2026-09-17,202609,ENTR-VAS-POST-0633,ENTR-VAS-POST-0633-3,120633,VAS-RING-03,통화연결음,Y,1100,A,2023-08-01,9999-12-31,Y,N,1143,37,디지털,,2026-09-17T23:00:00,synthetic-seeder
2026-09-17,202609,ENTR-VAS-POST-0634,ENTR-VAS-POST-0634-1,120634,VAS-SAFE-01,스팸 차단,Y,3300,A,2023-08-01,9999-12-31,Y,N,1143,37,디지털,,2026-09-17T23:00:00,synthetic-seeder
2026-09-17,202609,ENTR-VAS-POST-0634,ENTR-VAS-POST-0634-2,120634,VAS-MEDIA-02,미디어팩,Y,7700,A,2023-08-01,9999-12-31,Y,N,1143,37,디지털,,2026-09-17T23:00:00,synthetic-seeder
2026-09-17,202609,ENTR-VAS-POST-0634,ENTR-VAS-POST-0634-3,120634,VAS-RING-03,통화연결음,Y,1100,A,2023-08-01,9999-12-31,Y,N,1143,37,디지털,,2026-09-17T23:00:00,synthetic-seeder
2026-09-17,202609,ENTR-VAS-POST-0635,ENTR-VAS-POST-0635-1,120635,VAS-SAFE-01,스팸 차단,Y,3300,A,2023-08-01,9999-12-31,Y,N,1143,37,디지털,,2026-09-17T23:00:00,synthetic-seeder
2026-09-17,202609,ENTR-VAS-POST-0635,ENTR-VAS-POST-0635-2,120635,VAS-MEDIA-02,미디어팩,Y,7700,A,2023-08-01,9999-12-31,Y,N,1143,37,디지털,,2026-09-17T23:00:00,synthetic-seeder
2026-09-17,202609,ENTR-VAS-POST-0635,ENTR-VAS-POST-0635-3,120635,VAS-RING-03,통화연결음,Y,1100,A,2023-08-01,9999-12-31,Y,N,1143,37,디지털,,2026-09-17T23:00:00,synthetic-seeder
2026-09-17,202609,ENTR-VAS-POST-0636,ENTR-VAS-POST-0636-1,120636,VAS-SAFE-01,스팸 차단,Y,3300,A,2023-08-01,9999-12-31,Y,N,1143,37,디지털,,2026-09-17T23:00:00,synthetic-seeder
2026-09-17,202609,ENTR-VAS-POST-0636,ENTR-VAS-POST-0636-2,120636,VAS-MEDIA-02,미디어팩,Y,7700,A,2023-08-01,9999-12-31,Y,N,1143,37,디지털,,2026-09-17T23:00:00,synthetic-seeder
2026-09-17,202609,ENTR-VAS-POST-0636,ENTR-VAS-POST-0636-3,120636,VAS-RING-03,통화연결음,Y,1100,A,2023-08-01,9999-12-31,Y,N,1143,37,디지털,,2026-09-17T23:00:00,synthetic-seeder
2026-09-17,202609,ENTR-VAS-POST-0637,ENTR-VAS-POST-0637-1,120637,VAS-SAFE-01,스팸 차단,Y,3300,A,2023-08-01,9999-12-31,Y,N,1143,37,디지털,,2026-09-17T23:00:00,synthetic-seeder
2026-09-17,202609,ENTR-VAS-POST-0637,ENTR-VAS-POST-0637-2,120637,VAS-MEDIA-02,미디어팩,Y,7700,A,2023-08-01,9999-12-31,Y,N,1143,37,디지털,,2026-09-17T23:00:00,synthetic-seeder
2026-09-17,202609,ENTR-VAS-POST-0637,ENTR-VAS-POST-0637-3,120637,VAS-RING-03,통화연결음,Y,1100,A,2023-08-01,9999-12-31,Y,N,1143,37,디지털,,2026-09-17T23:00:00,synthetic-seeder
2026-09-17,202609,ENTR-VAS-POST-0638,ENTR-VAS-POST-0638-1,120638,VAS-SAFE-01,스팸 차단,Y,3300,A,2023-08-01,9999-12-31,Y,N,1143,37,디지털,,2026-09-17T23:00:00,synthetic-seeder
2026-09-17,202609,ENTR-VAS-POST-0638,ENTR-VAS-POST-0638-2,120638,VAS-MEDIA-02,미디어팩,Y,7700,A,2023-08-01,9999-12-31,Y,N,1143,37,디지털,,2026-09-17T23:00:00,synthetic-seeder
2026-09-17,202609,ENTR-VAS-POST-0638,ENTR-VAS-POST-0638-3,120638,VAS-RING-03,통화연결음,Y,1100,A,2023-08-01,9999-12-31,Y,N,1143,37,디지털,,2026-09-17T23:00:00,synthetic-seeder
2026-09-17,202609,ENTR-VAS-POST-0639,ENTR-VAS-POST-0639-1,120639,VAS-SAFE-01,스팸 차단,Y,3300,A,2023-08-01,9999-12-31,Y,N,1143,37,디지털,,2026-09-17T23:00:00,synthetic-seeder
2026-09-17,202609,ENTR-VAS-POST-0639,ENTR-VAS-POST-0639-2,120639,VAS-MEDIA-02,미디어팩,Y,7700,A,2023-08-01,9999-12-31,Y,N,1143,37,디지털,,2026-09-17T23:00:00,synthetic-seeder
2026-09-17,202609,ENTR-VAS-POST-0639,ENTR-VAS-POST-0639-3,120639,VAS-RING-03,통화연결음,Y,1100,A,2023-08-01,9999-12-31,Y,N,1143,37,디지털,,2026-09-17T23:00:00,synthetic-seeder
2026-09-17,202609,ENTR-VAS-POST-0640,ENTR-VAS-POST-0640-1,120640,VAS-SAFE-01,스팸 차단,Y,3300,A,2023-08-01,9999-12-31,Y,N,1143,37,디지털,,2026-09-17T23:00:00,synthetic-seeder
2026-09-17,202609,ENTR-VAS-POST-0640,ENTR-VAS-POST-0640-2,120640,VAS-MEDIA-02,미디어팩,Y,7700,A,2023-08-01,9999-12-31,Y,N,1143,37,디지털,,2026-09-17T23:00:00,synthetic-seeder
2026-09-17,202609,ENTR-VAS-POST-0640,ENTR-VAS-POST-0640-3,120640,VAS-RING-03,통화연결음,Y,1100,A,2023-08-01,9999-12-31,Y,N,1143,37,디지털,,2026-09-17T23:00:00,synthetic-seeder
2026-09-17,202609,ENTR-VAS-POST-0641,ENTR-VAS-POST-0641-1,120641,VAS-SAFE-01,스팸 차단,Y,3300,A,2023-08-01,9999-12-31,Y,N,1143,37,디지털,,2026-09-17T23:00:00,synthetic-seeder
2026-09-17,202609,ENTR-VAS-POST-0641,ENTR-VAS-POST-0641-2,120641,VAS-MEDIA-02,미디어팩,Y,7700,A,2023-08-01,9999-12-31,Y,N,1143,37,디지털,,2026-09-17T23:00:00,synthetic-seeder
2026-09-17,202609,ENTR-VAS-POST-0641,ENTR-VAS-POST-0641-3,120641,VAS-RING-03,통화연결음,Y,1100,A,2023-08-01,9999-12-31,Y,N,1143,37,디지털,,2026-09-17T23:00:00,synthetic-seeder
2026-09-17,202609,ENTR-VAS-POST-0642,ENTR-VAS-POST-0642-1,120642,VAS-SAFE-01,스팸 차단,Y,3300,A,2023-08-01,9999-12-31,Y,N,1143,37,디지털,,2026-09-17T23:00:00,synthetic-seeder
2026-09-17,202609,ENTR-VAS-POST-0642,ENTR-VAS-POST-0642-2,120642,VAS-MEDIA-02,미디어팩,Y,7700,A,2023-08-01,9999-12-31,Y,N,1143,37,디지털,,2026-09-17T23:00:00,synthetic-seeder
2026-09-17,202609,ENTR-VAS-POST-0642,ENTR-VAS-POST-0642-3,120642,VAS-RING-03,통화연결음,Y,1100,A,2023-08-01,9999-12-31,Y,N,1143,37,디지털,,2026-09-17T23:00:00,synthetic-seeder
2026-09-17,202609,ENTR-VAS-POST-0643,ENTR-VAS-POST-0643-1,120643,VAS-SAFE-01,스팸 차단,Y,3300,A,2023-08-01,9999-12-31,Y,N,1143,37,디지털,,2026-09-17T23:00:00,synthetic-seeder
2026-09-17,202609,ENTR-VAS-POST-0643,ENTR-VAS-POST-0643-2,120643,VAS-MEDIA-02,미디어팩,Y,7700,A,2023-08-01,9999-12-31,Y,N,1143,37,디지털,,2026-09-17T23:00:00,synthetic-seeder
2026-09-17,202609,ENTR-VAS-POST-0643,ENTR-VAS-POST-0643-3,120643,VAS-RING-03,통화연결음,Y,1100,A,2023-08-01,9999-12-31,Y,N,1143,37,디지털,,2026-09-17T23:00:00,synthetic-seeder
2026-09-17,202609,ENTR-VAS-POST-0644,ENTR-VAS-POST-0644-1,120644,VAS-SAFE-01,스팸 차단,Y,3300,A,2023-08-01,9999-12-31,Y,N,1143,37,디지털,,2026-09-17T23:00:00,synthetic-seeder
2026-09-17,202609,ENTR-VAS-POST-0644,ENTR-VAS-POST-0644-2,120644,VAS-MEDIA-02,미디어팩,Y,7700,A,2023-08-01,9999-12-31,Y,N,1143,37,디지털,,2026-09-17T23:00:00,synthetic-seeder
2026-09-17,202609,ENTR-VAS-POST-0644,ENTR-VAS-POST-0644-3,120644,VAS-RING-03,통화연결음,Y,1100,A,2023-08-01,9999-12-31,Y,N,1143,37,디지털,,2026-09-17T23:00:00,synthetic-seeder
2026-09-17,202609,ENTR-VAS-POST-0645,ENTR-VAS-POST-0645-1,120645,VAS-SAFE-01,스팸 차단,Y,3300,A,2023-08-01,9999-12-31,Y,N,1143,37,디지털,,2026-09-17T23:00:00,synthetic-seeder
2026-09-17,202609,ENTR-VAS-POST-0645,ENTR-VAS-POST-0645-2,120645,VAS-MEDIA-02,미디어팩,Y,7700,A,2023-08-01,9999-12-31,Y,N,1143,37,디지털,,2026-09-17T23:00:00,synthetic-seeder
2026-09-17,202609,ENTR-VAS-POST-0645,ENTR-VAS-POST-0645-3,120645,VAS-RING-03,통화연결음,Y,1100,A,2023-08-01,9999-12-31,Y,N,1143,37,디지털,,2026-09-17T23:00:00,synthetic-seeder
2026-09-17,202609,ENTR-VAS-POST-0646,ENTR-VAS-POST-0646-1,120646,VAS-SAFE-01,스팸 차단,Y,3300,A,2023-08-01,9999-12-31,Y,N,1143,37,디지털,,2026-09-17T23:00:00,synthetic-seeder
2026-09-17,202609,ENTR-VAS-POST-0646,ENTR-VAS-POST-0646-2,120646,VAS-MEDIA-02,미디어팩,Y,7700,A,2023-08-01,9999-12-31,Y,N,1143,37,디지털,,2026-09-17T23:00:00,synthetic-seeder
2026-09-17,202609,ENTR-VAS-POST-0646,ENTR-VAS-POST-0646-3,120646,VAS-RING-03,통화연결음,Y,1100,A,2023-08-01,9999-12-31,Y,N,1143,37,디지털,,2026-09-17T23:00:00,synthetic-seeder
2026-09-17,202609,ENTR-VAS-POST-0647,ENTR-VAS-POST-0647-1,120647,VAS-SAFE-01,스팸 차단,Y,3300,A,2023-08-01,9999-12-31,Y,N,1143,37,디지털,,2026-09-17T23:00:00,synthetic-seeder
2026-09-17,202609,ENTR-VAS-POST-0647,ENTR-VAS-POST-0647-2,120647,VAS-MEDIA-02,미디어팩,Y,7700,A,2023-08-01,9999-12-31,Y,N,1143,37,디지털,,2026-09-17T23:00:00,synthetic-seeder
2026-09-17,202609,ENTR-VAS-POST-0647,ENTR-VAS-POST-0647-3,120647,VAS-RING-03,통화연결음,Y,1100,A,2023-08-01,9999-12-31,Y,N,1143,37,디지털,,2026-09-17T23:00:00,synthetic-seeder
2026-09-17,202609,ENTR-VAS-POST-0648,ENTR-VAS-POST-0648-1,120648,VAS-SAFE-01,스팸 차단,Y,3300,A,2023-08-01,9999-12-31,Y,N,1143,37,디지털,,2026-09-17T23:00:00,synthetic-seeder
2026-09-17,202609,ENTR-VAS-POST-0648,ENTR-VAS-POST-0648-2,120648,VAS-MEDIA-02,미디어팩,Y,7700,A,2023-08-01,9999-12-31,Y,N,1143,37,디지털,,2026-09-17T23:00:00,synthetic-seeder
2026-09-17,202609,ENTR-VAS-POST-0648,ENTR-VAS-POST-0648-3,120648,VAS-RING-03,통화연결음,Y,1100,A,2023-08-01,9999-12-31,Y,N,1143,37,디지털,,2026-09-17T23:00:00,synthetic-seeder
2026-09-17,202609,ENTR-VAS-POST-0649,ENTR-VAS-POST-0649-1,120649,VAS-SAFE-01,스팸 차단,Y,3300,A,2023-08-01,9999-12-31,Y,N,1143,37,디지털,,2026-09-17T23:00:00,synthetic-seeder
2026-09-17,202609,ENTR-VAS-POST-0649,ENTR-VAS-POST-0649-2,120649,VAS-MEDIA-02,미디어팩,Y,7700,A,2023-08-01,9999-12-31,Y,N,1143,37,디지털,,2026-09-17T23:00:00,synthetic-seeder
2026-09-17,202609,ENTR-VAS-POST-0649,ENTR-VAS-POST-0649-3,120649,VAS-RING-03,통화연결음,Y,1100,A,2023-08-01,9999-12-31,Y,N,1143,37,디지털,,2026-09-17T23:00:00,synthetic-seeder
2026-09-17,202609,ENTR-VAS-POST-0650,ENTR-VAS-POST-0650-1,120650,VAS-SAFE-01,스팸 차단,Y,3300,A,2023-08-01,9999-12-31,Y,N,1143,37,디지털,,2026-09-17T23:00:00,synthetic-seeder
2026-09-17,202609,ENTR-VAS-POST-0650,ENTR-VAS-POST-0650-2,120650,VAS-MEDIA-02,미디어팩,Y,7700,A,2023-08-01,9999-12-31,Y,N,1143,37,디지털,,2026-09-17T23:00:00,synthetic-seeder
2026-09-17,202609,ENTR-VAS-POST-0650,ENTR-VAS-POST-0650-3,120650,VAS-RING-03,통화연결음,Y,1100,A,2023-08-01,9999-12-31,Y,N,1143,37,디지털,,2026-09-17T23:00:00,synthetic-seeder
